CustomerID,TotalTransactions,TotalItems,UniqueItems,TotalQuantity,AverageQuantity,TotalSpend,AverageSpend,FirstPurchase,LastPurchase,Country,CustomerActivityDays
12346.0,1,1,1,74215.0,74215.0,0.0,18.0,2011-01-18 10:01:00,2011-01-18 10:01:00,UNITED KINGDOM,0
12347.0,7,182,103,2458.0,13.505494505494505,0.0,18.0,2010-12-07 14:57:00,2011-12-07 15:52:00,ICELAND,365
12349.0,1,73,73,631.0,8.643835616438356,300.0,300.0,2011-11-21 09:51:00,2011-11-21 09:51:00,ITALY,0
12350.0,1,17,17,197.0,11.588235294117647,40.0,40.0,2011-02-02 16:01:00,2011-02-02 16:01:00,NORWAY,0
12352.0,8,85,59,536.0,6.305882352941176,200.0,40.0,2011-02-16 12:33:00,2011-11-03 14:37:00,NORWAY,260
12353.0,1,4,4,20.0,5.0,0.0,18.0,2011-05-19 17:47:00,2011-05-19 17:47:00,BAHRAIN,0
12354.0,1,58,58,530.0,9.137931034482758,0.0,18.0,2011-04-21 13:11:00,2011-04-21 13:11:00,SPAIN,0
12355.0,1,13,13,240.0,18.46153846153846,0.0,18.0,2011-05-09 13:49:00,2011-05-09 13:49:00,BAHRAIN,0
12356.0,3,59,53,1591.0,26.966101694915253,18.0,18.0,2011-01-18 09:50:00,2011-11-17 08:40:00,PORTUGAL,302
12357.0,1,131,131,2708.0,20.671755725190838,25.0,25.0,2011-11-06 16:07:00,2011-11-06 16:07:00,SWITZERLAND,0
12358.0,2,19,13,248.0,13.052631578947368,80.0,40.0,2011-07-12 10:04:00,2011-12-08 10:26:00,AUSTRIA,149
12360.0,3,129,105,1165.0,9.031007751937985,120.0,40.0,2011-05-23 09:43:00,2011-10-18 15:22:00,AUSTRIA,148
12361.0,1,10,10,91.0,9.1,15.0,15.0,2011-02-25 13:51:00,2011-02-25 13:51:00,BELGIUM,0
12362.0,10,266,201,2229.0,8.3796992481203,153.0,15.3,2011-02-17 10:30:00,2011-12-06 15:40:00,BELGIUM,292
12363.0,2,23,23,408.0,17.73913043478261,0.0,18.0,2011-04-11 13:29:00,2011-08-22 10:18:00,UNSPECIFIED,132
12364.0,4,85,70,1506.0,17.71764705882353,60.0,15.0,2011-08-19 15:24:00,2011-12-02 10:22:00,BELGIUM,104
12370.0,1,8,8,51.0,6.375,40.0,40.0,2010-12-17 09:38:00,2010-12-17 09:38:00,AUSTRIA,0
12371.0,2,63,63,591.0,9.380952380952381,40.0,40.0,2011-10-11 10:43:00,2011-10-26 10:16:00,SWITZERLAND,14
12373.0,1,14,14,197.0,14.071428571428571,40.0,40.0,2011-02-01 13:10:00,2011-02-01 13:10:00,AUSTRIA,0
12374.0,1,33,33,342.0,10.363636363636363,40.0,40.0,2011-11-14 15:37:00,2011-11-14 15:37:00,AUSTRIA,0
12377.0,2,77,72,944.0,12.25974025974026,40.0,40.0,2010-12-20 09:37:00,2011-01-28 15:45:00,SWITZERLAND,39
12378.0,1,219,219,2529.0,11.547945205479452,0.0,18.0,2011-08-02 10:34:00,2011-08-02 10:34:00,SWITZERLAND,0
12379.0,2,40,39,407.0,10.175,30.0,15.0,2011-06-22 16:32:00,2011-09-19 10:09:00,BELGIUM,88
12380.0,4,104,77,1127.0,10.836538461538462,69.0,17.25,2011-06-07 09:49:00,2011-11-18 11:27:00,BELGIUM,164
12381.0,5,87,70,808.0,9.28735632183908,126.0,31.5,2011-08-12 09:57:00,2011-12-05 12:44:00,NORWAY,115
12383.0,5,99,84,1532.0,15.474747474747474,78.0,15.6,2010-12-22 14:28:00,2011-06-08 08:02:00,BELGIUM,167
12384.0,2,27,26,126.0,4.666666666666667,80.0,40.0,2011-08-10 11:23:00,2011-11-11 08:39:00,SWITZERLAND,92
12386.0,2,10,10,354.0,35.4,0.0,18.0,2010-12-08 09:53:00,2011-01-06 12:37:00,AUSTRALIA,29
12388.0,6,100,58,1462.0,14.62,0.0,18.0,2011-01-17 11:12:00,2011-11-24 12:30:00,AUSTRALIA,311
12390.0,1,32,32,353.0,11.03125,15.0,15.0,2011-09-21 09:33:00,2011-09-21 09:33:00,BELGIUM,0
12393.0,4,64,49,816.0,12.75,0.0,18.0,2011-01-11 09:47:00,2011-09-28 15:41:00,AUSTRALIA,260
12394.0,1,21,21,182.0,8.666666666666666,15.0,15.0,2011-05-06 14:01:00,2011-05-06 14:01:00,BELGIUM,0
12395.0,12,156,91,2118.0,13.576923076923077,189.0,15.75,2010-12-03 16:35:00,2011-11-20 15:21:00,BELGIUM,351
12397.0,2,126,110,1263.0,10.023809523809524,30.0,15.0,2011-07-27 14:21:00,2011-11-04 09:52:00,BELGIUM,99
12398.0,1,85,85,1394.0,16.4,40.0,40.0,2011-10-25 10:27:00,2011-10-25 10:27:00,SWITZERLAND,0
12399.0,4,59,47,1178.0,19.966101694915253,60.0,15.0,2011-03-23 09:42:00,2011-08-12 13:15:00,BELGIUM,142
12401.0,1,5,5,11.0,2.2,15.0,15.0,2011-02-09 13:50:00,2011-02-09 13:50:00,BELGIUM,0
12402.0,1,11,11,94.0,8.545454545454545,15.0,15.0,2011-01-20 13:49:00,2011-01-20 13:49:00,BELGIUM,0
12407.0,5,77,57,1416.0,18.38961038961039,78.0,15.6,2011-03-20 13:21:00,2011-10-21 10:11:00,BELGIUM,214
12408.0,5,105,81,1409.0,13.41904761904762,60.0,15.0,2011-03-24 14:46:00,2011-11-07 12:27:00,BELGIUM,227
12409.0,3,109,91,5551.0,50.92660550458716,0.0,18.0,2011-06-10 12:19:00,2011-09-22 10:38:00,SWITZERLAND,103
12410.0,2,26,26,211.0,8.115384615384615,40.0,40.0,2011-02-04 10:38:00,2011-02-04 10:39:00,SWITZERLAND,0
12413.0,3,38,29,286.0,7.526315789473684,36.0,18.0,2011-01-06 16:12:00,2011-10-04 09:00:00,FRANCE,270
12414.0,3,18,16,300.0,16.666666666666668,120.0,40.0,2011-02-02 14:51:00,2011-05-06 14:51:00,AUSTRIA,93
12415.0,21,716,451,77670.0,108.47765363128492,350.0,116.66666666666667,2011-01-06 11:12:00,2011-11-15 14:22:00,AUSTRALIA,313
12417.0,9,192,159,1552.0,8.083333333333334,151.0,16.77777777777778,2010-12-17 11:51:00,2011-12-06 14:52:00,BELGIUM,354
12418.0,1,34,34,407.0,11.970588235294118,0.0,18.0,2011-08-19 11:08:00,2011-08-19 11:08:00,SWITZERLAND,0
12421.0,4,45,32,484.0,10.755555555555556,112.0,28.0,2011-01-24 15:09:00,2011-11-24 09:07:00,SPAIN,303
12422.0,3,39,39,370.0,9.487179487179487,40.0,40.0,2011-01-19 09:13:00,2011-09-05 09:48:00,AUSTRALIA,229
12423.0,8,125,96,1339.0,10.712,120.0,15.0,2010-12-21 10:54:00,2011-12-09 10:10:00,BELGIUM,352
12424.0,2,30,30,740.0,24.666666666666668,0.0,18.0,2011-06-30 12:06:00,2011-06-30 12:06:00,AUSTRALIA,0
12425.0,1,36,36,496.0,13.777777777777779,0.0,18.0,2011-09-22 17:31:00,2011-09-22 17:31:00,PORTUGAL,0
12426.0,1,30,30,258.0,8.6,18.0,18.0,2011-05-29 12:26:00,2011-05-29 12:26:00,GERMANY,0
12427.0,3,31,26,533.0,17.193548387096776,54.0,18.0,2010-12-03 10:44:00,2011-11-18 08:56:00,GERMANY,349
12429.0,1,21,21,198.0,9.428571428571429,28.0,28.0,2011-04-26 11:44:00,2011-04-26 11:44:00,AUSTRIA,0
12430.0,1,11,11,117.0,10.636363636363637,40.0,40.0,2011-10-27 15:09:00,2011-10-27 15:09:00,NORWAY,0
12431.0,15,235,163,2908.0,12.374468085106383,30.0,10.0,2010-12-01 10:03:00,2011-11-04 11:55:00,AUSTRALIA,338
12432.0,5,108,107,1801.0,16.675925925925927,765.0,382.5,2011-06-20 13:27:00,2011-10-28 11:43:00,NORWAY,129
12433.0,7,420,222,11071.0,26.35952380952381,0.0,18.0,2010-12-01 13:24:00,2011-12-09 10:02:00,NORWAY,372
12434.0,2,50,46,394.0,7.88,0.0,18.0,2011-03-24 13:05:00,2011-09-16 12:38:00,AUSTRALIA,175
12436.0,1,16,16,211.0,13.1875,40.0,40.0,2011-09-01 12:09:00,2011-09-01 12:09:00,NORWAY,0
12437.0,18,200,120,2923.0,14.615,270.0,16.875,2011-01-12 14:13:00,2011-12-08 11:35:00,FRANCE,329
12438.0,2,98,85,1180.0,12.040816326530612,80.0,40.0,2011-07-22 13:29:00,2011-11-25 13:28:00,NORWAY,125
12441.0,1,11,11,121.0,11.0,18.0,18.0,2010-12-08 10:45:00,2010-12-08 10:45:00,FRANCE,0
12442.0,1,12,12,182.0,15.166666666666666,28.0,28.0,2011-12-06 14:22:00,2011-12-06 14:22:00,SPAIN,0
12444.0,5,177,138,1155.0,6.52542372881356,160.0,32.0,2011-06-21 14:00:00,2011-11-18 13:23:00,NORWAY,149
12445.0,1,4,4,62.0,15.5,28.0,28.0,2011-11-17 18:43:00,2011-11-17 18:43:00,SPAIN,0
12446.0,1,58,58,352.0,6.068965517241379,0.0,0.0,2011-10-13 12:50:00,2011-10-13 12:50:00,RSA,0
12447.0,1,26,26,190.0,7.3076923076923075,15.0,15.0,2011-04-10 13:25:00,2011-04-10 13:25:00,BELGIUM,0
12448.0,1,22,22,243.0,11.045454545454545,93.0,46.5,2011-10-26 13:46:00,2011-10-26 13:46:00,SPAIN,0
12449.0,4,191,119,1553.0,8.13089005235602,63.0,15.75,2011-06-05 15:37:00,2011-11-17 13:46:00,BELGIUM,164
12450.0,2,8,7,128.0,16.0,0.0,18.0,2011-06-19 14:36:00,2011-07-06 14:41:00,SPAIN,17
12451.0,5,354,265,6575.0,18.573446327683616,40.0,40.0,2011-01-19 09:05:00,2011-11-29 08:40:00,SWITZERLAND,313
12452.0,2,22,21,185.0,8.409090909090908,41.0,20.5,2011-11-23 08:05:00,2011-11-23 10:28:00,SWITZERLAND,0
12453.0,1,43,43,473.0,11.0,0.0,18.0,2011-07-28 14:08:00,2011-07-28 14:08:00,AUSTRIA,0
12454.0,1,15,15,1006.0,67.06666666666666,0.0,18.0,2011-10-14 17:13:00,2011-10-14 17:13:00,SPAIN,0
12455.0,4,48,44,566.0,11.791666666666666,112.0,28.0,2011-06-03 11:33:00,2011-09-27 15:31:00,SPAIN,116
12456.0,3,125,105,1633.0,13.064,120.0,40.0,2011-03-30 09:12:00,2011-10-26 14:41:00,SWITZERLAND,210
12457.0,5,61,52,778.0,12.754098360655737,120.0,30.0,2011-04-14 18:57:00,2011-09-15 14:25:00,SWITZERLAND,153
12458.0,2,38,35,506.0,13.31578947368421,80.0,40.0,2011-02-28 10:55:00,2011-09-29 15:25:00,SWITZERLAND,213
12461.0,2,35,35,287.0,8.2,40.0,40.0,2011-07-08 10:23:00,2011-09-06 16:57:00,SWITZERLAND,60
12462.0,2,62,52,536.0,8.64516129032258,56.0,28.0,2011-02-09 14:44:00,2011-11-21 09:11:00,SPAIN,284
12463.0,4,83,65,776.0,9.349397590361447,72.0,18.0,2011-04-12 12:47:00,2011-10-17 13:44:00,BELGIUM,188
12464.0,8,29,6,112.0,3.8620689655172415,105.0,15.0,2011-02-03 13:30:00,2011-11-29 13:33:00,BELGIUM,299
12465.0,2,47,46,479.0,10.191489361702128,30.0,15.0,2011-06-23 13:37:00,2011-11-22 16:34:00,BELGIUM,152
12468.0,2,38,36,366.0,9.631578947368421,36.0,18.0,2011-01-27 13:29:00,2011-06-05 11:36:00,GERMANY,128
12471.0,30,459,153,8200.0,17.864923747276688,834.0,39.714285714285715,2010-12-10 09:35:00,2011-12-07 15:43:00,GERMANY,362
12472.0,7,339,221,4148.0,12.23598820058997,126.0,18.0,2010-12-05 14:19:00,2011-11-07 14:01:00,GERMANY,336
12473.0,5,167,140,2414.0,14.455089820359282,54.0,18.0,2011-06-01 10:15:00,2011-11-10 13:46:00,GERMANY,162
12474.0,18,422,254,4833.0,11.45260663507109,288.0,18.0,2011-01-14 10:06:00,2011-11-22 14:39:00,GERMANY,312
12475.0,1,36,36,535.0,14.86111111111111,18.0,18.0,2011-10-17 10:10:00,2011-10-17 10:10:00,GERMANY,0
12476.0,11,233,178,2408.0,10.334763948497853,162.0,18.0,2010-12-13 14:39:00,2011-11-24 12:40:00,GERMANY,345
12477.0,6,300,193,3653.0,12.176666666666666,0.0,18.0,2011-02-11 12:45:00,2011-11-17 09:51:00,GERMANY,278
12478.0,1,36,36,236.0,6.555555555555555,45.0,45.0,2011-12-06 09:56:00,2011-12-06 09:56:00,GREECE,0
12479.0,1,31,31,385.0,12.419354838709678,18.0,18.0,2011-11-28 13:26:00,2011-11-28 13:26:00,GERMANY,0
12480.0,4,154,129,1707.0,11.084415584415584,72.0,18.0,2011-01-07 15:27:00,2011-11-11 14:52:00,GERMANY,307
12481.0,10,216,152,3294.0,15.25,144.0,18.0,2010-12-09 10:13:00,2011-11-17 08:29:00,GERMANY,342
12483.0,8,75,46,1110.0,14.8,236.0,33.714285714285715,2011-01-04 14:20:00,2011-11-22 17:02:00,SWEDEN,322
12484.0,6,343,257,2187.0,6.376093294460642,112.0,28.0,2011-01-07 14:04:00,2011-11-07 11:37:00,SPAIN,303
12488.0,3,55,46,529.0,9.618181818181819,18.0,18.0,2011-09-25 10:34:00,2011-11-30 08:50:00,FRANCE,65
12489.0,1,15,15,105.0,7.0,18.0,18.0,2011-01-07 13:13:00,2011-01-07 13:13:00,FRANCE,0
12490.0,10,245,132,3064.0,12.506122448979593,180.0,18.0,2011-01-14 09:13:00,2011-12-04 16:07:00,FRANCE,324
12491.0,1,26,25,260.0,10.0,18.0,18.0,2011-11-01 12:18:00,2011-11-01 12:18:00,FRANCE,0
12492.0,2,20,19,192.0,9.6,36.0,18.0,2011-08-26 14:51:00,2011-10-07 15:15:00,GERMANY,42
12493.0,2,22,20,207.0,9.409090909090908,36.0,18.0,2011-05-26 14:53:00,2011-06-27 10:17:00,FRANCE,31
12494.0,7,77,65,707.0,9.181818181818182,108.0,18.0,2010-12-09 11:31:00,2011-11-24 09:34:00,FRANCE,349
12497.0,1,14,14,1236.0,88.28571428571429,18.0,18.0,2011-09-19 12:29:00,2011-09-19 12:29:00,GERMANY,0
12498.0,3,23,21,159.0,6.913043478260869,36.0,18.0,2011-10-13 09:30:00,2011-11-18 12:53:00,GERMANY,36
12500.0,11,61,35,2678.0,43.90163934426229,165.0,16.5,2011-01-10 09:48:00,2011-11-16 16:20:00,GERMANY,310
12501.0,1,149,149,1783.0,11.966442953020135,18.0,18.0,2011-01-07 12:28:00,2011-01-07 12:28:00,GERMANY,0
12502.0,5,147,102,820.0,5.578231292517007,140.0,28.0,2011-02-03 10:41:00,2011-09-05 11:52:00,SPAIN,214
12504.0,2,9,6,90.0,10.0,18.0,18.0,2011-11-09 14:56:00,2011-11-21 16:02:00,GERMANY,12
12506.0,1,23,23,23.0,1.0,0.0,18.0,2011-04-21 08:54:00,2011-04-21 08:54:00,FRANCE,0
12507.0,3,22,19,905.0,41.13636363636363,56.0,18.666666666666668,2011-02-14 09:24:00,2011-07-28 17:09:00,SPAIN,164
12508.0,2,68,57,271.0,3.985294117647059,0.0,18.0,2011-11-10 16:27:00,2011-11-13 15:37:00,FRANCE,2
12509.0,1,7,7,55.0,7.857142857142857,18.0,18.0,2011-02-28 14:45:00,2011-02-28 14:45:00,FRANCE,0
12510.0,2,33,29,353.0,10.696969696969697,56.0,28.0,2011-01-18 14:04:00,2011-07-20 10:15:00,SPAIN,182
12512.0,2,31,31,96.0,3.096774193548387,0.0,18.0,2011-10-04 14:53:00,2011-10-04 14:55:00,ISRAEL,0
12513.0,1,35,35,462.0,13.2,18.0,18.0,2011-08-19 10:51:00,2011-08-19 10:51:00,FRANCE,0
12514.0,1,51,51,440.0,8.627450980392156,0.0,18.0,2011-03-17 16:38:00,2011-03-17 16:38:00,ITALY,0
12515.0,1,16,16,131.0,8.1875,35.0,35.0,2010-12-21 15:43:00,2010-12-21 15:43:00,ITALY,0
12516.0,2,26,20,875.0,33.65384615384615,36.0,18.0,2011-06-12 11:37:00,2011-09-23 09:13:00,GERMANY,102
12517.0,5,279,233,1361.0,4.878136200716846,54.0,18.0,2011-06-02 15:13:00,2011-11-11 14:04:00,GERMANY,161
12518.0,5,124,84,1318.0,10.629032258064516,90.0,18.0,2011-08-21 13:18:00,2011-12-09 10:13:00,GERMANY,109
12519.0,1,17,17,175.0,10.294117647058824,18.0,18.0,2011-10-07 09:26:00,2011-10-07 09:26:00,GERMANY,0
12520.0,5,152,121,1439.0,9.467105263157896,90.0,18.0,2011-03-11 11:35:00,2011-09-21 15:23:00,GERMANY,194
12521.0,1,38,38,309.0,8.131578947368421,18.0,18.0,2011-07-20 10:51:00,2011-07-20 10:51:00,GERMANY,0
12522.0,2,12,11,194.0,16.166666666666668,36.0,18.0,2011-10-19 14:41:00,2011-10-31 15:30:00,GERMANY,12
12523.0,11,106,85,865.0,8.160377358490566,97.0,19.4,2011-01-12 09:43:00,2011-11-20 12:55:00,FRANCE,312
12524.0,8,144,114,3699.0,25.6875,144.0,18.0,2011-01-10 10:35:00,2011-11-30 15:31:00,GERMANY,324
12526.0,3,71,64,632.0,8.901408450704226,54.0,18.0,2011-09-06 14:19:00,2011-12-09 12:09:00,GERMANY,93
12527.0,3,18,18,234.0,13.0,18.0,18.0,2011-01-18 12:05:00,2011-09-19 11:55:00,GERMANY,243
12528.0,6,92,51,756.0,8.217391304347826,108.0,18.0,2011-01-31 09:05:00,2011-11-30 14:40:00,GERMANY,303
12530.0,4,66,51,913.0,13.833333333333334,72.0,18.0,2011-01-07 10:04:00,2011-10-11 12:34:00,GERMANY,277
12531.0,1,17,17,45.0,2.6470588235294117,0.0,18.0,2011-11-25 11:12:00,2011-11-25 11:12:00,GERMANY,0
12532.0,1,16,16,153.0,9.5625,18.0,18.0,2011-11-09 13:47:00,2011-11-09 13:47:00,FRANCE,0
12534.0,1,63,63,651.0,10.333333333333334,18.0,18.0,2011-08-01 10:26:00,2011-08-01 10:26:00,GERMANY,0
12535.0,2,34,28,219.0,6.4411764705882355,0.0,18.0,2011-06-06 12:47:00,2011-09-09 08:48:00,FRANCE,94
12536.0,3,261,260,2803.0,10.739463601532567,0.0,18.0,2011-10-11 14:52:00,2011-10-27 14:20:00,FRANCE,15
12538.0,1,21,21,191.0,9.095238095238095,0.0,18.0,2011-11-10 17:16:00,2011-11-10 17:16:00,SPAIN,0
12539.0,4,273,157,2067.0,7.571428571428571,0.0,18.0,2011-01-10 09:11:00,2011-11-17 13:30:00,SPAIN,311
12540.0,17,478,277,6685.0,13.985355648535565,476.0,28.0,2010-12-13 09:39:00,2011-11-20 11:31:00,SPAIN,342
12541.0,3,52,47,680.0,13.076923076923077,84.0,28.0,2011-03-04 09:32:00,2011-11-10 10:40:00,SPAIN,251
12544.0,1,19,19,136.0,7.157894736842105,28.0,28.0,2011-11-03 16:15:00,2011-11-03 16:15:00,SPAIN,0
12545.0,2,50,42,523.0,10.46,56.0,28.0,2011-03-25 12:04:00,2011-09-25 13:39:00,SPAIN,184
12546.0,2,69,59,633.0,9.173913043478262,56.0,28.0,2011-09-23 09:44:00,2011-10-24 12:09:00,SPAIN,31
12547.0,2,8,7,134.0,16.75,56.0,28.0,2011-03-04 12:46:00,2011-05-26 12:38:00,SPAIN,82
12548.0,1,5,5,49.0,9.8,28.0,28.0,2011-06-26 15:35:00,2011-06-26 15:35:00,SPAIN,0
12550.0,1,57,57,569.0,9.982456140350877,28.0,28.0,2011-09-21 14:35:00,2011-09-21 14:35:00,SPAIN,0
12551.0,1,10,10,100.0,10.0,0.0,18.0,2010-12-17 11:23:00,2010-12-17 11:23:00,SPAIN,0
12552.0,2,20,20,88.0,4.4,40.0,40.0,2011-10-31 12:11:00,2011-11-01 10:02:00,ITALY,0
12553.0,10,191,97,1965.0,10.287958115183246,162.0,18.0,2011-01-14 10:42:00,2011-12-01 16:38:00,FRANCE,321
12556.0,2,119,101,355.0,2.9831932773109244,0.0,18.0,2011-07-11 13:35:00,2011-10-20 13:06:00,SPAIN,100
12557.0,5,33,20,4384.0,132.84848484848484,0.0,18.0,2010-12-03 12:20:00,2011-11-23 16:59:00,SPAIN,355
12558.0,1,11,11,196.0,17.818181818181817,0.0,18.0,2011-12-02 10:41:00,2011-12-02 10:41:00,USA,0
12559.0,2,21,21,283.0,13.476190476190476,18.0,18.0,2011-01-24 10:12:00,2011-02-02 09:49:00,GERMANY,8
12560.0,3,105,91,1110.0,10.571428571428571,36.0,18.0,2011-07-19 15:55:00,2011-12-04 13:54:00,GERMANY,137
12561.0,1,16,16,177.0,11.0625,0.0,18.0,2011-02-10 11:39:00,2011-02-10 11:39:00,GERMANY,0
12562.0,7,168,100,1779.0,10.589285714285714,126.0,18.0,2011-05-25 12:44:00,2011-12-01 17:20:00,FRANCE,190
12564.0,1,21,21,133.0,6.333333333333333,18.0,18.0,2011-03-23 14:55:00,2011-03-23 14:55:00,FRANCE,0
12565.0,1,9,9,80.0,8.88888888888889,0.0,18.0,2011-02-24 10:34:00,2011-02-24 10:34:00,SAUDI ARABIA,0
12566.0,1,19,19,265.0,13.947368421052632,18.0,18.0,2011-09-14 14:30:00,2011-09-14 14:30:00,GERMANY,0
12567.0,10,446,323,4305.0,9.652466367713005,144.0,18.0,2010-12-05 11:57:00,2011-11-17 11:02:00,FRANCE,346
12569.0,32,188,92,1801.0,9.579787234042554,558.0,18.0,2011-04-01 13:47:00,2011-12-07 16:24:00,GERMANY,250
12571.0,2,34,31,523.0,15.382352941176471,0.0,18.0,2011-08-10 12:35:00,2011-10-31 10:19:00,FRANCE,81
12572.0,2,60,53,452.0,7.533333333333333,36.0,18.0,2011-10-19 08:20:00,2011-12-01 09:20:00,GERMANY,43
12573.0,1,28,26,84.0,3.0,0.0,18.0,2011-04-26 15:52:00,2011-04-26 15:52:00,FRANCE,0
12574.0,1,11,11,61.0,5.545454545454546,18.0,18.0,2011-01-28 09:20:00,2011-01-28 09:20:00,FRANCE,0
12576.0,5,88,71,967.0,10.988636363636363,0.0,18.0,2011-02-08 11:31:00,2011-11-04 10:11:00,POLAND,268
12577.0,3,146,137,469.0,3.212328767123288,0.0,18.0,2010-12-15 16:21:00,2011-11-04 13:24:00,FRANCE,323
12578.0,2,114,111,1196.0,10.491228070175438,56.0,28.0,2011-01-13 15:34:00,2011-11-18 13:30:00,ITALY,308
12579.0,1,29,29,285.0,9.827586206896552,18.0,18.0,2011-09-22 17:15:00,2011-09-22 17:15:00,FRANCE,0
12580.0,1,24,24,238.0,9.916666666666666,18.0,18.0,2011-04-07 10:24:00,2011-04-07 10:24:00,GERMANY,0
12581.0,1,15,15,161.0,10.733333333333333,18.0,18.0,2011-10-31 08:56:00,2011-10-31 08:56:00,GERMANY,0
12583.0,15,247,117,5060.0,20.48582995951417,270.0,18.0,2010-12-01 08:45:00,2011-12-07 08:07:00,FRANCE,370
12584.0,9,96,45,416.0,4.333333333333333,28.0,28.0,2011-03-04 15:15:00,2011-12-06 09:35:00,ITALY,276
12585.0,2,87,77,1279.0,14.701149425287356,36.0,18.0,2010-12-23 12:58:00,2011-04-19 13:39:00,GERMANY,117
12586.0,1,11,11,79.0,7.181818181818182,0.0,18.0,2011-11-22 16:24:00,2011-11-22 16:24:00,ITALY,0
12589.0,2,35,29,306.0,8.742857142857142,36.0,18.0,2011-07-18 12:05:00,2011-11-11 10:19:00,FRANCE,115
12590.0,2,68,68,4283.0,62.98529411764706,523.0,523.0,2011-05-12 14:46:00,2011-05-12 14:52:00,GERMANY,0
12591.0,1,26,26,228.0,8.76923076923077,28.0,28.0,2011-01-26 14:35:00,2011-01-26 14:35:00,ITALY,0
12592.0,2,18,11,290.0,16.11111111111111,36.0,18.0,2011-05-10 13:44:00,2011-09-08 15:04:00,GERMANY,121
12593.0,3,21,14,206.0,9.80952380952381,18.0,18.0,2011-05-05 09:29:00,2011-08-23 12:43:00,FRANCE,110
12594.0,10,118,51,1777.0,15.059322033898304,102.0,25.5,2011-01-21 09:52:00,2011-11-02 12:20:00,ITALY,285
12596.0,2,27,25,474.0,17.555555555555557,56.0,28.0,2011-04-11 13:22:00,2011-10-19 13:02:00,SPAIN,190
12597.0,4,206,185,2236.0,10.854368932038835,112.0,28.0,2011-03-16 14:00:00,2011-11-20 13:33:00,SPAIN,248
12598.0,8,132,84,1964.0,14.878787878787879,90.0,18.0,2011-02-28 11:58:00,2011-11-30 12:18:00,FRANCE,275
12599.0,7,62,32,956.0,15.419354838709678,126.0,18.0,2011-02-08 13:28:00,2011-11-10 13:34:00,FRANCE,275
12600.0,10,64,32,774.0,12.09375,180.0,18.0,2010-12-03 12:57:00,2011-11-11 10:29:00,GERMANY,342
12601.0,5,28,21,245.0,8.75,90.0,18.0,2011-01-11 10:38:00,2011-06-03 10:17:00,GERMANY,142
12602.0,1,12,12,162.0,13.5,0.0,18.0,2011-10-12 11:22:00,2011-10-12 11:22:00,FRANCE,0
12603.0,1,3,3,64.0,21.333333333333332,18.0,9.0,2011-11-18 10:42:00,2011-11-18 10:42:00,GERMANY,0
12604.0,2,16,15,201.0,12.5625,18.0,18.0,2011-03-23 12:06:00,2011-09-21 14:08:00,FRANCE,182
12607.0,1,101,101,1228.0,12.158415841584159,0.0,18.0,2011-10-10 16:06:00,2011-10-10 16:06:00,USA,0
12609.0,3,60,57,648.0,10.8,54.0,18.0,2011-01-25 15:13:00,2011-09-22 16:34:00,GERMANY,240
12610.0,5,106,85,1049.0,9.89622641509434,148.0,37.0,2011-08-05 13:52:00,2011-11-17 09:34:00,ITALY,103
12611.0,1,65,65,846.0,13.015384615384615,0.0,18.0,2011-10-18 13:12:00,2011-10-18 13:12:00,ITALY,0
12612.0,1,19,19,262.0,13.789473684210526,22.0,4.4,2011-09-26 15:35:00,2011-09-26 15:35:00,GERMANY,0
12613.0,5,153,124,1644.0,10.745098039215685,72.0,18.0,2011-03-22 15:42:00,2011-10-13 14:59:00,GERMANY,204
12614.0,1,20,20,76.0,3.8,0.0,18.0,2011-03-07 10:22:00,2011-03-07 10:22:00,GERMANY,0
12615.0,4,105,82,1376.0,13.104761904761904,72.0,18.0,2011-06-24 13:35:00,2011-12-07 15:02:00,FRANCE,166
12616.0,2,32,25,284.0,8.875,36.0,18.0,2011-02-15 14:17:00,2011-09-05 15:17:00,FRANCE,202
12617.0,1,41,39,210.0,5.121951219512195,0.0,18.0,2011-11-10 14:39:00,2011-11-10 14:39:00,FRANCE,0
12618.0,1,11,11,96.0,8.727272727272727,40.0,40.0,2011-11-18 11:10:00,2011-11-18 11:10:00,ITALY,0
12619.0,9,90,50,3378.0,37.53333333333333,126.0,18.0,2011-03-31 13:10:00,2011-11-23 14:52:00,GERMANY,237
12620.0,3,92,89,1181.0,12.83695652173913,21.0,5.25,2011-05-19 12:10:00,2011-11-25 10:20:00,FRANCE,189
12621.0,20,467,265,7440.0,15.931477516059957,324.0,18.0,2010-12-09 10:16:00,2011-12-08 11:25:00,GERMANY,364
12622.0,1,11,11,69.0,6.2727272727272725,18.0,18.0,2011-04-21 16:39:00,2011-04-21 16:39:00,GERMANY,0
12623.0,1,18,18,191.0,10.61111111111111,18.0,18.0,2011-03-08 13:50:00,2011-03-08 13:50:00,GERMANY,0
12624.0,2,38,36,355.0,9.342105263157896,36.0,18.0,2011-06-15 12:34:00,2011-08-25 15:04:00,FRANCE,71
12625.0,2,86,74,1612.0,18.74418604651163,36.0,18.0,2011-01-24 13:27:00,2011-05-12 09:54:00,GERMANY,107
12626.0,9,294,233,3453.0,11.744897959183673,162.0,18.0,2011-01-17 11:01:00,2011-11-16 16:06:00,GERMANY,303
12627.0,7,230,162,2752.0,11.965217391304348,108.0,18.0,2011-07-22 13:59:00,2011-11-29 12:07:00,GERMANY,129
12628.0,3,41,34,448.0,10.926829268292684,54.0,18.0,2011-10-06 09:28:00,2011-12-05 13:15:00,GERMANY,60
12633.0,4,101,73,1162.0,11.504950495049505,72.0,18.0,2011-02-25 08:44:00,2011-10-12 11:40:00,GERMANY,229
12635.0,2,101,97,1172.0,11.603960396039604,36.0,18.0,2011-07-08 08:43:00,2011-09-11 11:04:00,GERMANY,65
12637.0,8,382,206,2994.0,7.837696335078534,54.0,18.0,2011-01-20 10:47:00,2011-10-03 13:46:00,FRANCE,256
12638.0,1,39,39,577.0,14.794871794871796,40.0,40.0,2011-11-06 13:11:00,2011-11-06 13:11:00,SWEDEN,0
12639.0,1,22,22,201.0,9.136363636363637,40.0,40.0,2011-04-15 12:48:00,2011-04-15 12:48:00,SWEDEN,0
12640.0,3,53,47,311.0,5.867924528301887,54.0,18.0,2011-09-19 12:01:00,2011-11-16 11:52:00,FRANCE,57
12641.0,1,10,10,72.0,7.2,40.0,40.0,2011-08-16 13:26:00,2011-08-16 13:26:00,SWEDEN,0
12642.0,3,47,39,552.0,11.74468085106383,54.0,18.0,2011-08-24 09:23:00,2011-11-14 15:03:00,GERMANY,82
12643.0,6,24,11,1808.0,75.33333333333333,90.0,15.0,2011-01-11 11:48:00,2011-08-03 12:56:00,FRANCE,204
12644.0,1,31,31,325.0,10.483870967741936,0.0,18.0,2011-08-02 10:33:00,2011-08-02 10:33:00,GERMANY,0
12645.0,4,73,58,1084.0,14.849315068493151,72.0,18.0,2011-01-27 13:08:00,2011-11-06 12:38:00,GERMANY,282
12646.0,2,45,43,897.0,19.933333333333334,0.0,18.0,2011-10-21 12:52:00,2011-12-05 10:14:00,USA,44
12647.0,12,122,80,1432.0,11.737704918032787,216.0,16.615384615384617,2010-12-05 14:02:00,2011-11-17 12:56:00,GERMANY,346
12648.0,1,21,21,160.0,7.619047619047619,18.0,18.0,2011-07-08 11:55:00,2011-07-08 11:55:00,GERMANY,0
12649.0,3,31,28,586.0,18.903225806451612,36.0,18.0,2011-05-11 14:37:00,2011-08-24 14:41:00,GERMANY,105
12650.0,1,20,20,254.0,12.7,18.0,18.0,2011-12-06 16:34:00,2011-12-06 16:34:00,FRANCE,0
12651.0,1,9,9,78.0,8.666666666666666,0.0,18.0,2011-01-09 12:46:00,2011-01-09 12:46:00,FRANCE,0
12652.0,1,48,48,505.0,10.520833333333334,18.0,18.0,2011-01-12 15:00:00,2011-01-12 15:00:00,FRANCE,0
12653.0,2,43,37,919.0,21.372093023255815,0.0,18.0,2011-02-16 10:53:00,2011-07-14 10:41:00,ISRAEL,147
12654.0,5,38,31,264.0,6.947368421052632,72.0,18.0,2011-02-17 13:16:00,2011-11-29 10:10:00,GERMANY,284
12656.0,5,126,89,1723.0,13.674603174603174,90.0,18.0,2011-04-20 09:20:00,2011-11-22 13:42:00,FRANCE,216
12657.0,4,47,35,1044.0,22.21276595744681,54.0,18.0,2011-09-22 11:40:00,2011-11-28 15:47:00,FRANCE,67
12658.0,1,36,36,320.0,8.88888888888889,18.0,18.0,2011-11-21 10:22:00,2011-11-21 10:22:00,GERMANY,0
12659.0,1,5,5,105.0,21.0,18.0,18.0,2011-11-10 11:53:00,2011-11-10 11:53:00,FRANCE,0
12660.0,1,13,13,127.0,9.76923076923077,18.0,18.0,2011-11-28 13:26:00,2011-11-28 13:26:00,FRANCE,0
12662.0,11,230,129,2058.0,8.947826086956521,180.0,18.0,2010-12-01 13:04:00,2011-12-09 11:59:00,GERMANY,372
12665.0,1,3,3,37.0,12.333333333333334,18.0,18.0,2011-01-19 08:34:00,2011-01-19 08:34:00,GERMANY,0
12668.0,4,161,115,1634.0,10.149068322981366,72.0,18.0,2010-12-19 12:46:00,2011-11-28 10:56:00,GERMANY,343
12669.0,3,101,97,1115.0,11.03960396039604,36.0,18.0,2011-03-28 10:15:00,2011-07-12 09:54:00,FRANCE,105
12670.0,5,92,58,1397.0,15.184782608695652,90.0,18.0,2011-04-21 10:16:00,2011-11-29 15:23:00,FRANCE,222
12672.0,1,10,10,78.0,7.8,0.0,18.0,2011-01-14 09:20:00,2011-01-14 09:20:00,FRANCE,0
12673.0,2,42,42,351.0,8.357142857142858,18.0,18.0,2011-01-17 11:46:00,2011-12-04 13:55:00,GERMANY,321
12674.0,4,83,52,1133.0,13.650602409638553,72.0,18.0,2011-05-16 09:10:00,2011-11-01 12:12:00,FRANCE,169
12676.0,6,45,33,670.0,14.88888888888889,240.0,40.0,2011-02-01 15:41:00,2011-11-15 12:25:00,SWEDEN,286
12678.0,12,165,107,10923.0,66.2,791.0,87.88888888888889,2010-12-21 11:00:00,2011-10-28 13:04:00,FRANCE,311
12679.0,4,48,43,554.0,11.541666666666666,72.0,18.0,2011-03-01 12:26:00,2011-10-12 12:30:00,FRANCE,225
12680.0,4,52,33,443.0,8.51923076923077,54.0,18.0,2011-08-18 15:44:00,2011-12-09 12:50:00,FRANCE,112
12681.0,22,638,268,7536.0,11.81191222570533,396.0,18.0,2010-12-07 10:08:00,2011-11-25 11:33:00,FRANCE,353
12682.0,31,524,216,5555.0,10.601145038167939,522.0,18.0,2010-12-03 13:59:00,2011-12-06 10:00:00,FRANCE,367
12683.0,15,344,180,4987.0,14.497093023255815,216.0,16.615384615384617,2010-12-09 10:37:00,2011-12-05 16:31:00,FRANCE,361
12684.0,7,105,61,1985.0,18.904761904761905,123.0,17.571428571428573,2011-05-10 12:55:00,2011-12-02 09:53:00,FRANCE,205
12685.0,6,157,117,1523.0,9.700636942675159,108.0,18.0,2011-09-07 10:28:00,2011-11-11 13:46:00,FRANCE,65
12686.0,1,7,7,107.0,15.285714285714286,18.0,18.0,2010-12-03 09:51:00,2010-12-03 09:51:00,FRANCE,0
12688.0,1,170,170,3020.0,17.764705882352942,190.0,95.0,2011-08-18 08:49:00,2011-08-18 08:49:00,ISRAEL,0
12689.0,2,72,57,628.0,8.722222222222221,36.0,18.0,2011-08-04 10:04:00,2011-11-14 08:31:00,FRANCE,101
12690.0,1,16,16,106.0,6.625,18.0,18.0,2011-05-18 09:09:00,2011-05-18 09:09:00,FRANCE,0
12691.0,6,32,21,394.0,12.3125,90.0,18.0,2010-12-17 14:46:00,2011-11-11 16:49:00,FRANCE,329
12693.0,4,39,35,255.0,6.538461538461538,72.0,18.0,2011-01-24 12:58:00,2011-08-04 17:51:00,GERMANY,192
12694.0,2,37,32,509.0,13.756756756756756,36.0,18.0,2011-06-09 17:48:00,2011-09-30 13:06:00,FRANCE,112
12695.0,4,27,23,220.0,8.148148148148149,0.0,18.0,2011-05-13 13:15:00,2011-12-02 13:22:00,FRANCE,203
12697.0,3,41,37,508.0,12.390243902439025,120.0,40.0,2011-06-23 15:44:00,2011-11-11 08:47:00,SWEDEN,140
12700.0,4,268,194,2967.0,11.07089552238806,72.0,18.0,2011-05-08 16:10:00,2011-12-02 10:47:00,FRANCE,207
12701.0,2,53,50,678.0,12.79245283018868,36.0,18.0,2011-04-11 13:02:00,2011-09-21 10:47:00,GERMANY,162
12702.0,1,12,12,53.0,4.416666666666667,18.0,18.0,2011-11-20 10:36:00,2011-11-20 10:36:00,GERMANY,0
12703.0,1,21,21,164.0,7.809523809523809,18.0,18.0,2011-09-29 17:52:00,2011-09-29 17:52:00,GERMANY,0
12705.0,9,334,229,3997.0,11.967065868263473,108.0,18.0,2010-12-17 15:58:00,2011-11-24 13:17:00,GERMANY,341
12707.0,1,33,33,256.0,7.757575757575758,0.0,18.0,2011-02-21 08:38:00,2011-02-21 08:38:00,FRANCE,0
12708.0,10,157,86,1307.0,8.32484076433121,180.0,18.0,2010-12-06 10:43:00,2011-11-10 09:52:00,GERMANY,338
12709.0,15,207,93,3912.0,18.89855072463768,90.0,18.0,2010-12-08 09:49:00,2011-11-24 15:38:00,GERMANY,351
12710.0,3,77,75,851.0,11.051948051948052,54.0,18.0,2011-05-22 14:05:00,2011-09-04 12:00:00,GERMANY,104
12712.0,13,133,58,1062.0,7.984962406015038,259.0,18.5,2010-12-03 14:30:00,2011-11-11 08:19:00,GERMANY,342
12713.0,1,38,38,508.0,13.368421052631579,18.0,18.0,2011-12-09 12:16:00,2011-12-09 12:16:00,GERMANY,0
12714.0,5,259,217,3069.0,11.849420849420849,90.0,18.0,2011-02-18 10:53:00,2011-11-30 15:43:00,FRANCE,285
12715.0,1,20,20,192.0,9.6,40.0,40.0,2011-08-25 15:22:00,2011-08-25 15:22:00,SWEDEN,0
12716.0,2,69,60,708.0,10.26086956521739,36.0,18.0,2011-07-29 13:28:00,2011-12-06 08:55:00,FRANCE,129
12717.0,2,55,49,506.0,9.2,100.0,50.0,2011-04-08 10:32:00,2011-07-11 14:47:00,GREECE,94
12718.0,1,19,19,203.0,10.68421052631579,18.0,18.0,2011-09-29 16:38:00,2011-09-29 16:38:00,FRANCE,0
12719.0,2,39,34,374.0,9.58974358974359,36.0,18.0,2011-10-05 14:50:00,2011-12-04 13:45:00,FRANCE,59
12720.0,25,354,217,4672.0,13.19774011299435,216.0,18.0,2010-12-05 15:21:00,2011-12-07 08:03:00,GERMANY,366
12721.0,6,161,134,1959.0,12.167701863354038,108.0,18.0,2010-12-20 11:38:00,2011-11-08 12:13:00,FRANCE,323
12722.0,4,53,50,566.0,10.679245283018869,18.0,18.0,2011-07-12 11:55:00,2011-09-15 14:50:00,FRANCE,65
12723.0,5,69,53,434.0,6.2898550724637685,18.0,18.0,2011-10-05 15:52:00,2011-12-06 10:19:00,FRANCE,61
12724.0,4,53,48,445.0,8.39622641509434,72.0,18.0,2011-01-11 15:00:00,2011-12-04 16:02:00,FRANCE,327
12725.0,1,24,24,164.0,6.833333333333333,28.0,28.0,2010-12-03 15:45:00,2010-12-03 15:45:00,ITALY,0
12726.0,7,124,57,3143.0,25.346774193548388,126.0,18.0,2010-12-17 12:56:00,2011-11-11 13:35:00,FRANCE,329
12727.0,7,139,109,2098.0,15.093525179856115,126.0,18.0,2011-01-23 15:17:00,2011-11-29 11:46:00,FRANCE,309
12728.0,4,46,38,419.0,9.108695652173912,72.0,18.0,2011-01-11 13:31:00,2011-09-29 15:31:00,FRANCE,261
12729.0,1,26,26,233.0,8.961538461538462,18.0,18.0,2011-08-18 11:40:00,2011-08-18 11:40:00,FRANCE,0
12731.0,12,274,109,8437.0,30.791970802919707,18.0,18.0,2010-12-10 10:56:00,2011-11-16 11:59:00,FRANCE,341
12732.0,1,12,12,111.0,9.25,18.0,18.0,2011-06-13 11:33:00,2011-06-13 11:33:00,FRANCE,0
12733.0,1,22,22,137.0,6.2272727272727275,0.0,18.0,2011-04-19 16:19:00,2011-04-19 16:19:00,USA,0
12734.0,1,4,4,88.0,22.0,0.0,18.0,2010-12-22 12:47:00,2010-12-22 12:47:00,FRANCE,0
12735.0,2,43,38,368.0,8.55813953488372,36.0,18.0,2011-01-06 14:26:00,2011-01-28 13:37:00,FRANCE,21
12736.0,1,4,4,173.0,43.25,18.0,18.0,2011-01-11 07:57:00,2011-01-11 07:57:00,FRANCE,0
12738.0,1,11,11,148.0,13.454545454545455,18.0,18.0,2010-12-02 18:27:00,2010-12-02 18:27:00,GERMANY,0
12739.0,2,38,38,486.0,12.789473684210526,0.0,18.0,2011-09-01 17:45:00,2011-09-22 13:00:00,UNITED ARAB EMIRATES,20
12740.0,1,27,27,342.0,12.666666666666666,0.0,18.0,2011-10-07 10:44:00,2011-10-07 10:44:00,FRANCE,0
12743.0,2,131,114,315.0,2.404580152671756,0.0,18.0,2011-07-28 16:06:00,2011-07-28 16:21:00,UNSPECIFIED,0
12744.0,7,222,179,5241.0,23.60810810810811,190.0,95.0,2011-01-25 13:26:00,2011-10-19 11:18:00,SINGAPORE,266
12747.0,11,103,43,1275.0,12.37864077669903,0.0,18.0,2010-12-05 15:38:00,2011-12-07 14:34:00,UNITED KINGDOM,366
12748.0,210,4413,1774,25288.0,5.730342170858826,500.0,35.714285714285715,2010-12-01 12:48:00,2011-12-09 12:20:00,UNITED KINGDOM,372
12749.0,5,199,162,1471.0,7.391959798994975,50.0,50.0,2011-05-10 15:25:00,2011-12-06 09:56:00,UNITED KINGDOM,209
12750.0,1,15,15,137.0,9.133333333333333,0.0,18.0,2011-08-03 09:13:00,2011-08-03 09:13:00,POLAND,0
12752.0,1,53,53,2262.0,42.679245283018865,0.0,18.0,2011-09-19 13:32:00,2011-09-19 13:32:00,NORWAY,0
12753.0,6,197,133,11421.0,57.974619289340104,0.0,18.0,2010-12-12 11:44:00,2011-11-17 10:52:00,JAPAN,339
12754.0,3,63,49,6481.0,102.87301587301587,0.0,18.0,2011-02-04 10:31:00,2011-04-18 09:00:00,JAPAN,72
12755.0,2,4,4,1491.0,372.75,0.0,18.0,2010-12-09 10:44:00,2011-03-04 12:42:00,JAPAN,85
12756.0,1,4,4,144.0,36.0,0.0,18.0,2011-09-14 09:31:00,2011-09-14 09:31:00,JAPAN,0
12757.0,13,364,239,2395.0,6.579670329670329,28.0,28.0,2011-05-12 19:01:00,2011-11-24 12:30:00,PORTUGAL,195
12758.0,2,97,84,2135.0,22.010309278350515,0.0,18.0,2011-03-08 12:05:00,2011-08-15 10:22:00,PORTUGAL,159
12759.0,3,95,81,902.0,9.494736842105263,45.0,15.0,2011-03-09 08:09:00,2011-10-18 14:49:00,NETHERLANDS,223
12762.0,2,69,62,1227.0,17.782608695652176,56.0,28.0,2011-11-14 14:23:00,2011-12-02 10:23:00,PORTUGAL,17
12763.0,2,18,16,316.0,17.555555555555557,0.0,18.0,2010-12-05 15:46:00,2011-07-24 14:12:00,JAPAN,230
12764.0,1,45,45,386.0,8.577777777777778,0.0,18.0,2011-01-27 10:19:00,2011-01-27 10:19:00,LEBANON,0
12766.0,7,310,205,3646.0,11.761290322580646,112.0,28.0,2010-12-08 13:53:00,2011-12-06 08:46:00,PORTUGAL,362
12769.0,1,32,32,356.0,11.125,0.0,18.0,2011-04-15 10:25:00,2011-04-15 10:25:00,BRAZIL,0
12770.0,1,12,12,743.0,61.916666666666664,0.0,18.0,2011-05-13 09:33:00,2011-05-13 09:33:00,JAPAN,0
12772.0,1,55,55,556.0,10.10909090909091,28.0,28.0,2011-10-11 09:19:00,2011-10-11 09:19:00,PORTUGAL,0
12775.0,5,66,48,877.0,13.287878787878787,75.0,15.0,2011-02-01 13:45:00,2011-11-22 16:33:00,NETHERLANDS,294
12778.0,6,50,40,825.0,16.5,93.0,15.5,2011-01-31 14:35:00,2011-11-20 11:30:00,NETHERLANDS,292
12779.0,8,149,88,2024.0,13.583892617449665,0.0,18.0,2010-12-03 13:40:00,2011-11-02 11:43:00,POLAND,333
12782.0,5,103,82,1086.0,10.54368932038835,140.0,28.0,2010-12-17 11:30:00,2011-12-05 09:16:00,PORTUGAL,352
12783.0,6,84,76,624.0,7.428571428571429,112.0,28.0,2011-09-25 15:35:00,2011-12-07 15:56:00,PORTUGAL,73
12784.0,2,57,54,280.0,4.912280701754386,28.0,28.0,2011-11-24 12:53:00,2011-11-30 15:38:00,PORTUGAL,6
12785.0,1,14,14,131.0,9.357142857142858,28.0,28.0,2010-12-10 13:48:00,2010-12-10 13:48:00,PORTUGAL,0
12787.0,3,20,17,261.0,13.05,45.0,15.0,2011-05-31 09:36:00,2011-11-30 08:44:00,NETHERLANDS,182
12789.0,1,4,4,4.0,1.0,15.0,15.0,2011-10-05 13:34:00,2011-10-05 13:34:00,NETHERLANDS,0
12790.0,1,21,21,166.0,7.904761904761905,15.0,15.0,2011-05-31 14:14:00,2011-05-31 14:14:00,NETHERLANDS,0
12791.0,1,2,2,97.0,48.5,15.0,15.0,2010-12-01 11:27:00,2010-12-01 11:27:00,NETHERLANDS,0
12792.0,1,25,25,217.0,8.68,28.0,28.0,2011-03-28 11:36:00,2011-03-28 11:36:00,PORTUGAL,0
12793.0,2,24,21,295.0,12.291666666666666,56.0,28.0,2010-12-03 15:14:00,2011-01-09 12:12:00,PORTUGAL,36
12794.0,2,45,43,592.0,13.155555555555555,0.0,18.0,2011-09-02 12:01:00,2011-10-17 14:54:00,PORTUGAL,45
12795.0,1,14,14,68.0,4.857142857142857,28.0,28.0,2011-11-21 10:27:00,2011-11-21 10:27:00,PORTUGAL,0
12797.0,1,13,13,118.0,9.076923076923077,28.0,28.0,2010-12-09 10:55:00,2010-12-09 10:55:00,PORTUGAL,0
12798.0,3,8,6,5256.0,657.0,0.0,18.0,2011-06-22 10:11:00,2011-11-29 15:52:00,JAPAN,160
12802.0,1,25,25,314.0,12.56,15.0,15.0,2011-06-06 09:36:00,2011-06-06 09:36:00,NETHERLANDS,0
12808.0,3,28,27,188.0,6.714285714285714,28.0,28.0,2010-12-06 10:27:00,2011-11-03 10:05:00,PORTUGAL,331
12809.0,1,25,25,220.0,8.8,28.0,28.0,2011-06-15 10:51:00,2011-06-15 10:51:00,PORTUGAL,0
12811.0,3,31,27,230.0,7.419354838709677,56.0,18.666666666666668,2011-02-28 15:39:00,2011-03-24 09:42:00,PORTUGAL,23
12812.0,1,15,15,164.0,10.933333333333334,0.0,18.0,2011-10-26 09:54:00,2011-10-26 09:54:00,JAPAN,0
12814.0,1,2,2,49.0,24.5,40.0,40.0,2011-08-30 12:11:00,2011-08-30 12:11:00,POLAND,0
12815.0,2,47,38,379.0,8.063829787234043,80.0,40.0,2011-05-25 13:34:00,2011-07-15 10:21:00,POLAND,50
12816.0,2,29,27,128.0,4.413793103448276,80.0,40.0,2011-06-16 13:24:00,2011-09-05 12:41:00,POLAND,80
12817.0,1,4,4,53.0,13.25,40.0,40.0,2011-03-03 16:28:00,2011-03-03 16:28:00,AUSTRIA,0
12818.0,1,14,14,929.0,66.35714285714286,40.0,40.0,2011-03-23 12:06:00,2011-03-23 12:06:00,AUSTRIA,0
12820.0,4,59,55,722.0,12.23728813559322,0.0,18.0,2011-01-17 12:34:00,2011-12-06 15:12:00,UNITED KINGDOM,323
12821.0,1,6,6,70.0,11.666666666666666,0.0,18.0,2011-05-09 15:51:00,2011-05-09 15:51:00,UNITED KINGDOM,0
12822.0,2,46,41,550.0,11.956521739130435,0.0,18.0,2011-09-13 13:46:00,2011-09-30 10:04:00,UNITED KINGDOM,16
12823.0,5,5,1,230.0,46.0,0.0,18.0,2011-02-16 12:15:00,2011-09-26 07:35:00,UNITED KINGDOM,221
12824.0,1,25,25,232.0,9.28,0.0,18.0,2011-10-11 12:49:00,2011-10-11 12:49:00,UNITED KINGDOM,0
12826.0,7,91,59,1058.0,11.626373626373626,0.0,18.0,2010-12-09 15:21:00,2011-12-07 10:25:00,UNITED KINGDOM,362
12827.0,3,25,19,197.0,7.88,0.0,18.0,2011-10-26 15:44:00,2011-12-04 12:17:00,UNITED KINGDOM,38
12828.0,6,56,46,494.0,8.821428571428571,1.0,1.0,2011-08-01 16:16:00,2011-12-07 08:45:00,UNITED KINGDOM,127
12829.0,2,11,9,376.0,34.18181818181818,0.0,18.0,2010-12-14 14:54:00,2011-01-07 11:13:00,UNITED KINGDOM,23
12830.0,6,38,13,9848.0,259.1578947368421,0.0,18.0,2011-06-21 10:53:00,2011-11-02 11:54:00,UNITED KINGDOM,134
12831.0,1,9,9,135.0,15.0,0.0,18.0,2011-03-22 13:02:00,2011-03-22 13:02:00,UNITED KINGDOM,0
12832.0,2,27,27,195.0,7.222222222222222,0.0,18.0,2011-09-02 13:48:00,2011-11-07 13:30:00,UNITED KINGDOM,65
12833.0,1,24,24,156.0,6.5,0.0,18.0,2011-07-17 13:46:00,2011-07-17 13:46:00,UNITED KINGDOM,0
12834.0,1,18,18,110.0,6.111111111111111,0.0,18.0,2011-03-02 09:49:00,2011-03-02 09:49:00,UNITED KINGDOM,0
12836.0,4,174,148,1062.0,6.103448275862069,0.0,18.0,2011-02-01 11:19:00,2011-10-11 15:10:00,UNITED KINGDOM,252
12837.0,1,12,12,24.0,2.0,0.0,18.0,2011-06-19 16:07:00,2011-06-19 16:07:00,UNITED KINGDOM,0
12838.0,2,120,115,355.0,2.9583333333333335,0.0,18.0,2010-12-01 11:57:00,2011-11-06 12:20:00,UNITED KINGDOM,340
12839.0,14,314,98,3807.0,12.124203821656051,0.0,18.0,2010-12-07 15:48:00,2011-12-07 12:33:00,UNITED KINGDOM,364
12840.0,4,113,67,1511.0,13.371681415929203,0.0,18.0,2011-04-27 12:21:00,2011-07-19 09:29:00,UNITED KINGDOM,82
12841.0,25,414,230,2720.0,6.570048309178744,0.0,18.0,2010-12-03 10:43:00,2011-12-05 11:13:00,UNITED KINGDOM,367
12842.0,2,34,34,547.0,16.08823529411765,65.0,65.0,2011-02-04 12:36:00,2011-09-30 15:33:00,UNITED KINGDOM,238
12843.0,8,103,69,781.0,7.58252427184466,0.0,18.0,2011-03-20 14:38:00,2011-10-05 12:09:00,UNITED KINGDOM,198
12844.0,2,52,47,125.0,2.4038461538461537,0.0,18.0,2011-08-01 13:11:00,2011-11-10 13:31:00,UNITED KINGDOM,101
12845.0,4,27,26,204.0,7.555555555555555,0.0,18.0,2011-02-22 14:10:00,2011-03-17 13:34:00,UNITED KINGDOM,22
12847.0,1,84,72,873.0,10.392857142857142,0.0,18.0,2011-11-17 13:16:00,2011-11-17 13:16:00,UNITED KINGDOM,0
12849.0,2,48,47,597.0,12.4375,0.0,18.0,2011-03-16 12:26:00,2011-11-08 13:41:00,UNITED KINGDOM,237
12851.0,1,47,43,106.0,2.25531914893617,0.0,18.0,2011-09-04 12:41:00,2011-09-04 12:41:00,UNITED KINGDOM,0
12852.0,1,17,17,149.0,8.764705882352942,0.0,18.0,2011-02-18 08:47:00,2011-02-18 08:47:00,UNITED KINGDOM,0
12853.0,6,78,66,800.0,10.256410256410257,0.0,18.0,2011-01-28 10:28:00,2011-07-28 11:29:00,UNITED KINGDOM,181
12854.0,3,109,95,626.0,5.743119266055046,0.0,18.0,2011-01-25 13:35:00,2011-09-22 12:15:00,UNITED KINGDOM,239
12855.0,1,3,3,30.0,10.0,0.0,18.0,2010-12-02 09:37:00,2010-12-02 09:37:00,UNITED KINGDOM,0
12856.0,6,311,155,1076.0,3.459807073954984,0.0,18.0,2011-10-07 12:38:00,2011-12-02 10:52:00,UNITED KINGDOM,55
12857.0,2,46,37,343.0,7.456521739130435,0.0,18.0,2011-02-10 12:32:00,2011-05-13 10:20:00,UNITED KINGDOM,91
12863.0,1,5,5,188.0,37.6,0.0,18.0,2011-10-18 14:15:00,2011-10-18 14:15:00,UNITED KINGDOM,0
12864.0,1,3,3,216.0,72.0,0.0,18.0,2011-07-24 13:03:00,2011-07-24 13:03:00,UNITED KINGDOM,0
12865.0,2,95,86,925.0,9.736842105263158,0.0,18.0,2011-08-08 10:11:00,2011-11-13 14:31:00,AUSTRIA,97
12866.0,1,26,26,171.0,6.576923076923077,15.0,15.0,2011-03-01 14:11:00,2011-03-01 14:11:00,BELGIUM,0
12867.0,7,534,247,4284.0,8.02247191011236,0.0,18.0,2010-12-14 16:39:00,2011-11-13 15:30:00,UNITED KINGDOM,333
12868.0,6,107,72,928.0,8.672897196261681,0.0,18.0,2010-12-01 12:50:00,2011-06-07 10:42:00,UNITED KINGDOM,187
12871.0,2,11,8,200.0,18.181818181818183,0.0,18.0,2011-05-16 13:32:00,2011-09-16 15:07:00,UNITED KINGDOM,123
12872.0,2,66,58,319.0,4.833333333333333,0.0,18.0,2010-12-09 14:44:00,2011-01-17 10:52:00,UNITED KINGDOM,38
12873.0,1,4,4,128.0,32.0,0.0,18.0,2011-03-02 14:58:00,2011-03-02 14:58:00,UNITED KINGDOM,0
12875.0,2,2,1,2019.0,1009.5,0.0,18.0,2010-12-12 12:03:00,2011-07-19 15:30:00,UNITED KINGDOM,219
12876.0,2,85,67,1941.0,22.83529411764706,30.0,15.0,2011-05-27 13:34:00,2011-10-13 12:26:00,BELGIUM,138
12877.0,12,154,100,1178.0,7.64935064935065,0.0,18.0,2010-12-16 12:23:00,2011-12-06 10:30:00,UNITED KINGDOM,354
12878.0,2,47,38,547.0,11.638297872340425,0.0,18.0,2011-03-18 14:02:00,2011-04-17 13:07:00,UNITED KINGDOM,29
12879.0,3,10,7,370.0,37.0,0.0,18.0,2011-09-09 12:11:00,2011-10-26 12:24:00,UNITED KINGDOM,47
12881.0,1,7,7,21.0,3.0,195.0,195.0,2011-03-09 11:44:00,2011-03-09 11:44:00,UNITED KINGDOM,0
12882.0,2,13,12,246.0,18.923076923076923,0.0,18.0,2011-11-06 11:22:00,2011-11-30 16:18:00,UNITED KINGDOM,24
12883.0,4,42,39,196.0,4.666666666666667,0.0,18.0,2011-09-11 15:18:00,2011-11-15 09:32:00,UNITED KINGDOM,64
12884.0,1,7,7,43.0,6.142857142857143,85.0,85.0,2011-09-12 13:10:00,2011-09-12 13:10:00,UNITED KINGDOM,0
12885.0,3,71,66,655.0,9.225352112676056,0.0,18.0,2011-08-08 11:45:00,2011-10-07 13:40:00,UNITED KINGDOM,60
12886.0,2,82,75,770.0,9.390243902439025,0.0,18.0,2011-05-04 11:21:00,2011-10-03 10:09:00,UNITED KINGDOM,151
12888.0,2,5,4,76.0,15.2,0.0,18.0,2011-03-29 14:31:00,2011-05-09 16:02:00,UNITED KINGDOM,41
12890.0,1,79,78,256.0,3.240506329113924,0.0,18.0,2011-11-15 17:26:00,2011-11-15 17:26:00,UNITED KINGDOM,0
12891.0,3,3,2,950.0,316.6666666666667,0.0,18.0,2011-02-20 11:28:00,2011-06-07 12:31:00,UNITED KINGDOM,107
12893.0,1,31,27,90.0,2.903225806451613,0.0,18.0,2011-11-09 12:34:00,2011-11-09 12:34:00,UNITED KINGDOM,0
12895.0,2,22,22,210.0,9.545454545454545,0.0,18.0,2011-09-14 08:35:00,2011-10-28 13:51:00,UNITED KINGDOM,44
12897.0,2,4,3,110.0,27.5,0.0,18.0,2011-02-11 11:40:00,2011-05-19 12:13:00,UNITED KINGDOM,97
12901.0,28,116,30,23075.0,198.92241379310346,0.0,18.0,2011-03-14 10:41:00,2011-12-01 10:07:00,UNITED KINGDOM,261
12902.0,1,10,10,66.0,6.6,0.0,18.0,2011-03-20 12:06:00,2011-03-20 12:06:00,UNITED KINGDOM,0
12904.0,2,71,59,294.0,4.140845070422535,0.0,18.0,2011-06-20 13:18:00,2011-11-21 14:34:00,UNITED KINGDOM,154
12906.0,5,63,55,1749.0,27.761904761904763,0.0,18.0,2011-09-22 15:03:00,2011-11-28 09:55:00,UNITED KINGDOM,66
12908.0,2,2,1,1200.0,600.0,0.0,18.0,2011-01-31 12:37:00,2011-06-16 15:39:00,UNITED KINGDOM,136
12909.0,5,91,79,1280.0,14.065934065934066,310.0,155.0,2011-03-31 12:51:00,2011-10-31 12:43:00,UNITED KINGDOM,213
12910.0,8,75,49,1692.0,22.56,0.0,18.0,2011-04-12 10:01:00,2011-11-16 14:28:00,UNITED KINGDOM,218
12912.0,5,24,17,670.0,27.916666666666668,0.0,18.0,2011-10-30 11:35:00,2011-12-07 08:55:00,UNITED KINGDOM,37
12913.0,5,50,38,1419.0,28.38,30.0,15.0,2010-12-06 16:36:00,2011-12-05 12:11:00,UNITED KINGDOM,363
12915.0,2,22,19,93.0,4.2272727272727275,0.0,18.0,2010-12-02 12:33:00,2011-07-14 11:34:00,UNITED KINGDOM,223
12916.0,4,103,55,1083.0,10.514563106796116,0.0,18.0,2011-01-23 10:43:00,2011-07-24 10:35:00,UNITED KINGDOM,181
12917.0,1,2,2,120.0,60.0,0.0,18.0,2011-08-03 16:42:00,2011-08-03 16:42:00,UNITED KINGDOM,0
12919.0,6,50,34,673.0,13.46,0.0,18.0,2011-06-23 09:22:00,2011-12-01 13:47:00,UNITED KINGDOM,161
12920.0,1,27,27,128.0,4.7407407407407405,0.0,18.0,2011-11-22 15:05:00,2011-11-22 15:05:00,UNITED KINGDOM,0
12921.0,37,720,246,9526.0,13.230555555555556,0.0,18.0,2010-12-01 15:06:00,2011-11-30 16:22:00,UNITED KINGDOM,364
12922.0,1,28,28,370.0,13.214285714285714,0.0,18.0,2011-07-01 15:35:00,2011-07-01 15:35:00,UNITED KINGDOM,0
12923.0,1,28,28,68.0,2.4285714285714284,0.0,18.0,2011-10-06 16:20:00,2011-10-06 16:20:00,UNITED KINGDOM,0
12924.0,4,30,22,481.0,16.033333333333335,0.0,18.0,2011-01-16 11:49:00,2011-09-12 13:55:00,UNITED KINGDOM,239
12925.0,2,45,42,541.0,12.022222222222222,15.0,15.0,2011-09-26 11:05:00,2011-12-05 11:11:00,UNITED KINGDOM,70
12928.0,5,84,61,1472.0,17.523809523809526,0.0,18.0,2010-12-15 15:45:00,2011-11-04 14:24:00,UNITED KINGDOM,323
12929.0,1,8,8,37.0,4.625,0.0,18.0,2011-02-01 12:08:00,2011-02-01 12:08:00,UNITED KINGDOM,0
12930.0,2,25,20,252.0,10.08,0.0,18.0,2011-06-21 13:25:00,2011-09-22 15:18:00,UNITED KINGDOM,93
12931.0,15,82,30,28004.0,341.5121951219512,0.0,18.0,2010-12-17 09:45:00,2011-11-18 12:39:00,UNITED KINGDOM,336
12933.0,3,106,102,499.0,4.7075471698113205,0.0,18.0,2011-03-01 11:30:00,2011-11-15 16:38:00,UNITED KINGDOM,259
12935.0,7,129,80,1853.0,14.364341085271318,0.0,18.0,2011-01-24 13:58:00,2011-12-07 17:25:00,UNITED KINGDOM,317
12936.0,4,62,56,559.0,9.016129032258064,0.0,18.0,2011-09-22 13:51:00,2011-11-22 17:32:00,UNITED KINGDOM,61
12937.0,4,120,81,1007.0,8.391666666666667,0.0,18.0,2011-03-17 14:19:00,2011-11-24 15:05:00,UNITED KINGDOM,252
12938.0,1,9,9,140.0,15.555555555555555,0.0,18.0,2011-11-14 11:21:00,2011-11-14 11:21:00,UNITED KINGDOM,0
12939.0,8,47,24,4876.0,103.74468085106383,0.0,18.0,2011-01-09 11:20:00,2011-10-06 14:33:00,UNITED KINGDOM,270
12940.0,2,96,87,404.0,4.208333333333333,0.0,18.0,2011-09-13 10:16:00,2011-10-16 12:09:00,UNITED KINGDOM,33
12942.0,3,70,68,198.0,2.8285714285714287,0.0,18.0,2010-12-09 09:34:00,2011-07-31 14:39:00,UNITED KINGDOM,234
12944.0,2,30,29,289.0,9.633333333333333,0.0,18.0,2010-12-20 10:41:00,2011-11-04 11:04:00,UNITED KINGDOM,319
12945.0,1,23,23,165.0,7.173913043478261,0.0,18.0,2011-02-24 14:15:00,2011-02-24 14:15:00,UNITED KINGDOM,0
12947.0,6,97,83,1165.0,12.010309278350515,65.0,65.0,2010-12-01 16:21:00,2011-07-19 10:06:00,UNITED KINGDOM,229
12948.0,7,116,82,1080.0,9.310344827586206,0.0,18.0,2011-03-20 10:17:00,2011-11-23 17:10:00,UNITED KINGDOM,248
12949.0,8,215,168,2381.0,11.074418604651163,1.0,1.0,2011-04-01 13:20:00,2011-11-09 11:25:00,UNITED KINGDOM,221
12950.0,3,23,13,1380.0,60.0,0.0,18.0,2011-11-15 13:48:00,2011-12-07 13:17:00,UNITED KINGDOM,21
12951.0,6,63,54,503.0,7.984126984126984,0.0,18.0,2011-01-13 10:33:00,2011-12-01 12:14:00,UNITED KINGDOM,322
12952.0,4,79,64,653.0,8.265822784810126,0.0,18.0,2011-09-22 16:37:00,2011-12-04 10:35:00,UNITED KINGDOM,72
12953.0,1,17,17,84.0,4.9411764705882355,25.0,25.0,2011-11-30 09:24:00,2011-11-30 09:24:00,UNITED KINGDOM,0
12955.0,11,180,82,3664.0,20.355555555555554,0.0,18.0,2011-03-17 09:03:00,2011-12-08 16:29:00,UNITED KINGDOM,266
12956.0,1,19,19,34.0,1.7894736842105263,0.0,18.0,2011-02-06 16:08:00,2011-02-06 16:08:00,UNITED KINGDOM,0
12957.0,8,238,208,2549.0,10.710084033613445,0.0,18.0,2011-01-04 12:18:00,2011-11-30 09:53:00,UNITED KINGDOM,329
12962.0,2,16,15,129.0,8.0625,0.0,18.0,2011-08-18 13:38:00,2011-12-02 15:55:00,UNITED KINGDOM,106
12963.0,8,95,75,881.0,9.273684210526316,0.0,18.0,2010-12-09 09:14:00,2011-12-01 12:55:00,UNITED KINGDOM,357
12965.0,1,108,107,282.0,2.611111111111111,0.0,18.0,2011-09-11 15:31:00,2011-09-11 15:31:00,UNITED KINGDOM,0
12966.0,1,10,10,75.0,7.5,0.0,18.0,2011-11-30 12:38:00,2011-11-30 12:38:00,UNITED KINGDOM,0
12967.0,2,19,19,438.0,23.05263157894737,0.0,18.0,2010-12-03 09:49:00,2010-12-16 19:10:00,UNITED KINGDOM,13
12968.0,1,5,5,73.0,14.6,0.0,18.0,2011-08-19 15:44:00,2011-08-19 15:44:00,UNITED KINGDOM,0
12970.0,4,129,116,268.0,2.0775193798449614,0.0,18.0,2011-01-21 14:04:00,2011-12-02 14:30:00,UNITED KINGDOM,315
12971.0,86,305,96,9289.0,30.455737704918032,0.0,18.0,2010-12-02 16:42:00,2011-12-06 12:20:00,UNITED KINGDOM,368
12974.0,1,8,8,24.0,3.0,0.0,18.0,2011-05-26 09:33:00,2011-05-26 09:33:00,UNITED KINGDOM,0
12976.0,1,22,22,561.0,25.5,0.0,18.0,2011-05-12 09:55:00,2011-05-12 09:55:00,UNITED KINGDOM,0
12977.0,1,9,9,12.0,1.3333333333333333,20.0,20.0,2011-07-06 16:40:00,2011-07-06 16:40:00,UNITED KINGDOM,0
12980.0,9,20,6,886.0,44.3,0.0,18.0,2010-12-16 11:36:00,2011-07-05 09:34:00,UNITED KINGDOM,200
12981.0,2,20,14,242.0,12.1,0.0,18.0,2011-07-29 14:14:00,2011-11-10 12:00:00,UNITED KINGDOM,103
12982.0,1,28,28,288.0,10.285714285714286,0.0,18.0,2011-04-11 11:51:00,2011-04-11 11:51:00,UNITED KINGDOM,0
12984.0,1,4,4,26.0,6.5,0.0,18.0,2011-11-21 12:37:00,2011-11-21 12:37:00,UNITED KINGDOM,0
12985.0,2,76,73,1533.0,20.17105263157895,0.0,18.0,2011-11-11 12:44:00,2011-12-09 10:46:00,UNITED KINGDOM,27
12987.0,2,28,27,219.0,7.821428571428571,0.0,18.0,2011-05-26 12:00:00,2011-09-27 12:03:00,UNITED KINGDOM,124
12988.0,1,83,75,126.0,1.5180722891566265,0.0,18.0,2011-02-20 14:31:00,2011-02-20 14:31:00,UNITED KINGDOM,0
12989.0,15,64,41,2943.0,45.984375,0.0,18.0,2010-12-10 13:24:00,2011-12-06 15:28:00,UNITED KINGDOM,361
12990.0,3,13,8,200.0,15.384615384615385,0.0,18.0,2011-02-02 15:39:00,2011-11-08 13:01:00,UNITED KINGDOM,278
12991.0,2,31,31,405.0,13.064516129032258,0.0,18.0,2011-08-19 14:39:00,2011-11-16 15:34:00,UNITED KINGDOM,89
12993.0,4,27,26,240.0,8.88888888888889,0.0,18.0,2011-02-14 14:29:00,2011-11-16 15:49:00,UNITED KINGDOM,275
12994.0,3,61,52,459.0,7.524590163934426,0.0,18.0,2011-03-16 08:31:00,2011-12-05 15:43:00,UNITED KINGDOM,264
12995.0,1,3,3,108.0,36.0,0.0,18.0,2011-09-15 15:44:00,2011-09-15 15:44:00,UNITED KINGDOM,0
12997.0,4,59,46,664.0,11.254237288135593,0.0,18.0,2011-01-26 15:49:00,2011-11-17 15:47:00,UNITED KINGDOM,294
12999.0,3,28,25,342.0,12.214285714285714,0.0,18.0,2011-04-08 10:26:00,2011-05-27 13:24:00,UNITED KINGDOM,49
13000.0,3,31,30,379.0,12.225806451612904,0.0,18.0,2010-12-10 10:26:00,2011-08-25 10:43:00,UNITED KINGDOM,258
13001.0,13,337,167,5490.0,16.29080118694362,0.0,18.0,2011-01-17 12:45:00,2011-12-05 14:51:00,UNITED KINGDOM,322
13002.0,1,7,7,73.0,10.428571428571429,0.0,18.0,2011-01-25 15:18:00,2011-01-25 15:18:00,UNITED KINGDOM,0
13003.0,3,6,4,103.0,17.166666666666668,0.0,18.0,2011-05-09 08:23:00,2011-08-26 10:50:00,UNITED KINGDOM,109
13004.0,18,404,281,4822.0,11.935643564356436,0.0,18.0,2010-12-17 08:20:00,2011-11-28 11:27:00,UNITED KINGDOM,346
13005.0,2,26,21,172.0,6.615384615384615,0.0,18.0,2011-04-07 13:32:00,2011-06-19 10:53:00,UNITED KINGDOM,72
13006.0,1,4,4,55.0,13.75,0.0,18.0,2011-10-14 13:49:00,2011-10-14 13:49:00,UNITED KINGDOM,0
13008.0,1,14,14,175.0,12.5,0.0,18.0,2011-01-20 14:24:00,2011-01-20 14:24:00,UNITED KINGDOM,0
13011.0,1,3,3,13.0,4.333333333333333,0.0,18.0,2010-12-02 17:22:00,2010-12-02 17:22:00,UNITED KINGDOM,0
13012.0,8,88,67,820.0,9.318181818181818,0.0,18.0,2011-02-18 09:43:00,2011-11-30 13:05:00,UNITED KINGDOM,285
13013.0,13,219,155,2224.0,10.155251141552512,0.0,18.0,2010-12-03 12:28:00,2011-12-08 15:01:00,UNITED KINGDOM,370
13014.0,10,110,68,907.0,8.245454545454546,0.0,0.0,2011-03-03 18:28:00,2011-11-29 12:27:00,UNITED KINGDOM,270
13015.0,5,175,156,1609.0,9.194285714285714,295.0,295.0,2011-04-04 14:28:00,2011-10-17 13:19:00,UNITED KINGDOM,195
13016.0,3,47,39,527.0,11.212765957446809,0.0,18.0,2011-08-08 15:00:00,2011-09-27 14:08:00,UNITED KINGDOM,49
13017.0,1,1,1,48.0,48.0,0.0,18.0,2011-12-02 15:53:00,2011-12-02 15:53:00,UNITED KINGDOM,0
13018.0,28,458,316,5435.0,11.866812227074236,0.0,18.0,2011-02-17 11:05:00,2011-11-23 13:28:00,UNITED KINGDOM,279
13021.0,9,131,101,1352.0,10.320610687022901,0.0,18.0,2010-12-16 10:12:00,2011-12-05 16:37:00,UNITED KINGDOM,354
13023.0,2,40,36,286.0,7.15,30.0,15.0,2011-08-02 09:34:00,2011-10-06 16:27:00,UNITED KINGDOM,65
13026.0,5,40,32,1620.0,40.5,0.0,18.0,2011-03-09 11:35:00,2011-12-08 16:58:00,UNITED KINGDOM,274
13027.0,6,26,6,17280.0,664.6153846153846,0.0,18.0,2010-12-20 12:45:00,2011-08-18 09:39:00,UNITED KINGDOM,240
13028.0,2,45,40,798.0,17.733333333333334,0.0,18.0,2011-10-25 14:09:00,2011-11-17 11:10:00,UNITED KINGDOM,22
13029.0,3,10,8,134.0,13.4,0.0,18.0,2010-12-21 13:53:00,2011-11-09 09:13:00,UNITED KINGDOM,322
13030.0,2,92,76,348.0,3.782608695652174,0.0,18.0,2010-12-06 14:31:00,2011-11-28 14:30:00,UNITED KINGDOM,356
13032.0,2,71,55,375.0,5.28169014084507,0.0,18.0,2011-09-13 16:40:00,2011-10-18 15:54:00,UNITED KINGDOM,34
13033.0,1,11,11,83.0,7.545454545454546,0.0,18.0,2010-12-17 14:23:00,2010-12-17 14:23:00,UNITED KINGDOM,0
13034.0,2,37,37,369.0,9.972972972972974,0.0,18.0,2010-12-05 14:52:00,2011-10-16 12:21:00,UNITED KINGDOM,314
13035.0,2,27,23,644.0,23.85185185185185,0.0,18.0,2011-03-24 09:21:00,2011-09-27 08:57:00,UNITED KINGDOM,186
13037.0,3,48,44,431.0,8.979166666666666,0.0,18.0,2011-03-28 15:42:00,2011-07-24 15:46:00,UNITED KINGDOM,118
13038.0,3,28,24,360.0,12.857142857142858,0.0,18.0,2011-02-22 11:43:00,2011-09-20 14:37:00,UNITED KINGDOM,210
13040.0,2,43,38,355.0,8.255813953488373,0.0,18.0,2011-11-06 13:53:00,2011-12-01 10:38:00,UNITED KINGDOM,24
13043.0,1,13,13,254.0,19.53846153846154,0.0,18.0,2011-03-11 14:52:00,2011-03-11 14:52:00,UNITED KINGDOM,0
13044.0,1,33,33,429.0,13.0,0.0,18.0,2011-02-21 15:20:00,2011-02-21 15:20:00,UNITED KINGDOM,0
13045.0,1,18,18,221.0,12.277777777777779,0.0,18.0,2011-09-01 15:04:00,2011-09-01 15:04:00,UNITED KINGDOM,0
13046.0,2,34,32,256.0,7.529411764705882,85.0,85.0,2011-03-18 15:43:00,2011-11-09 08:36:00,UNITED KINGDOM,235
13047.0,10,172,106,1391.0,8.087209302325581,0.0,18.0,2010-12-01 08:34:00,2011-11-08 12:06:00,UNITED KINGDOM,342
13048.0,4,135,78,1228.0,9.096296296296297,0.0,18.0,2011-01-16 14:36:00,2011-11-25 13:23:00,UNITED KINGDOM,312
13049.0,2,14,14,268.0,19.142857142857142,0.0,18.0,2011-01-25 16:33:00,2011-10-06 15:31:00,UNITED KINGDOM,253
13050.0,17,403,248,3748.0,9.300248138957816,0.0,18.0,2010-12-08 09:30:00,2011-11-25 09:18:00,UNITED KINGDOM,351
13052.0,1,18,18,222.0,12.333333333333334,0.0,18.0,2011-05-11 14:12:00,2011-05-11 14:12:00,UNITED KINGDOM,0
13055.0,3,76,75,894.0,11.763157894736842,0.0,18.0,2011-05-10 08:58:00,2011-09-22 14:26:00,UNITED KINGDOM,135
13058.0,3,8,5,52.0,6.5,0.0,18.0,2011-07-11 12:01:00,2011-11-15 12:43:00,UNITED KINGDOM,127
13059.0,1,8,8,35.0,4.375,0.0,18.0,2011-04-04 10:40:00,2011-04-04 10:40:00,UNITED KINGDOM,0
13060.0,1,15,15,123.0,8.2,0.0,18.0,2011-03-31 11:37:00,2011-03-31 11:37:00,UNITED KINGDOM,0
13061.0,1,10,9,107.0,10.7,0.0,18.0,2011-09-28 16:04:00,2011-09-28 16:04:00,UNITED KINGDOM,0
13062.0,1,11,11,343.0,31.181818181818183,15.0,15.0,2011-06-01 15:12:00,2011-06-01 15:12:00,UNITED KINGDOM,0
13064.0,4,68,50,514.0,7.5588235294117645,0.0,18.0,2011-01-16 13:41:00,2011-11-27 12:31:00,UNITED KINGDOM,314
13065.0,1,14,14,74.0,5.285714285714286,0.0,18.0,2010-12-01 16:52:00,2010-12-01 16:52:00,UNITED KINGDOM,0
13066.0,2,48,48,322.0,6.708333333333333,0.0,18.0,2011-11-07 17:06:00,2011-11-15 12:57:00,UNITED KINGDOM,7
13067.0,1,15,14,32.0,2.1333333333333333,0.0,18.0,2011-09-18 13:38:00,2011-09-18 13:38:00,UNITED KINGDOM,0
13068.0,2,2,1,200.0,100.0,0.0,18.0,2011-01-24 08:20:00,2011-11-29 15:00:00,UNITED KINGDOM,309
13069.0,24,424,283,5873.0,13.851415094339623,0.0,18.0,2010-12-05 11:02:00,2011-12-09 08:39:00,UNITED KINGDOM,368
13070.0,1,9,9,110.0,12.222222222222221,0.0,18.0,2011-05-31 13:45:00,2011-05-31 13:45:00,UNITED KINGDOM,0
13072.0,1,7,7,69.0,9.857142857142858,0.0,18.0,2011-03-18 08:12:00,2011-03-18 08:12:00,UNITED KINGDOM,0
13075.0,1,22,22,485.0,22.045454545454547,0.0,18.0,2011-08-02 10:19:00,2011-08-02 10:19:00,UNITED KINGDOM,0
13077.0,4,111,99,862.0,7.7657657657657655,0.0,18.0,2010-12-08 14:59:00,2011-12-08 19:24:00,UNITED KINGDOM,365
13078.0,26,358,96,5630.0,15.726256983240223,0.0,18.0,2010-12-08 09:07:00,2011-12-06 15:36:00,UNITED KINGDOM,363
13079.0,5,6,2,62.0,10.333333333333334,0.0,18.0,2011-07-22 14:41:00,2011-12-05 16:53:00,UNITED KINGDOM,136
13080.0,1,6,6,120.0,20.0,0.0,18.0,2011-06-13 14:59:00,2011-06-13 14:59:00,UNITED KINGDOM,0
13081.0,11,1028,509,19160.0,18.638132295719846,0.0,0.0,2010-12-03 17:20:00,2011-11-28 10:54:00,UNITED KINGDOM,359
13082.0,9,73,64,4324.0,59.23287671232877,0.0,18.0,2011-01-05 15:42:00,2011-08-05 16:16:00,UNITED KINGDOM,212
13083.0,2,18,15,187.0,10.38888888888889,0.0,18.0,2011-09-25 10:46:00,2011-12-05 15:01:00,UNITED KINGDOM,71
13085.0,2,22,17,216.0,9.818181818181818,0.0,18.0,2011-02-17 13:57:00,2011-07-05 12:11:00,UNITED KINGDOM,137
13089.0,97,1814,662,31025.0,17.10308710033076,0.0,18.0,2010-12-05 10:27:00,2011-12-07 09:02:00,UNITED KINGDOM,366
13090.0,14,155,98,2263.0,14.6,15.0,15.0,2010-12-02 07:48:00,2011-12-01 12:39:00,UNITED KINGDOM,364
13091.0,1,21,21,466.0,22.19047619047619,0.0,18.0,2011-11-11 15:54:00,2011-11-11 15:54:00,UNITED KINGDOM,0
13092.0,5,25,19,279.0,11.16,0.0,18.0,2010-12-15 12:27:00,2011-09-30 11:18:00,UNITED KINGDOM,288
13093.0,8,159,98,3961.0,24.91194968553459,0.0,18.0,2010-12-01 15:00:00,2011-03-09 12:14:00,UNITED KINGDOM,97
13094.0,12,24,5,1716.0,71.5,0.0,18.0,2010-12-06 10:34:00,2011-11-18 14:07:00,UNITED KINGDOM,347
13095.0,1,6,6,144.0,24.0,0.0,18.0,2011-09-30 12:03:00,2011-09-30 12:03:00,UNITED KINGDOM,0
13097.0,10,421,213,2360.0,5.605700712589074,0.0,18.0,2010-12-14 15:13:00,2011-11-07 10:43:00,UNITED KINGDOM,327
13098.0,28,572,162,15968.0,27.916083916083917,0.0,18.0,2011-01-26 13:46:00,2011-12-08 14:14:00,UNITED KINGDOM,316
13099.0,1,1,1,288.0,288.0,0.0,18.0,2011-09-01 17:40:00,2011-09-01 17:40:00,UNITED KINGDOM,0
13101.0,1,8,8,113.0,14.125,0.0,18.0,2011-04-19 14:37:00,2011-04-19 14:37:00,UNITED KINGDOM,0
13102.0,24,304,141,4204.0,13.828947368421053,0.0,18.0,2010-12-09 13:38:00,2011-12-08 12:52:00,UNITED KINGDOM,363
13103.0,1,8,8,82.0,10.25,0.0,18.0,2011-10-31 09:38:00,2011-10-31 09:38:00,UNITED KINGDOM,0
13104.0,6,20,14,504.0,25.2,0.0,18.0,2010-12-20 11:58:00,2011-12-06 13:10:00,UNITED KINGDOM,351
13106.0,1,1,1,18.0,18.0,0.0,18.0,2011-07-29 15:12:00,2011-07-29 15:12:00,UNITED KINGDOM,0
13107.0,4,58,54,1293.0,22.29310344827586,0.0,18.0,2011-01-10 12:28:00,2011-10-26 14:52:00,UNITED KINGDOM,289
13108.0,1,10,10,298.0,29.8,0.0,18.0,2010-12-02 10:35:00,2010-12-02 10:35:00,UNITED KINGDOM,0
13109.0,2,47,41,520.0,11.063829787234043,0.0,18.0,2011-07-05 14:56:00,2011-10-11 10:16:00,UNITED KINGDOM,97
13110.0,7,145,110,388.0,2.6758620689655173,0.0,18.0,2011-02-01 15:24:00,2011-11-08 14:30:00,UNITED KINGDOM,279
13113.0,24,201,95,3050.0,15.17412935323383,0.0,0.0,2010-12-08 13:21:00,2011-12-09 12:49:00,UNITED KINGDOM,365
13115.0,4,120,89,1567.0,13.058333333333334,0.0,18.0,2011-06-08 16:15:00,2011-11-28 12:38:00,UNITED KINGDOM,172
13116.0,1,30,30,291.0,9.7,0.0,18.0,2011-07-24 14:33:00,2011-07-24 14:33:00,UNITED KINGDOM,0
13117.0,8,76,66,945.0,12.43421052631579,0.0,18.0,2010-12-02 13:11:00,2011-11-18 12:02:00,UNITED KINGDOM,350
13118.0,5,79,67,410.0,5.189873417721519,25.0,25.0,2011-02-24 12:32:00,2011-11-20 12:46:00,UNITED KINGDOM,269
13120.0,1,1,1,12.0,12.0,0.0,18.0,2011-04-15 10:19:00,2011-04-15 10:19:00,UNITED KINGDOM,0
13121.0,1,50,50,252.0,5.04,0.0,18.0,2011-03-15 16:47:00,2011-03-15 16:47:00,UNITED KINGDOM,0
13122.0,2,55,54,585.0,10.636363636363637,0.0,18.0,2011-04-13 14:12:00,2011-09-06 15:53:00,UNITED KINGDOM,146
13124.0,3,222,186,2119.0,9.545045045045045,0.0,18.0,2010-12-15 15:00:00,2011-09-11 12:45:00,UNITED KINGDOM,269
13126.0,8,140,124,2143.0,15.307142857142857,0.0,18.0,2010-12-08 11:42:00,2011-12-05 10:00:00,UNITED KINGDOM,361
13127.0,1,15,15,127.0,8.466666666666667,0.0,18.0,2011-09-23 10:26:00,2011-09-23 10:26:00,UNITED KINGDOM,0
13130.0,1,2,2,32.0,16.0,0.0,18.0,2011-09-06 15:30:00,2011-09-06 15:30:00,UNITED KINGDOM,0
13131.0,3,44,30,447.0,10.159090909090908,0.0,18.0,2011-06-05 10:54:00,2011-11-16 13:21:00,UNITED KINGDOM,164
13132.0,1,3,3,20.0,6.666666666666667,0.0,18.0,2011-03-23 12:44:00,2011-03-23 12:44:00,UNITED KINGDOM,0
13133.0,2,7,7,32.0,4.571428571428571,0.0,18.0,2011-02-08 15:48:00,2011-03-11 10:31:00,UNITED KINGDOM,30
13134.0,4,98,94,1059.0,10.806122448979592,0.0,18.0,2011-04-13 12:57:00,2011-09-15 10:35:00,UNITED KINGDOM,154
13135.0,1,1,1,4300.0,4300.0,0.0,18.0,2011-05-27 10:52:00,2011-05-27 10:52:00,UNITED KINGDOM,0
13136.0,5,127,97,1328.0,10.456692913385826,0.0,18.0,2011-05-11 12:47:00,2011-10-14 13:41:00,UNITED KINGDOM,156
13137.0,8,687,350,2204.0,3.2081513828238717,0.0,18.0,2011-02-04 11:54:00,2011-11-29 12:09:00,UNITED KINGDOM,298
13138.0,6,63,31,473.0,7.507936507936508,0.0,18.0,2010-12-02 15:03:00,2011-11-17 16:51:00,UNITED KINGDOM,350
13139.0,7,170,133,2425.0,14.264705882352942,0.0,18.0,2011-03-25 11:57:00,2011-11-23 13:54:00,UNITED KINGDOM,243
13140.0,3,45,40,185.0,4.111111111111111,0.0,18.0,2010-12-08 15:12:00,2011-08-23 15:33:00,UNITED KINGDOM,258
13141.0,5,135,113,1548.0,11.466666666666667,0.0,18.0,2011-01-28 13:04:00,2011-09-16 09:54:00,UNITED KINGDOM,230
13142.0,1,23,23,258.0,11.217391304347826,0.0,18.0,2011-11-20 16:07:00,2011-11-20 16:07:00,UNITED KINGDOM,0
13144.0,1,3,3,21.0,7.0,0.0,18.0,2011-01-11 11:15:00,2011-01-11 11:15:00,UNITED KINGDOM,0
13145.0,4,6,5,145.0,24.166666666666668,295.0,295.0,2010-12-02 18:06:00,2011-10-31 12:45:00,UNITED KINGDOM,332
13146.0,1,17,16,154.0,9.058823529411764,0.0,18.0,2011-11-13 15:29:00,2011-11-13 15:29:00,UNITED KINGDOM,0
13147.0,4,4,1,144.0,36.0,0.0,18.0,2011-09-01 12:28:00,2011-11-29 13:59:00,UNITED KINGDOM,89
13148.0,12,312,229,1965.0,6.298076923076923,0.0,18.0,2010-12-10 13:06:00,2011-11-10 15:23:00,UNITED KINGDOM,335
13149.0,4,86,75,1280.0,14.883720930232558,1.0,1.0,2011-02-23 13:57:00,2011-11-25 13:09:00,UNITED KINGDOM,274
13151.0,1,74,73,363.0,4.905405405405405,0.0,18.0,2011-02-17 12:29:00,2011-02-17 12:29:00,UNITED KINGDOM,0
13153.0,1,15,15,418.0,27.866666666666667,0.0,18.0,2011-12-04 12:14:00,2011-12-04 12:14:00,UNITED KINGDOM,0
13155.0,4,85,67,497.0,5.847058823529411,0.0,18.0,2010-12-06 12:44:00,2011-11-06 15:41:00,UNITED KINGDOM,335
13157.0,4,87,70,1439.0,16.54022988505747,0.0,18.0,2011-02-14 14:03:00,2011-10-21 13:50:00,UNITED KINGDOM,248
13158.0,4,79,60,784.0,9.924050632911392,0.0,18.0,2011-01-25 09:58:00,2011-09-06 11:58:00,UNITED KINGDOM,224
13159.0,4,120,113,1058.0,8.816666666666666,0.0,18.0,2011-08-16 11:44:00,2011-12-01 11:20:00,UNITED KINGDOM,106
13160.0,1,4,4,56.0,14.0,0.0,18.0,2011-11-17 13:07:00,2011-11-17 13:07:00,UNITED KINGDOM,0
13161.0,1,8,8,29.0,3.625,0.0,18.0,2011-01-30 14:03:00,2011-01-30 14:03:00,UNITED KINGDOM,0
13162.0,4,78,73,1693.0,21.705128205128204,1.0,1.0,2011-01-09 10:43:00,2011-08-09 15:59:00,UNITED KINGDOM,212
13165.0,2,42,40,1376.0,32.76190476190476,0.0,18.0,2010-12-23 14:06:00,2011-10-24 15:05:00,UNITED KINGDOM,305
13166.0,1,41,39,216.0,5.2682926829268295,0.0,18.0,2011-03-01 15:16:00,2011-03-01 15:16:00,UNITED KINGDOM,0
13167.0,4,65,52,785.0,12.076923076923077,1.0,1.0,2011-07-19 12:13:00,2011-11-21 12:24:00,UNITED KINGDOM,125
13168.0,4,126,103,670.0,5.317460317460317,0.0,18.0,2011-01-25 13:55:00,2011-11-03 12:56:00,UNITED KINGDOM,281
13169.0,2,13,11,272.0,20.923076923076923,0.0,18.0,2011-04-01 14:24:00,2011-10-07 12:11:00,UNITED KINGDOM,188
13170.0,1,30,29,141.0,4.7,0.0,18.0,2011-11-13 12:19:00,2011-11-13 12:19:00,UNITED KINGDOM,0
13171.0,3,46,37,229.0,4.978260869565218,25.0,25.0,2011-02-13 14:16:00,2011-11-18 10:27:00,UNITED KINGDOM,277
13173.0,2,43,41,277.0,6.441860465116279,0.0,18.0,2010-12-07 14:30:00,2011-12-05 15:51:00,UNITED KINGDOM,363
13174.0,3,293,228,1352.0,4.614334470989761,29.0,14.5,2010-12-05 16:24:00,2011-11-23 14:35:00,UNITED KINGDOM,352
13176.0,1,67,66,448.0,6.686567164179104,0.0,18.0,2011-10-24 15:43:00,2011-10-24 15:43:00,UNITED KINGDOM,0
13177.0,1,17,17,91.0,5.352941176470588,0.0,18.0,2011-10-06 09:56:00,2011-10-06 09:56:00,UNITED KINGDOM,0
13178.0,11,265,102,3570.0,13.471698113207546,0.0,18.0,2010-12-14 12:22:00,2011-11-13 16:14:00,UNITED KINGDOM,334
13182.0,1,11,11,201.0,18.272727272727273,0.0,18.0,2011-10-25 13:46:00,2011-10-25 13:46:00,UNITED KINGDOM,0
13183.0,9,94,51,2208.0,23.48936170212766,0.0,18.0,2011-01-09 10:50:00,2011-12-02 10:30:00,UNITED KINGDOM,326
13184.0,10,179,139,1662.0,9.28491620111732,1.0,1.0,2011-02-22 17:25:00,2011-11-25 12:02:00,UNITED KINGDOM,275
13185.0,1,1,1,12.0,12.0,0.0,18.0,2011-03-17 11:56:00,2011-03-17 11:56:00,UNITED KINGDOM,0
13186.0,3,79,69,820.0,10.379746835443038,0.0,18.0,2011-08-03 09:09:00,2011-10-31 11:40:00,UNITED KINGDOM,89
13187.0,1,37,37,95.0,2.5675675675675675,0.0,18.0,2011-01-06 18:57:00,2011-01-06 18:57:00,UNITED KINGDOM,0
13188.0,1,2,2,25.0,12.5,15.0,15.0,2011-11-28 15:28:00,2011-11-28 15:28:00,UNITED KINGDOM,0
13189.0,2,29,29,842.0,29.03448275862069,0.0,18.0,2011-08-16 13:12:00,2011-11-21 10:39:00,UNITED KINGDOM,96
13192.0,2,63,57,595.0,9.444444444444445,0.0,18.0,2011-05-18 14:57:00,2011-09-05 14:13:00,UNITED KINGDOM,109
13193.0,1,25,22,46.0,1.84,0.0,18.0,2011-10-09 14:30:00,2011-10-09 14:30:00,UNITED KINGDOM,0
13194.0,1,3,3,26.0,8.666666666666666,0.0,18.0,2011-07-27 09:01:00,2011-07-27 09:01:00,UNITED KINGDOM,0
13196.0,4,110,98,1224.0,11.127272727272727,0.0,18.0,2011-03-22 14:24:00,2011-11-28 13:54:00,UNITED KINGDOM,250
13198.0,6,226,199,2648.0,11.716814159292035,0.0,18.0,2010-12-13 09:29:00,2011-11-29 15:17:00,UNITED KINGDOM,351
13199.0,38,119,50,6176.0,51.89915966386555,15.0,15.0,2010-12-08 10:51:00,2011-12-06 12:30:00,UNITED KINGDOM,363
13200.0,4,46,42,516.0,11.217391304347826,0.0,18.0,2011-08-05 14:50:00,2011-11-20 15:35:00,UNITED KINGDOM,107
13203.0,4,57,56,800.0,14.035087719298245,0.0,18.0,2011-04-11 14:40:00,2011-11-30 10:45:00,UNITED KINGDOM,232
13207.0,2,8,7,130.0,16.25,0.0,18.0,2011-07-12 11:35:00,2011-11-24 14:52:00,UNITED KINGDOM,135
13208.0,6,148,124,803.0,5.425675675675675,1.0,1.0,2011-02-03 19:32:00,2011-10-12 09:54:00,UNITED KINGDOM,250
13209.0,8,321,259,4253.0,13.249221183800623,0.0,18.0,2010-12-13 10:31:00,2011-11-09 13:54:00,UNITED KINGDOM,331
13210.0,1,22,22,316.0,14.363636363636363,0.0,18.0,2011-09-07 08:18:00,2011-09-07 08:18:00,UNITED KINGDOM,0
13211.0,3,55,45,834.0,15.163636363636364,0.0,18.0,2010-12-13 16:17:00,2011-11-29 14:43:00,UNITED KINGDOM,350
13212.0,3,141,128,309.0,2.1914893617021276,25.0,25.0,2011-10-09 14:48:00,2011-11-20 12:40:00,UNITED KINGDOM,41
13213.0,5,90,82,1360.0,15.11111111111111,0.0,18.0,2011-05-24 12:22:00,2011-10-14 11:42:00,UNITED KINGDOM,142
13216.0,1,5,5,297.0,59.4,0.0,18.0,2011-03-17 12:18:00,2011-03-17 12:18:00,UNITED KINGDOM,0
13217.0,3,4,3,262.0,65.5,0.0,18.0,2011-07-06 12:08:00,2011-08-09 15:32:00,UNITED KINGDOM,34
13218.0,1,5,5,88.0,17.6,0.0,18.0,2011-08-04 16:59:00,2011-08-04 16:59:00,UNITED KINGDOM,0
13220.0,4,21,18,196.0,9.333333333333334,0.0,18.0,2011-04-17 10:59:00,2011-09-22 13:38:00,UNITED KINGDOM,158
13221.0,2,66,62,244.0,3.696969696969697,0.0,18.0,2010-12-15 13:24:00,2011-04-13 16:58:00,UNITED KINGDOM,119
13223.0,2,5,5,88.0,17.6,0.0,18.0,2011-04-21 15:16:00,2011-05-23 13:03:00,UNITED KINGDOM,31
13224.0,2,108,102,1518.0,14.055555555555555,1.0,1.0,2011-07-11 14:10:00,2011-10-10 14:55:00,UNITED KINGDOM,91
13225.0,7,32,23,3416.0,106.75,0.0,18.0,2010-12-13 09:49:00,2011-12-06 13:29:00,UNITED KINGDOM,358
13226.0,1,16,16,80.0,5.0,0.0,18.0,2011-03-11 14:35:00,2011-03-11 14:35:00,UNITED KINGDOM,0
13227.0,1,9,9,99.0,11.0,0.0,18.0,2011-05-22 11:47:00,2011-05-22 11:47:00,UNITED KINGDOM,0
13228.0,1,2,2,200.0,100.0,0.0,18.0,2011-09-19 14:28:00,2011-09-19 14:28:00,UNITED KINGDOM,0
13229.0,1,10,10,63.0,6.3,0.0,18.0,2011-04-28 12:07:00,2011-04-28 12:07:00,UNITED KINGDOM,0
13230.0,14,587,396,1638.0,2.79045996592845,0.0,18.0,2010-12-09 19:28:00,2011-12-05 16:03:00,UNITED KINGDOM,360
13232.0,7,202,146,773.0,3.8267326732673266,0.0,18.0,2011-04-10 13:48:00,2011-11-27 10:39:00,UNITED KINGDOM,230
13233.0,2,43,43,1004.0,23.348837209302324,0.0,18.0,2011-01-07 14:49:00,2011-09-26 13:25:00,UNITED KINGDOM,261
13235.0,1,58,53,441.0,7.603448275862069,0.0,18.0,2011-05-11 17:13:00,2011-05-11 17:13:00,UNITED KINGDOM,0
13236.0,2,36,34,416.0,11.555555555555555,0.0,18.0,2011-08-25 08:58:00,2011-11-15 12:50:00,UNITED KINGDOM,82
13238.0,4,31,21,298.0,9.612903225806452,25.0,25.0,2010-12-14 14:37:00,2011-11-22 15:37:00,UNITED KINGDOM,343
13239.0,1,22,22,363.0,16.5,0.0,0.0,2011-03-23 10:25:00,2011-03-23 10:25:00,UNITED KINGDOM,0
13240.0,4,67,59,298.0,4.447761194029851,0.0,18.0,2010-12-09 12:49:00,2011-09-04 14:08:00,UNITED KINGDOM,269
13242.0,3,13,12,130.0,10.0,0.0,18.0,2011-05-10 12:26:00,2011-08-19 12:53:00,UNITED KINGDOM,101
13243.0,1,57,56,232.0,4.0701754385964914,0.0,18.0,2011-05-20 13:14:00,2011-05-20 13:14:00,UNITED KINGDOM,0
13244.0,1,27,27,38.0,1.4074074074074074,0.0,18.0,2011-09-08 11:46:00,2011-09-08 11:46:00,UNITED KINGDOM,0
13245.0,1,16,16,125.0,7.8125,0.0,18.0,2011-10-20 11:40:00,2011-10-20 11:40:00,UNITED KINGDOM,0
13246.0,6,136,110,1587.0,11.669117647058824,0.0,18.0,2011-01-13 13:36:00,2011-11-21 16:50:00,UNITED KINGDOM,312
13247.0,4,25,18,328.0,13.12,0.0,18.0,2011-09-18 11:31:00,2011-11-22 10:59:00,UNITED KINGDOM,64
13248.0,2,26,25,305.0,11.73076923076923,0.0,18.0,2011-06-03 13:05:00,2011-08-07 12:40:00,UNITED KINGDOM,64
13249.0,3,23,21,546.0,23.73913043478261,0.0,18.0,2011-03-23 15:26:00,2011-09-08 13:26:00,UNITED KINGDOM,168
13253.0,2,36,35,1572.0,43.666666666666664,0.0,18.0,2011-01-04 15:43:00,2011-07-06 10:09:00,UNITED KINGDOM,182
13255.0,2,13,13,177.0,13.615384615384615,0.0,18.0,2010-12-01 11:58:00,2011-11-30 13:14:00,UNITED KINGDOM,364
13256.0,1,1,1,12540.0,12540.0,0.0,0.0,2011-11-25 15:57:00,2011-11-25 15:57:00,UNITED KINGDOM,0
13258.0,3,36,28,282.0,7.833333333333333,0.0,18.0,2011-05-18 13:11:00,2011-11-28 09:31:00,UNITED KINGDOM,193
13259.0,1,81,77,126.0,1.5555555555555556,0.0,18.0,2011-10-09 10:48:00,2011-10-09 10:48:00,UNITED KINGDOM,0
13260.0,1,8,8,142.0,17.75,0.0,18.0,2011-10-09 13:21:00,2011-10-09 13:21:00,UNITED KINGDOM,0
13261.0,2,9,8,210.0,23.333333333333332,0.0,18.0,2011-02-27 10:41:00,2011-03-16 12:22:00,UNITED KINGDOM,17
13262.0,1,11,11,125.0,11.363636363636363,0.0,18.0,2011-03-21 15:06:00,2011-03-21 15:06:00,UNITED KINGDOM,0
13263.0,35,1667,453,4768.0,2.860227954409118,17.0,8.5,2011-01-18 16:31:00,2011-12-08 13:59:00,UNITED KINGDOM,323
13265.0,5,90,66,1740.0,19.333333333333332,0.0,18.0,2011-03-11 09:54:00,2011-10-17 15:02:00,UNITED KINGDOM,220
13266.0,12,187,82,4428.0,23.67914438502674,3.0,1.0,2011-03-28 10:14:00,2011-11-28 14:39:00,UNITED KINGDOM,245
13267.0,19,211,93,1969.0,9.33175355450237,0.0,18.0,2010-12-08 09:20:00,2011-12-07 11:12:00,UNITED KINGDOM,364
13268.0,11,433,258,3624.0,8.369515011547344,0.0,18.0,2011-03-17 13:20:00,2011-11-22 11:51:00,UNITED KINGDOM,249
13269.0,15,315,180,3513.0,11.152380952380952,0.0,18.0,2010-12-05 11:51:00,2011-12-08 14:53:00,UNITED KINGDOM,368
13270.0,1,1,1,200.0,200.0,0.0,18.0,2010-12-08 14:53:00,2010-12-08 14:53:00,UNITED KINGDOM,0
13271.0,1,87,79,240.0,2.7586206896551726,0.0,18.0,2011-11-02 14:31:00,2011-11-02 14:31:00,UNITED KINGDOM,0
13272.0,2,15,15,96.0,6.4,0.0,18.0,2011-09-11 12:06:00,2011-11-08 14:00:00,UNITED KINGDOM,58
13273.0,1,16,16,153.0,9.5625,0.0,18.0,2011-08-18 14:02:00,2011-08-18 14:02:00,UNITED KINGDOM,0
13276.0,2,30,30,161.0,5.366666666666666,0.0,18.0,2011-09-01 10:03:00,2011-10-07 12:44:00,UNITED KINGDOM,36
13277.0,4,8,5,176.0,22.0,0.0,18.0,2011-07-29 10:06:00,2011-11-24 09:21:00,UNITED KINGDOM,117
13278.0,1,46,46,537.0,11.673913043478262,0.0,18.0,2011-10-30 11:49:00,2011-10-30 11:49:00,UNITED KINGDOM,0
13279.0,1,9,9,73.0,8.11111111111111,0.0,18.0,2011-09-22 17:24:00,2011-09-22 17:24:00,UNITED KINGDOM,0
13280.0,3,82,67,518.0,6.317073170731708,0.0,18.0,2011-01-06 17:10:00,2011-08-09 13:14:00,UNITED KINGDOM,214
13282.0,3,37,29,307.0,8.297297297297296,0.0,18.0,2011-05-03 12:03:00,2011-11-21 15:33:00,UNITED KINGDOM,202
13283.0,2,7,7,90.0,12.857142857142858,0.0,18.0,2011-06-07 12:39:00,2011-10-11 09:50:00,UNITED KINGDOM,125
13284.0,1,13,13,91.0,7.0,0.0,18.0,2011-01-13 09:23:00,2011-01-13 09:23:00,UNITED KINGDOM,0
13285.0,4,187,160,2051.0,10.967914438502675,0.0,18.0,2011-02-22 17:13:00,2011-11-16 13:19:00,UNITED KINGDOM,266
13291.0,1,42,41,233.0,5.5476190476190474,0.0,18.0,2011-07-07 10:36:00,2011-07-07 10:36:00,UNITED KINGDOM,0
13292.0,2,31,29,347.0,11.193548387096774,0.0,18.0,2011-02-28 15:00:00,2011-11-01 10:04:00,UNITED KINGDOM,245
13294.0,2,54,48,453.0,8.38888888888889,0.0,18.0,2011-04-04 12:37:00,2011-06-03 08:54:00,UNITED KINGDOM,59
13295.0,1,10,10,82.0,8.2,0.0,18.0,2010-12-15 11:21:00,2010-12-15 11:21:00,UNITED KINGDOM,0
13296.0,1,5,5,78.0,15.6,0.0,18.0,2011-07-25 13:46:00,2011-07-25 13:46:00,UNITED KINGDOM,0
13297.0,4,59,53,963.0,16.322033898305083,0.0,18.0,2011-10-03 15:08:00,2011-12-02 09:32:00,UNITED KINGDOM,59
13298.0,1,2,2,96.0,48.0,0.0,18.0,2011-12-08 13:11:00,2011-12-08 13:11:00,UNITED KINGDOM,0
13299.0,1,5,5,30.0,6.0,0.0,18.0,2011-03-16 12:55:00,2011-03-16 12:55:00,UNITED KINGDOM,0
13300.0,1,20,20,203.0,10.15,0.0,18.0,2011-06-23 13:09:00,2011-06-23 13:09:00,UNITED KINGDOM,0
13301.0,4,81,75,345.0,4.2592592592592595,0.0,18.0,2011-02-20 13:13:00,2011-08-28 11:25:00,UNITED KINGDOM,188
13302.0,1,1,1,5.0,5.0,0.0,18.0,2011-07-07 17:56:00,2011-07-07 17:56:00,UNITED KINGDOM,0
13304.0,1,21,21,238.0,11.333333333333334,0.0,18.0,2010-12-23 14:35:00,2010-12-23 14:35:00,UNITED KINGDOM,0
13305.0,10,81,50,1232.0,15.209876543209877,0.0,18.0,2010-12-02 12:10:00,2011-12-05 15:15:00,UNITED KINGDOM,368
13307.0,1,1,1,4.0,4.0,0.0,18.0,2011-08-11 17:14:00,2011-08-11 17:14:00,UNITED KINGDOM,0
13308.0,3,54,49,843.0,15.61111111111111,0.0,18.0,2011-05-20 13:13:00,2011-11-17 09:31:00,UNITED KINGDOM,180
13309.0,5,107,83,1544.0,14.429906542056075,0.0,18.0,2011-02-04 12:29:00,2011-12-02 16:34:00,UNITED KINGDOM,301
13310.0,3,72,66,587.0,8.152777777777779,0.0,18.0,2011-01-19 14:50:00,2011-11-11 17:23:00,UNITED KINGDOM,296
13311.0,2,26,26,305.0,11.73076923076923,0.0,18.0,2011-07-12 14:26:00,2011-12-05 12:55:00,UNITED KINGDOM,145
13313.0,5,78,48,851.0,10.91025641025641,0.0,18.0,2011-01-04 10:00:00,2011-11-17 16:48:00,UNITED KINGDOM,317
13314.0,3,62,55,560.0,9.03225806451613,0.0,18.0,2011-09-27 10:20:00,2011-12-08 12:29:00,UNITED KINGDOM,72
13316.0,4,86,66,5508.0,64.04651162790698,0.0,18.0,2011-03-30 13:01:00,2011-11-02 13:40:00,UNITED KINGDOM,217
13317.0,6,124,101,1035.0,8.346774193548388,0.0,18.0,2010-12-16 09:22:00,2011-10-04 13:35:00,UNITED KINGDOM,292
13318.0,3,20,14,304.0,15.2,0.0,18.0,2011-11-02 13:26:00,2011-12-08 18:51:00,UNITED KINGDOM,36
13319.0,26,476,220,4724.0,9.92436974789916,0.0,18.0,2010-12-09 10:04:00,2011-12-04 13:34:00,UNITED KINGDOM,360
13320.0,4,105,78,1086.0,10.342857142857143,0.0,18.0,2011-05-10 10:29:00,2011-09-22 18:07:00,UNITED KINGDOM,135
13321.0,2,11,10,372.0,33.81818181818182,0.0,18.0,2011-09-14 15:18:00,2011-09-28 15:24:00,UNITED KINGDOM,14
13322.0,1,25,25,117.0,4.68,0.0,18.0,2011-11-22 14:21:00,2011-11-22 14:21:00,UNITED KINGDOM,0
13323.0,5,21,6,175.0,8.333333333333334,0.0,18.0,2011-09-16 13:23:00,2011-12-06 17:12:00,UNITED KINGDOM,81
13324.0,10,75,25,5205.0,69.4,0.0,18.0,2010-12-14 09:50:00,2011-11-03 16:28:00,UNITED KINGDOM,324
13325.0,1,12,12,240.0,20.0,0.0,18.0,2011-09-19 10:36:00,2011-09-19 10:36:00,UNITED KINGDOM,0
13327.0,8,108,76,1600.0,14.814814814814815,0.0,18.0,2010-12-09 15:32:00,2011-11-01 10:21:00,UNITED KINGDOM,326
13328.0,1,17,17,680.0,40.0,0.0,18.0,2011-01-27 15:22:00,2011-01-27 15:22:00,UNITED KINGDOM,0
13329.0,2,17,16,463.0,27.235294117647058,0.0,18.0,2010-12-08 10:11:00,2011-11-08 10:29:00,UNITED KINGDOM,335
13330.0,3,53,38,751.0,14.169811320754716,0.0,18.0,2011-01-28 10:08:00,2011-09-08 12:27:00,UNITED KINGDOM,223
13332.0,1,21,21,179.0,8.523809523809524,0.0,18.0,2011-11-25 13:30:00,2011-11-25 13:30:00,UNITED KINGDOM,0
13334.0,3,265,208,1764.0,6.656603773584906,0.0,18.0,2011-02-07 11:42:00,2011-09-18 15:21:00,UNITED KINGDOM,223
13336.0,1,51,51,559.0,10.96078431372549,0.0,18.0,2011-09-23 14:05:00,2011-09-23 14:05:00,UNITED KINGDOM,0
13338.0,1,19,19,256.0,13.473684210526315,65.0,32.5,2011-07-05 09:06:00,2011-07-05 09:06:00,UNITED KINGDOM,0
13339.0,1,54,54,326.0,6.037037037037037,0.0,18.0,2011-05-23 08:31:00,2011-05-23 08:31:00,UNITED KINGDOM,0
13340.0,7,134,128,5770.0,43.059701492537314,0.0,18.0,2011-03-08 11:39:00,2011-10-25 13:15:00,UNITED KINGDOM,231
13341.0,1,42,42,301.0,7.166666666666667,0.0,18.0,2011-03-24 09:50:00,2011-03-24 09:50:00,UNITED KINGDOM,0
13343.0,1,19,19,135.0,7.105263157894737,50.0,50.0,2011-06-15 12:24:00,2011-06-15 12:24:00,UNITED KINGDOM,0
13344.0,3,116,115,952.0,8.206896551724139,145.0,145.0,2011-03-07 10:28:00,2011-10-03 09:45:00,UNITED KINGDOM,209
13345.0,1,20,20,141.0,7.05,50.0,50.0,2011-02-25 09:01:00,2011-02-25 09:01:00,UNITED KINGDOM,0
13347.0,1,8,8,205.0,25.625,50.0,50.0,2011-09-30 13:28:00,2011-09-30 13:28:00,UNITED KINGDOM,0
13348.0,1,14,14,136.0,9.714285714285714,0.0,18.0,2011-10-06 17:28:00,2011-10-06 17:28:00,UNITED KINGDOM,0
13349.0,1,16,16,225.0,14.0625,50.0,50.0,2011-11-29 08:07:00,2011-11-29 08:07:00,UNITED KINGDOM,0
13350.0,2,40,36,287.0,7.175,100.0,50.0,2011-09-21 13:33:00,2011-11-23 16:33:00,UNITED KINGDOM,63
13351.0,1,16,16,117.0,7.3125,50.0,50.0,2011-10-04 12:55:00,2011-10-04 12:55:00,UNITED KINGDOM,0
13352.0,1,24,24,321.0,13.375,50.0,50.0,2011-10-10 13:55:00,2011-10-10 13:55:00,UNITED KINGDOM,0
13354.0,1,51,51,604.0,11.843137254901961,0.0,18.0,2011-09-29 13:17:00,2011-09-29 13:17:00,UNITED KINGDOM,0
13355.0,1,32,32,314.0,9.8125,0.0,18.0,2011-08-09 14:48:00,2011-08-09 14:48:00,UNITED KINGDOM,0
13356.0,1,42,42,325.0,7.738095238095238,0.0,18.0,2011-09-20 14:33:00,2011-09-20 14:33:00,UNITED KINGDOM,0
13357.0,1,89,85,321.0,3.606741573033708,0.0,18.0,2011-03-27 13:56:00,2011-03-27 13:56:00,UNITED KINGDOM,0
13358.0,1,29,29,285.0,9.827586206896552,50.0,50.0,2011-03-16 11:52:00,2011-03-16 11:52:00,UNITED KINGDOM,0
13359.0,1,23,23,161.0,7.0,50.0,50.0,2011-10-07 09:30:00,2011-10-07 09:30:00,UNITED KINGDOM,0
13362.0,4,166,128,1382.0,8.325301204819278,0.0,18.0,2011-02-25 11:33:00,2011-11-30 14:41:00,UNITED KINGDOM,278
13363.0,2,60,47,710.0,11.833333333333334,100.0,50.0,2011-10-27 10:46:00,2011-11-22 12:40:00,UNITED KINGDOM,26
13364.0,1,10,10,71.0,7.1,0.0,18.0,2011-09-29 18:13:00,2011-09-29 18:13:00,UNITED KINGDOM,0
13365.0,2,128,122,1247.0,9.7421875,0.0,18.0,2011-05-06 12:00:00,2011-11-06 12:36:00,UNITED KINGDOM,184
13366.0,1,1,1,144.0,144.0,0.0,18.0,2011-10-20 13:37:00,2011-10-20 13:37:00,UNITED KINGDOM,0
13368.0,2,29,29,327.0,11.275862068965518,50.0,50.0,2011-01-06 12:32:00,2011-03-28 09:59:00,UNITED KINGDOM,80
13369.0,1,14,14,149.0,10.642857142857142,50.0,50.0,2010-12-09 11:30:00,2010-12-09 11:30:00,UNITED KINGDOM,0
13370.0,1,39,39,343.0,8.794871794871796,0.0,18.0,2010-12-03 10:26:00,2010-12-03 10:26:00,UNITED KINGDOM,0
13372.0,1,23,23,159.0,6.913043478260869,50.0,50.0,2011-09-11 12:46:00,2011-09-11 12:46:00,UNITED KINGDOM,0
13373.0,3,158,135,1651.0,10.449367088607595,0.0,18.0,2011-03-08 14:35:00,2011-10-10 10:51:00,UNITED KINGDOM,215
13375.0,1,37,37,442.0,11.945945945945946,0.0,18.0,2011-09-12 10:19:00,2011-09-12 10:19:00,UNITED KINGDOM,0
13376.0,3,53,45,493.0,9.30188679245283,150.0,50.0,2011-04-19 13:03:00,2011-09-01 16:16:00,UNITED KINGDOM,135
13379.0,3,97,85,601.0,6.195876288659794,0.0,18.0,2011-07-26 12:26:00,2011-11-13 13:45:00,UNITED KINGDOM,110
13381.0,6,172,79,2029.0,11.796511627906977,0.0,18.0,2011-02-14 10:10:00,2011-11-08 11:58:00,UNITED KINGDOM,267
13382.0,1,15,15,131.0,8.733333333333333,0.0,18.0,2011-03-04 10:03:00,2011-03-04 10:03:00,UNITED KINGDOM,0
13384.0,7,152,126,2422.0,15.93421052631579,0.0,18.0,2011-06-14 12:47:00,2011-11-09 11:04:00,UNITED KINGDOM,147
13385.0,1,35,35,281.0,8.028571428571428,0.0,18.0,2011-01-14 09:52:00,2011-01-14 09:52:00,UNITED KINGDOM,0
13388.0,2,35,35,282.0,8.057142857142857,0.0,18.0,2011-07-31 12:52:00,2011-07-31 12:52:00,UNITED KINGDOM,0
13389.0,3,51,50,429.0,8.411764705882353,15.0,15.0,2011-04-21 12:12:00,2011-11-28 14:01:00,UNITED KINGDOM,221
13390.0,1,13,13,224.0,17.23076923076923,0.0,18.0,2011-09-26 08:38:00,2011-09-26 08:38:00,UNITED KINGDOM,0
13391.0,1,1,1,4.0,4.0,0.0,18.0,2011-05-20 10:50:00,2011-05-20 10:50:00,UNITED KINGDOM,0
13394.0,8,155,124,2392.0,15.432258064516128,4.0,1.0,2011-02-03 10:39:00,2011-12-08 11:36:00,UNITED KINGDOM,308
13395.0,1,21,21,336.0,16.0,0.0,18.0,2011-06-07 15:04:00,2011-06-07 15:04:00,UNITED KINGDOM,0
13396.0,2,43,42,600.0,13.953488372093023,25.0,25.0,2011-01-24 13:37:00,2011-11-10 16:59:00,UNITED KINGDOM,290
13397.0,5,38,28,430.0,11.31578947368421,0.0,18.0,2011-01-04 13:50:00,2011-09-28 10:56:00,UNITED KINGDOM,266
13398.0,1,26,26,281.0,10.807692307692308,0.0,18.0,2011-05-31 13:17:00,2011-05-31 13:17:00,UNITED KINGDOM,0
13402.0,2,39,32,479.0,12.282051282051283,0.0,18.0,2010-12-02 17:12:00,2011-08-04 15:51:00,UNITED KINGDOM,244
13403.0,1,3,3,44.0,14.666666666666666,0.0,18.0,2011-11-22 08:28:00,2011-11-22 08:28:00,UNITED KINGDOM,0
13404.0,2,11,11,111.0,10.090909090909092,0.0,18.0,2011-05-11 11:57:00,2011-12-08 15:37:00,UNITED KINGDOM,211
13405.0,3,27,25,165.0,6.111111111111111,15.0,15.0,2011-01-26 09:27:00,2011-09-26 17:01:00,UNITED KINGDOM,243
13408.0,62,478,242,16232.0,33.9581589958159,0.0,18.0,2010-12-01 10:39:00,2011-12-08 09:05:00,UNITED KINGDOM,371
13410.0,5,28,15,518.0,18.5,0.0,18.0,2011-02-21 14:38:00,2011-11-15 15:33:00,UNITED KINGDOM,267
13411.0,1,18,17,72.0,4.0,0.0,18.0,2011-08-24 13:57:00,2011-08-24 13:57:00,UNITED KINGDOM,0
13414.0,3,24,23,1574.0,65.58333333333333,0.0,18.0,2011-02-16 12:13:00,2011-07-29 11:45:00,UNITED KINGDOM,162
13416.0,2,19,11,142.0,7.473684210526316,0.0,18.0,2011-09-19 14:43:00,2011-10-27 08:56:00,UNITED KINGDOM,37
13417.0,2,28,26,162.0,5.785714285714286,0.0,18.0,2011-05-18 16:26:00,2011-12-05 08:49:00,UNITED KINGDOM,200
13418.0,18,304,225,3918.0,12.888157894736842,125.0,125.0,2010-12-02 10:45:00,2011-11-28 10:23:00,UNITED KINGDOM,360
13419.0,1,16,16,275.0,17.1875,0.0,18.0,2011-10-07 12:49:00,2011-10-07 12:49:00,UNITED KINGDOM,0
13420.0,2,8,8,101.0,12.625,0.0,18.0,2011-06-22 11:35:00,2011-07-13 08:48:00,UNITED KINGDOM,20
13421.0,2,102,88,1128.0,11.058823529411764,0.0,18.0,2011-02-22 15:46:00,2011-10-30 14:21:00,UNITED KINGDOM,249
13422.0,1,127,127,1326.0,10.440944881889763,0.0,18.0,2011-10-06 13:42:00,2011-10-06 13:42:00,UNITED KINGDOM,0
13425.0,3,78,68,1123.0,14.397435897435898,15.0,15.0,2011-02-18 08:34:00,2011-08-23 17:13:00,UNITED KINGDOM,186
13426.0,10,157,103,2245.0,14.299363057324841,0.0,18.0,2010-12-15 12:43:00,2011-12-09 08:59:00,UNITED KINGDOM,358
13427.0,3,29,25,545.0,18.79310344827586,0.0,18.0,2011-05-08 15:58:00,2011-11-20 13:02:00,UNITED KINGDOM,195
13428.0,1,71,70,151.0,2.1267605633802815,0.0,18.0,2011-11-29 14:20:00,2011-11-29 14:20:00,UNITED KINGDOM,0
13429.0,4,67,55,1390.0,20.746268656716417,0.0,18.0,2011-09-25 15:59:00,2011-11-29 09:10:00,UNITED KINGDOM,64
13430.0,2,49,48,751.0,15.326530612244898,0.0,18.0,2011-09-14 14:26:00,2011-11-21 08:19:00,UNITED KINGDOM,67
13431.0,2,46,44,672.0,14.608695652173912,0.0,18.0,2011-09-12 11:25:00,2011-10-03 13:49:00,UNITED KINGDOM,21
13434.0,2,10,9,300.0,30.0,0.0,18.0,2011-09-04 10:35:00,2011-09-26 14:30:00,UNITED KINGDOM,22
13435.0,7,101,69,2129.0,21.07920792079208,0.0,18.0,2011-06-03 17:07:00,2011-12-04 14:45:00,UNITED KINGDOM,183
13436.0,1,12,12,76.0,6.333333333333333,0.0,18.0,2011-12-08 10:33:00,2011-12-08 10:33:00,UNITED KINGDOM,0
13437.0,7,167,143,1283.0,7.682634730538922,0.0,18.0,2011-06-02 14:30:00,2011-11-25 14:00:00,UNITED KINGDOM,175
13439.0,1,54,54,242.0,4.481481481481482,0.0,18.0,2011-03-29 14:20:00,2011-03-29 14:20:00,UNITED KINGDOM,0
13441.0,1,13,13,204.0,15.692307692307692,0.0,18.0,2011-09-09 09:38:00,2011-09-09 09:38:00,UNITED KINGDOM,0
13447.0,3,59,55,584.0,9.898305084745763,0.0,18.0,2011-11-04 10:10:00,2011-11-16 13:38:00,UNITED KINGDOM,12
13448.0,6,194,138,1648.0,8.494845360824742,0.0,18.0,2010-12-01 10:52:00,2011-11-23 12:33:00,UNITED KINGDOM,357
13449.0,1,19,19,222.0,11.68421052631579,0.0,18.0,2011-11-16 08:28:00,2011-11-16 08:28:00,UNITED KINGDOM,0
13450.0,6,71,32,1982.0,27.91549295774648,0.0,18.0,2011-05-05 19:48:00,2011-11-13 11:54:00,UNITED KINGDOM,191
13451.0,5,433,318,2128.0,4.914549653579677,0.0,18.0,2011-01-09 15:35:00,2011-11-13 15:58:00,UNITED KINGDOM,308
13452.0,2,2,1,2.0,1.0,590.0,295.0,2011-03-14 11:38:00,2011-03-25 14:19:00,UNITED KINGDOM,11
13453.0,2,17,16,134.0,7.882352941176471,0.0,18.0,2011-02-23 09:44:00,2011-06-27 09:34:00,UNITED KINGDOM,123
13455.0,2,46,43,354.0,7.695652173913044,0.0,18.0,2010-12-08 13:11:00,2011-11-15 11:21:00,UNITED KINGDOM,341
13456.0,6,63,43,765.0,12.142857142857142,15.0,15.0,2011-05-16 15:34:00,2011-11-22 09:18:00,UNITED KINGDOM,189
13458.0,14,382,246,5508.0,14.418848167539267,0.0,18.0,2010-12-15 12:05:00,2011-12-02 15:29:00,UNITED KINGDOM,352
13460.0,2,17,16,286.0,16.823529411764707,0.0,18.0,2011-10-21 09:50:00,2011-11-10 17:17:00,UNITED KINGDOM,20
13461.0,3,27,15,1170.0,43.333333333333336,0.0,18.0,2011-06-29 10:23:00,2011-11-01 09:01:00,UNITED KINGDOM,124
13462.0,1,9,9,62.0,6.888888888888889,0.0,18.0,2011-04-01 11:20:00,2011-04-01 11:20:00,UNITED KINGDOM,0
13464.0,1,41,41,403.0,9.829268292682928,0.0,18.0,2011-10-12 15:01:00,2011-10-12 15:01:00,UNITED KINGDOM,0
13466.0,1,17,17,259.0,15.235294117647058,0.0,18.0,2011-06-08 16:39:00,2011-06-08 16:39:00,UNITED KINGDOM,0
13467.0,2,98,89,580.0,5.918367346938775,0.0,18.0,2011-11-03 16:56:00,2011-11-29 10:01:00,UNITED KINGDOM,25
13468.0,37,302,185,2589.0,8.572847682119205,0.0,18.0,2010-12-01 15:08:00,2011-12-08 10:39:00,UNITED KINGDOM,371
13470.0,2,10,7,100.0,10.0,0.0,18.0,2011-08-16 17:06:00,2011-09-01 14:57:00,UNITED KINGDOM,15
13471.0,4,254,214,1583.0,6.232283464566929,0.0,18.0,2011-10-23 13:10:00,2011-12-08 15:44:00,UNITED KINGDOM,46
13473.0,2,21,21,266.0,12.666666666666666,0.0,18.0,2011-01-11 08:45:00,2011-10-10 11:20:00,UNITED KINGDOM,272
13474.0,1,60,57,127.0,2.1166666666666667,0.0,18.0,2011-04-17 13:53:00,2011-04-17 13:53:00,UNITED KINGDOM,0
13475.0,4,86,64,1012.0,11.767441860465116,0.0,18.0,2011-02-14 12:36:00,2011-06-01 13:52:00,UNITED KINGDOM,107
13476.0,2,58,56,417.0,7.189655172413793,250.0,125.0,2011-03-03 14:43:00,2011-06-14 12:00:00,UNITED KINGDOM,102
13477.0,6,79,57,1021.0,12.924050632911392,0.0,18.0,2011-02-21 12:29:00,2011-11-02 12:04:00,UNITED KINGDOM,253
13479.0,2,15,14,134.0,8.933333333333334,0.0,18.0,2011-04-19 11:27:00,2011-05-23 10:45:00,UNITED KINGDOM,33
13481.0,5,109,99,1142.0,10.477064220183486,0.0,18.0,2011-03-28 09:07:00,2011-10-25 09:07:00,UNITED KINGDOM,211
13482.0,1,11,11,116.0,10.545454545454545,0.0,18.0,2011-04-21 17:03:00,2011-04-21 17:03:00,UNITED KINGDOM,0
13483.0,1,10,10,160.0,16.0,0.0,18.0,2011-10-05 11:53:00,2011-10-05 11:53:00,UNITED KINGDOM,0
13484.0,1,8,8,44.0,5.5,0.0,18.0,2011-04-12 16:30:00,2011-04-12 16:30:00,UNITED KINGDOM,0
13485.0,1,23,23,277.0,12.043478260869565,0.0,18.0,2011-04-20 13:58:00,2011-04-20 13:58:00,UNITED KINGDOM,0
13486.0,3,69,69,669.0,9.695652173913043,0.0,18.0,2011-07-07 17:19:00,2011-09-22 13:13:00,UNITED KINGDOM,76
13487.0,3,34,26,265.0,7.794117647058823,0.0,18.0,2010-12-21 14:54:00,2011-10-13 12:07:00,UNITED KINGDOM,295
13488.0,13,422,276,4518.0,10.706161137440759,25.0,25.0,2010-12-07 13:01:00,2011-11-22 14:41:00,UNITED KINGDOM,350
13489.0,4,14,11,560.0,40.0,0.0,18.0,2011-02-18 10:42:00,2011-08-26 13:16:00,UNITED KINGDOM,189
13491.0,10,86,73,903.0,10.5,0.0,18.0,2010-12-02 14:30:00,2011-10-19 08:32:00,UNITED KINGDOM,320
13492.0,3,50,38,408.0,8.16,0.0,18.0,2011-05-09 10:06:00,2011-07-26 14:25:00,SWITZERLAND,78
13493.0,2,8,6,380.0,47.5,80.0,40.0,2011-02-25 16:42:00,2011-03-09 15:35:00,SWITZERLAND,11
13494.0,1,18,18,162.0,9.0,0.0,18.0,2011-02-01 11:58:00,2011-02-01 11:58:00,UNITED KINGDOM,0
13495.0,5,48,35,829.0,17.270833333333332,0.0,18.0,2010-12-06 15:14:00,2011-12-02 11:21:00,UNITED KINGDOM,360
13496.0,2,35,29,341.0,9.742857142857142,0.0,18.0,2010-12-15 10:17:00,2011-11-29 10:58:00,UNITED KINGDOM,349
13497.0,2,19,19,163.0,8.578947368421053,0.0,18.0,2010-12-06 11:37:00,2011-03-02 09:04:00,UNITED KINGDOM,85
13499.0,5,42,31,1365.0,32.5,0.0,18.0,2011-03-15 08:52:00,2011-11-22 11:21:00,UNITED KINGDOM,252
13500.0,3,65,60,609.0,9.36923076923077,0.0,18.0,2011-08-09 12:20:00,2011-11-16 15:35:00,UNITED KINGDOM,99
13501.0,1,52,52,560.0,10.76923076923077,0.0,18.0,2011-02-24 18:59:00,2011-02-24 18:59:00,SWITZERLAND,0
13502.0,3,18,17,264.0,14.666666666666666,0.0,18.0,2011-01-20 09:03:00,2011-11-23 10:39:00,UNITED KINGDOM,307
13503.0,1,17,17,248.0,14.588235294117647,0.0,18.0,2011-09-29 13:23:00,2011-09-29 13:23:00,UNITED KINGDOM,0
13504.0,1,22,22,178.0,8.090909090909092,0.0,18.0,2011-10-06 13:20:00,2011-10-06 13:20:00,UNITED KINGDOM,0
13505.0,4,215,182,2486.0,11.56279069767442,160.0,40.0,2011-04-21 12:07:00,2011-09-28 11:56:00,SWITZERLAND,159
13506.0,2,26,26,324.0,12.461538461538462,0.0,18.0,2010-12-05 12:15:00,2011-01-27 13:53:00,UNITED KINGDOM,53
13507.0,4,162,147,1597.0,9.858024691358025,0.0,18.0,2011-07-17 11:50:00,2011-12-06 13:13:00,UNITED KINGDOM,142
13508.0,1,12,12,24.0,2.0,0.0,18.0,2011-04-10 11:58:00,2011-04-10 11:58:00,UNITED KINGDOM,0
13509.0,7,44,28,1106.0,25.136363636363637,15.0,15.0,2011-02-28 13:27:00,2011-12-01 10:10:00,UNITED KINGDOM,275
13510.0,4,115,87,1386.0,12.052173913043479,0.0,18.0,2011-06-09 09:32:00,2011-12-08 13:46:00,UNITED KINGDOM,182
13512.0,1,15,15,143.0,9.533333333333333,0.0,18.0,2011-03-24 10:03:00,2011-03-24 10:03:00,UNITED KINGDOM,0
13513.0,1,10,10,109.0,10.9,0.0,18.0,2011-08-05 11:50:00,2011-08-05 11:50:00,UNITED KINGDOM,0
13514.0,1,4,4,40.0,10.0,0.0,18.0,2011-09-27 09:39:00,2011-09-27 09:39:00,UNITED KINGDOM,0
13515.0,4,59,50,681.0,11.542372881355933,0.0,18.0,2011-04-06 10:33:00,2011-09-28 11:26:00,UNITED KINGDOM,175
13516.0,3,44,43,985.0,22.386363636363637,15.0,15.0,2011-04-15 11:06:00,2011-11-18 13:15:00,UNITED KINGDOM,217
13517.0,3,141,125,1369.0,9.709219858156029,0.0,18.0,2011-06-13 08:44:00,2011-10-11 11:43:00,UNITED KINGDOM,120
13518.0,1,36,36,382.0,10.61111111111111,0.0,18.0,2011-09-15 10:29:00,2011-09-15 10:29:00,UNITED KINGDOM,0
13519.0,1,8,8,23.0,2.875,0.0,18.0,2011-09-22 18:24:00,2011-09-22 18:24:00,UNITED KINGDOM,0
13520.0,6,93,51,1649.0,17.731182795698924,240.0,40.0,2010-12-03 10:36:00,2011-10-12 10:20:00,SWITZERLAND,312
13521.0,3,418,313,718.0,1.7177033492822966,0.0,18.0,2011-11-29 15:09:00,2011-12-08 13:50:00,UNITED KINGDOM,8
13522.0,1,5,5,44.0,8.8,0.0,18.0,2011-11-09 15:11:00,2011-11-09 15:11:00,UNITED KINGDOM,0
13523.0,5,172,158,1752.0,10.186046511627907,330.0,165.0,2010-12-08 14:22:00,2011-11-06 15:11:00,UNITED KINGDOM,333
13524.0,5,27,17,324.0,12.0,30.0,15.0,2011-05-04 12:26:00,2011-10-30 12:34:00,UNITED KINGDOM,179
13525.0,2,6,5,394.0,65.66666666666667,0.0,18.0,2011-04-05 15:36:00,2011-11-25 12:01:00,UNITED KINGDOM,233
13527.0,7,217,154,1683.0,7.755760368663594,0.0,18.0,2011-01-17 11:17:00,2011-11-06 12:04:00,UNITED KINGDOM,293
13529.0,2,15,15,74.0,4.933333333333334,0.0,18.0,2011-05-19 11:50:00,2011-09-22 09:15:00,UNITED KINGDOM,125
13531.0,2,22,17,174.0,7.909090909090909,0.0,18.0,2010-12-08 15:03:00,2011-05-18 16:56:00,UNITED KINGDOM,161
13532.0,1,66,66,129.0,1.9545454545454546,0.0,18.0,2011-11-06 12:25:00,2011-11-06 12:25:00,UNITED KINGDOM,0
13533.0,3,75,61,202.0,2.6933333333333334,0.0,18.0,2011-03-17 12:47:00,2011-06-10 11:54:00,UNITED KINGDOM,84
13534.0,25,296,122,2961.0,10.003378378378379,0.0,18.0,2010-12-16 15:23:00,2011-12-07 14:52:00,UNITED KINGDOM,355
13536.0,7,178,91,2126.0,11.9438202247191,0.0,18.0,2011-09-25 13:30:00,2011-12-08 16:38:00,UNITED KINGDOM,74
13538.0,7,25,10,175.0,7.0,0.0,18.0,2011-01-28 10:40:00,2011-10-27 16:34:00,UNITED KINGDOM,272
13539.0,3,37,36,320.0,8.64864864864865,0.0,18.0,2011-02-03 15:23:00,2011-09-15 10:18:00,UNITED KINGDOM,223
13544.0,2,78,76,112.0,1.435897435897436,0.0,18.0,2011-04-13 12:09:00,2011-10-31 11:57:00,UNITED KINGDOM,200
13546.0,3,97,73,357.0,3.6804123711340204,0.0,18.0,2011-05-23 12:14:00,2011-11-27 14:50:00,UNITED KINGDOM,188
13548.0,2,123,114,436.0,3.5447154471544717,0.0,18.0,2011-04-10 11:35:00,2011-09-04 14:50:00,UNITED KINGDOM,147
13549.0,7,51,37,458.0,8.980392156862745,0.0,18.0,2011-04-11 13:42:00,2011-11-14 09:20:00,UNITED KINGDOM,216
13551.0,1,4,4,12.0,3.0,0.0,18.0,2011-01-24 14:46:00,2011-01-24 14:46:00,UNITED KINGDOM,0
13552.0,12,109,83,1417.0,13.0,0.0,18.0,2011-01-28 10:10:00,2011-10-04 15:19:00,UNITED KINGDOM,249
13555.0,4,135,128,2636.0,19.525925925925925,0.0,18.0,2011-05-22 11:06:00,2011-09-27 12:36:00,UNITED KINGDOM,128
13557.0,2,34,32,546.0,16.058823529411764,0.0,18.0,2011-03-04 12:14:00,2011-11-11 15:24:00,UNITED KINGDOM,252
13558.0,4,169,123,338.0,2.0,0.0,18.0,2011-10-02 13:01:00,2011-12-04 11:24:00,UNITED KINGDOM,62
13560.0,1,32,32,63.0,1.96875,0.0,18.0,2011-12-02 13:11:00,2011-12-02 13:11:00,UNITED KINGDOM,0
13561.0,1,14,14,83.0,5.928571428571429,0.0,18.0,2011-05-08 12:39:00,2011-05-08 12:39:00,UNITED KINGDOM,0
13562.0,3,82,51,757.0,9.231707317073171,0.0,18.0,2011-04-08 12:42:00,2011-09-19 10:51:00,UNITED KINGDOM,163
13563.0,2,49,49,209.0,4.26530612244898,250.0,125.0,2011-07-22 17:21:00,2011-09-16 14:45:00,UNITED KINGDOM,55
13564.0,3,80,66,616.0,7.7,0.0,18.0,2010-12-06 17:26:00,2011-07-18 14:33:00,UNITED KINGDOM,223
13565.0,2,38,35,172.0,4.526315789473684,0.0,18.0,2011-01-09 14:28:00,2011-11-20 14:33:00,UNITED KINGDOM,315
13566.0,2,169,134,567.0,3.3550295857988166,0.0,18.0,2011-09-18 12:40:00,2011-10-30 11:59:00,UNITED KINGDOM,41
13568.0,1,43,41,66.0,1.5348837209302326,0.0,18.0,2011-06-19 14:42:00,2011-06-19 14:42:00,UNITED KINGDOM,0
13569.0,2,79,74,156.0,1.9746835443037976,0.0,18.0,2010-12-07 12:29:00,2011-11-22 13:07:00,UNITED KINGDOM,350
13570.0,1,27,27,161.0,5.962962962962963,0.0,18.0,2011-04-10 13:36:00,2011-04-10 13:36:00,UNITED KINGDOM,0
13571.0,12,340,158,1757.0,5.16764705882353,0.0,18.0,2011-03-31 12:43:00,2011-11-27 10:47:00,UNITED KINGDOM,240
13572.0,1,33,32,534.0,16.181818181818183,0.0,18.0,2011-05-18 11:59:00,2011-05-18 11:59:00,UNITED KINGDOM,0
13573.0,2,25,24,302.0,12.08,0.0,18.0,2011-03-31 14:47:00,2011-10-20 14:33:00,UNITED KINGDOM,202
13575.0,5,46,41,449.0,9.76086956521739,0.0,18.0,2011-06-16 14:24:00,2011-11-16 13:14:00,UNITED KINGDOM,152
13576.0,18,126,79,2646.0,21.0,0.0,18.0,2010-12-01 17:24:00,2011-11-29 15:34:00,UNITED KINGDOM,362
13577.0,4,83,62,791.0,9.53012048192771,0.0,18.0,2011-04-12 10:33:00,2011-11-14 15:19:00,UNITED KINGDOM,216
13579.0,2,23,19,176.0,7.6521739130434785,0.0,18.0,2010-12-05 16:10:00,2011-11-25 08:41:00,UNITED KINGDOM,354
13581.0,1,10,10,30.0,3.0,0.0,18.0,2011-02-03 14:41:00,2011-02-03 14:41:00,UNITED KINGDOM,0
13583.0,1,53,52,725.0,13.679245283018869,0.0,18.0,2011-07-07 10:40:00,2011-07-07 10:40:00,UNITED KINGDOM,0
13584.0,1,24,24,37.0,1.5416666666666667,0.0,18.0,2011-02-06 12:49:00,2011-02-06 12:49:00,UNITED KINGDOM,0
13587.0,1,8,8,180.0,22.5,0.0,18.0,2011-10-07 12:31:00,2011-10-07 12:31:00,UNITED KINGDOM,0
13588.0,9,174,132,2606.0,14.977011494252874,0.0,18.0,2011-03-29 15:53:00,2011-11-24 10:42:00,UNITED KINGDOM,239
13589.0,2,21,21,114.0,5.428571428571429,25.0,25.0,2011-06-13 12:44:00,2011-11-25 12:10:00,UNITED KINGDOM,164
13590.0,6,87,70,1848.0,21.24137931034483,0.0,18.0,2011-02-09 13:25:00,2011-11-28 12:54:00,UNITED KINGDOM,291
13591.0,3,58,56,485.0,8.362068965517242,0.0,18.0,2011-03-18 12:18:00,2011-10-06 12:26:00,UNITED KINGDOM,202
13592.0,4,16,15,84.0,5.25,0.0,18.0,2011-03-20 14:01:00,2011-11-04 09:49:00,UNITED KINGDOM,228
13593.0,5,127,77,719.0,5.661417322834645,0.0,18.0,2011-01-07 16:32:00,2011-08-23 13:35:00,UNITED KINGDOM,227
13594.0,1,26,26,359.0,13.807692307692308,0.0,18.0,2011-10-18 10:19:00,2011-10-18 10:19:00,UNITED KINGDOM,0
13596.0,2,146,133,384.0,2.6301369863013697,0.0,18.0,2011-11-27 11:57:00,2011-12-04 12:01:00,UNITED KINGDOM,7
13598.0,1,35,33,52.0,1.4857142857142858,0.0,18.0,2011-10-23 14:28:00,2011-10-23 14:28:00,UNITED KINGDOM,0
13599.0,21,246,173,3293.0,13.386178861788618,2.0,1.0,2010-12-08 10:11:00,2011-12-08 16:10:00,UNITED KINGDOM,365
13600.0,1,19,19,324.0,17.05263157894737,0.0,18.0,2011-01-31 15:27:00,2011-01-31 15:27:00,UNITED KINGDOM,0
13601.0,2,99,90,548.0,5.5353535353535355,0.0,18.0,2011-05-12 16:52:00,2011-10-25 17:31:00,UNITED KINGDOM,166
13602.0,1,23,23,267.0,11.608695652173912,0.0,18.0,2011-10-06 11:47:00,2011-10-06 11:47:00,UNITED KINGDOM,0
13603.0,1,27,27,164.0,6.074074074074074,0.0,18.0,2011-11-13 15:57:00,2011-11-13 15:57:00,UNITED KINGDOM,0
13606.0,3,40,40,276.0,6.9,0.0,18.0,2011-02-01 11:42:00,2011-11-10 17:46:00,UNITED KINGDOM,282
13607.0,1,97,93,288.0,2.9690721649484537,0.0,18.0,2011-10-30 16:17:00,2011-10-30 16:17:00,UNITED KINGDOM,0
13610.0,7,215,165,488.0,2.269767441860465,0.0,18.0,2011-02-27 14:44:00,2011-11-27 15:38:00,UNITED KINGDOM,273
13611.0,3,72,68,754.0,10.472222222222221,0.0,18.0,2010-12-15 10:31:00,2011-09-11 14:51:00,UNITED KINGDOM,270
13614.0,4,194,170,563.0,2.902061855670103,0.0,18.0,2011-01-13 12:37:00,2011-11-15 14:47:00,UNITED KINGDOM,306
13615.0,1,23,23,189.0,8.217391304347826,0.0,18.0,2011-01-25 08:21:00,2011-01-25 08:21:00,UNITED KINGDOM,0
13617.0,3,44,31,300.0,6.818181818181818,0.0,18.0,2011-06-12 12:55:00,2011-10-30 13:50:00,UNITED KINGDOM,140
13618.0,1,13,13,246.0,18.923076923076923,0.0,18.0,2011-06-19 11:09:00,2011-06-19 11:09:00,UNITED KINGDOM,0
13621.0,1,19,19,343.0,18.05263157894737,0.0,18.0,2011-08-15 08:26:00,2011-08-15 08:26:00,UNITED KINGDOM,0
13623.0,5,78,75,286.0,3.6666666666666665,0.0,18.0,2011-02-15 13:08:00,2011-11-09 12:00:00,UNITED KINGDOM,266
13626.0,1,19,19,209.0,11.0,0.0,18.0,2011-04-01 10:05:00,2011-04-01 10:05:00,UNITED KINGDOM,0
13627.0,5,92,82,1269.0,13.793478260869565,0.0,18.0,2010-12-17 09:52:00,2011-10-11 14:20:00,UNITED KINGDOM,298
13629.0,11,59,29,4372.0,74.10169491525424,0.0,18.0,2011-01-05 12:09:00,2011-11-16 13:21:00,UNITED KINGDOM,315
13630.0,7,71,51,1391.0,19.591549295774648,0.0,18.0,2011-02-27 12:49:00,2011-12-04 15:16:00,UNITED KINGDOM,280
13631.0,11,11,6,467.0,42.45454545454545,27.0,5.4,2011-03-17 17:13:00,2011-09-01 09:57:00,UNITED KINGDOM,167
13632.0,5,145,121,1031.0,7.110344827586207,0.0,18.0,2011-04-10 15:07:00,2011-11-15 10:51:00,UNITED KINGDOM,218
13634.0,5,186,156,700.0,3.763440860215054,0.0,18.0,2011-01-16 15:30:00,2011-11-06 13:40:00,UNITED KINGDOM,293
13635.0,1,62,62,677.0,10.919354838709678,0.0,18.0,2011-10-03 10:55:00,2011-10-03 10:55:00,UNITED KINGDOM,0
13636.0,5,63,57,592.0,9.396825396825397,0.0,18.0,2011-02-27 14:29:00,2011-11-03 10:30:00,UNITED KINGDOM,248
13637.0,3,99,80,405.0,4.090909090909091,0.0,18.0,2011-04-27 13:06:00,2011-10-18 13:32:00,UNITED KINGDOM,174
13638.0,1,8,8,93.0,11.625,0.0,18.0,2011-11-24 10:38:00,2011-11-24 10:38:00,UNITED KINGDOM,0
13639.0,1,40,39,800.0,20.0,0.0,18.0,2011-09-26 13:36:00,2011-09-26 13:36:00,UNITED KINGDOM,0
13642.0,1,57,57,151.0,2.6491228070175437,0.0,18.0,2011-05-08 12:34:00,2011-05-08 12:34:00,UNITED KINGDOM,0
13643.0,3,28,24,273.0,9.75,0.0,18.0,2011-06-07 11:40:00,2011-11-08 15:37:00,UNITED KINGDOM,154
13644.0,4,146,144,2067.0,14.157534246575343,25.0,25.0,2011-08-26 11:53:00,2011-11-23 14:07:00,UNITED KINGDOM,89
13645.0,1,5,5,158.0,31.6,0.0,18.0,2011-08-11 16:11:00,2011-08-11 16:11:00,UNITED KINGDOM,0
13647.0,4,78,67,887.0,11.371794871794872,0.0,18.0,2011-04-19 09:49:00,2011-11-30 12:00:00,UNITED KINGDOM,225
13649.0,2,23,23,139.0,6.043478260869565,0.0,18.0,2010-12-08 14:46:00,2011-03-28 11:51:00,UNITED KINGDOM,109
13650.0,6,96,81,922.0,9.604166666666666,0.0,18.0,2011-03-17 12:37:00,2011-11-23 12:22:00,UNITED KINGDOM,250
13651.0,2,6,6,33.0,5.5,15.0,15.0,2011-10-31 12:11:00,2011-11-04 14:59:00,UNITED KINGDOM,4
13652.0,3,63,49,578.0,9.174603174603174,0.0,18.0,2010-12-06 09:21:00,2011-10-25 08:51:00,UNITED KINGDOM,322
13654.0,6,166,157,2182.0,13.144578313253012,0.0,18.0,2011-03-11 12:54:00,2011-10-27 16:24:00,UNITED KINGDOM,230
13655.0,2,56,52,605.0,10.803571428571429,0.0,18.0,2011-04-12 09:53:00,2011-08-17 14:25:00,UNITED KINGDOM,127
13656.0,2,49,49,490.0,10.0,0.0,18.0,2011-01-06 15:42:00,2011-06-28 10:31:00,UNITED KINGDOM,172
13657.0,2,16,16,209.0,13.0625,15.0,15.0,2011-05-22 12:35:00,2011-11-29 12:32:00,UNITED KINGDOM,190
13658.0,5,108,92,1019.0,9.435185185185185,0.0,18.0,2011-05-19 17:15:00,2011-11-30 10:13:00,UNITED KINGDOM,194
13659.0,2,103,92,882.0,8.563106796116505,65.0,65.0,2011-01-23 12:08:00,2011-05-18 12:37:00,UNITED KINGDOM,115
13662.0,3,52,50,533.0,10.25,0.0,18.0,2011-03-25 13:23:00,2011-09-15 12:04:00,UNITED KINGDOM,173
13663.0,1,13,13,91.0,7.0,0.0,18.0,2011-06-13 15:44:00,2011-06-13 15:44:00,UNITED KINGDOM,0
13666.0,3,12,12,41.0,3.4166666666666665,0.0,18.0,2011-02-25 13:05:00,2011-10-10 15:39:00,UNITED KINGDOM,227
13667.0,1,83,81,149.0,1.7951807228915662,0.0,18.0,2011-07-13 15:42:00,2011-07-13 15:42:00,UNITED KINGDOM,0
13668.0,21,461,281,3714.0,8.056399132321042,0.0,18.0,2010-12-12 12:35:00,2011-12-07 12:11:00,UNITED KINGDOM,359
13669.0,2,9,9,237.0,26.333333333333332,0.0,18.0,2011-07-13 11:44:00,2011-10-20 09:32:00,UNITED KINGDOM,98
13670.0,1,25,25,282.0,11.28,0.0,18.0,2011-09-25 15:25:00,2011-09-25 15:25:00,UNITED KINGDOM,0
13672.0,2,6,4,57.0,9.5,0.0,18.0,2011-01-11 13:54:00,2011-02-11 13:53:00,UNITED KINGDOM,30
13673.0,2,60,47,114.0,1.9,0.0,18.0,2011-11-07 15:40:00,2011-11-21 12:11:00,UNITED KINGDOM,13
13675.0,2,25,25,330.0,13.2,0.0,18.0,2011-02-28 12:14:00,2011-07-11 12:57:00,UNITED KINGDOM,133
13678.0,1,16,16,924.0,57.75,0.0,18.0,2011-07-11 10:14:00,2011-07-11 10:14:00,UNITED KINGDOM,0
13680.0,4,194,167,1934.0,9.969072164948454,0.0,18.0,2011-01-04 14:12:00,2011-12-08 13:47:00,UNITED KINGDOM,337
13681.0,4,57,38,360.0,6.315789473684211,0.0,18.0,2011-07-07 15:21:00,2011-11-22 11:13:00,UNITED KINGDOM,137
13682.0,1,3,3,10.0,3.3333333333333335,0.0,18.0,2011-06-05 14:06:00,2011-06-05 14:06:00,UNITED KINGDOM,0
13684.0,1,29,29,38.0,1.3103448275862069,3.0,3.0,2011-02-27 10:13:00,2011-02-27 10:13:00,UNITED KINGDOM,0
13685.0,7,39,29,5056.0,129.64102564102564,0.0,18.0,2011-10-10 12:59:00,2011-12-07 11:41:00,UNITED KINGDOM,57
13686.0,1,8,8,70.0,8.75,0.0,18.0,2011-06-10 09:10:00,2011-06-10 09:10:00,UNITED KINGDOM,0
13689.0,1,6,6,512.0,85.33333333333333,0.0,18.0,2011-10-07 13:21:00,2011-10-07 13:21:00,UNITED KINGDOM,0
13690.0,1,9,9,67.0,7.444444444444445,0.0,18.0,2011-10-11 15:03:00,2011-10-11 15:03:00,UNITED KINGDOM,0
13692.0,3,53,48,1226.0,23.132075471698112,0.0,18.0,2011-04-17 12:57:00,2011-11-15 11:17:00,UNITED KINGDOM,211
13694.0,50,568,369,63312.0,111.46478873239437,4.0,1.0,2010-12-01 12:12:00,2011-12-06 09:32:00,UNITED KINGDOM,369
13695.0,15,90,47,1603.0,17.81111111111111,60.0,15.0,2011-03-25 11:31:00,2011-11-08 14:26:00,UNITED KINGDOM,228
13697.0,1,12,12,177.0,14.75,0.0,18.0,2011-11-01 09:14:00,2011-11-01 09:14:00,UNITED KINGDOM,0
13699.0,1,14,14,66.0,4.714285714285714,0.0,18.0,2011-07-07 16:51:00,2011-07-07 16:51:00,UNITED KINGDOM,0
13700.0,10,194,139,2281.0,11.757731958762887,0.0,18.0,2011-01-16 13:18:00,2011-11-13 13:00:00,UNITED KINGDOM,300
13703.0,1,1,1,10.0,10.0,0.0,18.0,2011-01-25 13:10:00,2011-01-25 13:10:00,UNITED KINGDOM,0
13704.0,9,134,111,1531.0,11.425373134328359,0.0,18.0,2011-09-12 14:40:00,2011-12-04 15:13:00,UNITED KINGDOM,83
13705.0,3,28,25,363.0,12.964285714285714,165.0,165.0,2010-12-01 10:29:00,2011-12-02 12:32:00,UNITED KINGDOM,366
13706.0,1,20,20,189.0,9.45,0.0,18.0,2011-02-10 09:21:00,2011-02-10 09:21:00,UNITED KINGDOM,0
13707.0,2,48,48,351.0,7.3125,0.0,18.0,2011-01-28 13:27:00,2011-03-17 18:03:00,UNITED KINGDOM,48
13708.0,1,49,49,301.0,6.142857142857143,2.0,2.0,2011-03-13 13:46:00,2011-03-13 13:46:00,UNITED KINGDOM,0
13709.0,13,335,252,3508.0,10.471641791044776,50.0,25.0,2011-01-28 14:57:00,2011-12-06 10:28:00,UNITED KINGDOM,311
13710.0,1,8,8,176.0,22.0,0.0,18.0,2011-11-08 08:16:00,2011-11-08 08:16:00,UNITED KINGDOM,0
13711.0,2,13,11,140.0,10.76923076923077,0.0,18.0,2011-05-05 10:29:00,2011-05-05 10:31:00,UNITED KINGDOM,0
13712.0,1,10,10,352.0,35.2,0.0,18.0,2011-04-07 12:33:00,2011-04-07 12:33:00,UNITED KINGDOM,0
13715.0,5,104,89,562.0,5.403846153846154,0.0,18.0,2010-12-02 08:52:00,2011-03-03 19:21:00,UNITED KINGDOM,91
13716.0,1,21,21,138.0,6.571428571428571,0.0,18.0,2011-03-15 13:49:00,2011-03-15 13:49:00,UNITED KINGDOM,0
13717.0,6,102,92,1959.0,19.205882352941178,0.0,18.0,2011-02-14 13:21:00,2011-11-07 14:13:00,UNITED KINGDOM,266
13718.0,2,12,9,173.0,14.416666666666666,0.0,18.0,2011-02-17 11:58:00,2011-04-07 13:24:00,UNITED KINGDOM,49
13719.0,5,60,56,609.0,10.15,25.0,25.0,2011-04-19 13:56:00,2011-11-24 15:26:00,UNITED KINGDOM,219
13720.0,4,43,42,501.0,11.651162790697674,15.0,15.0,2011-03-30 09:17:00,2011-08-15 12:46:00,UNITED KINGDOM,138
13721.0,1,28,28,316.0,11.285714285714286,0.0,18.0,2011-11-03 14:05:00,2011-11-03 14:05:00,UNITED KINGDOM,0
13722.0,3,85,75,1401.0,16.48235294117647,0.0,18.0,2011-03-02 11:43:00,2011-07-31 12:44:00,UNITED KINGDOM,151
13723.0,1,6,6,43.0,7.166666666666667,0.0,18.0,2011-05-06 17:04:00,2011-05-06 17:04:00,UNITED KINGDOM,0
13725.0,8,103,94,802.0,7.786407766990291,0.0,18.0,2011-02-04 12:18:00,2011-10-21 10:03:00,UNITED KINGDOM,258
13726.0,2,42,39,1054.0,25.095238095238095,0.0,18.0,2011-08-31 11:06:00,2011-11-01 10:49:00,UNITED KINGDOM,61
13727.0,2,20,19,162.0,8.1,0.0,18.0,2011-11-06 12:16:00,2011-11-11 09:46:00,UNITED KINGDOM,4
13728.0,6,63,39,458.0,7.26984126984127,0.0,18.0,2011-02-02 12:09:00,2011-11-03 10:49:00,UNITED KINGDOM,273
13730.0,2,43,38,488.0,11.348837209302326,0.0,18.0,2011-07-01 12:47:00,2011-07-27 08:35:00,UNITED KINGDOM,25
13731.0,2,38,36,278.0,7.315789473684211,0.0,18.0,2011-04-07 10:10:00,2011-05-04 14:33:00,UNITED KINGDOM,27
13732.0,1,33,33,498.0,15.090909090909092,0.0,18.0,2011-11-11 15:49:00,2011-11-11 15:49:00,UNITED KINGDOM,0
13735.0,4,195,158,1128.0,5.7846153846153845,0.0,18.0,2011-04-19 13:49:00,2011-11-15 11:14:00,UNITED KINGDOM,209
13736.0,2,190,167,496.0,2.610526315789474,0.0,18.0,2011-03-24 13:04:00,2011-12-04 15:19:00,UNITED KINGDOM,255
13737.0,1,30,29,125.0,4.166666666666667,0.0,18.0,2011-05-23 16:32:00,2011-05-23 16:32:00,UNITED KINGDOM,0
13739.0,1,3,3,54.0,18.0,0.0,18.0,2011-11-21 13:35:00,2011-11-21 13:35:00,UNITED KINGDOM,0
13740.0,1,23,23,425.0,18.47826086956522,0.0,18.0,2011-04-13 10:32:00,2011-04-13 10:32:00,UNITED KINGDOM,0
13741.0,3,34,34,218.0,6.411764705882353,0.0,18.0,2011-05-06 13:43:00,2011-09-29 09:19:00,UNITED KINGDOM,145
13742.0,12,313,200,1115.0,3.562300319488818,0.0,18.0,2011-01-23 14:59:00,2011-11-23 11:07:00,UNITED KINGDOM,303
13743.0,7,41,9,1776.0,43.31707317073171,0.0,18.0,2011-03-25 14:46:00,2011-12-07 10:09:00,UNITED KINGDOM,256
13744.0,2,63,54,1153.0,18.3015873015873,0.0,18.0,2011-02-20 14:08:00,2011-09-05 15:19:00,UNITED KINGDOM,197
13745.0,1,25,25,496.0,19.84,0.0,18.0,2011-06-30 16:43:00,2011-06-30 16:43:00,UNITED KINGDOM,0
13747.0,1,1,1,8.0,8.0,0.0,18.0,2010-12-01 10:37:00,2010-12-01 10:37:00,UNITED KINGDOM,0
13748.0,5,28,24,439.0,15.678571428571429,0.0,18.0,2010-12-01 09:00:00,2011-09-05 09:45:00,UNITED KINGDOM,278
13750.0,5,24,20,516.0,21.5,0.0,18.0,2011-01-07 11:49:00,2011-10-17 12:16:00,UNITED KINGDOM,283
13751.0,1,9,9,152.0,16.88888888888889,0.0,18.0,2011-02-24 15:56:00,2011-02-24 15:56:00,UNITED KINGDOM,0
13752.0,6,75,64,874.0,11.653333333333334,30.0,30.0,2011-04-07 12:04:00,2011-08-07 14:16:00,UNITED KINGDOM,122
13753.0,1,35,35,512.0,14.628571428571428,0.0,18.0,2011-02-25 12:48:00,2011-02-25 12:48:00,UNITED KINGDOM,0
13754.0,2,12,11,214.0,17.833333333333332,0.0,18.0,2011-01-26 14:58:00,2011-07-11 11:51:00,UNITED KINGDOM,165
13755.0,9,320,231,1241.0,3.878125,25.0,25.0,2011-10-07 15:45:00,2011-12-06 12:26:00,UNITED KINGDOM,59
13756.0,14,142,66,3188.0,22.450704225352112,0.0,18.0,2010-12-07 11:41:00,2011-12-07 16:44:00,UNITED KINGDOM,365
13758.0,7,117,104,1844.0,15.760683760683762,0.0,18.0,2010-12-01 12:08:00,2011-11-28 11:11:00,UNITED KINGDOM,361
13759.0,2,25,24,287.0,11.48,0.0,18.0,2011-09-29 15:40:00,2011-11-06 14:47:00,UNITED KINGDOM,37
13760.0,2,57,50,197.0,3.456140350877193,0.0,18.0,2011-03-28 12:52:00,2011-10-16 16:13:00,UNITED KINGDOM,202
13761.0,2,70,68,642.0,9.17142857142857,0.0,18.0,2011-06-13 08:43:00,2011-10-20 14:01:00,UNITED KINGDOM,129
13762.0,1,7,7,272.0,38.857142857142854,0.0,18.0,2011-05-05 09:15:00,2011-05-05 09:15:00,UNITED KINGDOM,0
13763.0,1,15,15,728.0,48.53333333333333,0.0,18.0,2011-10-07 15:13:00,2011-10-07 15:13:00,UNITED KINGDOM,0
13764.0,3,207,184,926.0,4.473429951690822,1.0,1.0,2011-01-06 14:53:00,2011-09-30 12:03:00,UNITED KINGDOM,266
13767.0,37,368,55,7322.0,19.89673913043478,0.0,18.0,2010-12-01 10:47:00,2011-12-07 15:00:00,UNITED KINGDOM,371
13769.0,10,135,74,1163.0,8.614814814814816,0.0,18.0,2010-12-07 13:28:00,2011-12-07 15:08:00,UNITED KINGDOM,365
13771.0,4,119,115,1477.0,12.411764705882353,0.0,18.0,2011-04-06 15:47:00,2011-10-06 14:18:00,UNITED KINGDOM,182
13772.0,3,173,141,540.0,3.121387283236994,0.0,18.0,2011-04-14 12:31:00,2011-11-06 11:43:00,UNITED KINGDOM,205
13774.0,1,22,22,192.0,8.727272727272727,0.0,18.0,2011-09-19 12:06:00,2011-09-19 12:06:00,UNITED KINGDOM,0
13777.0,33,197,36,12897.0,65.46700507614213,0.0,18.0,2010-12-01 16:01:00,2011-12-09 12:25:00,UNITED KINGDOM,372
13778.0,1,9,9,70.0,7.777777777777778,0.0,18.0,2011-08-28 15:25:00,2011-08-28 15:25:00,UNITED KINGDOM,0
13780.0,2,57,56,318.0,5.578947368421052,0.0,18.0,2011-06-22 11:43:00,2011-12-02 13:49:00,UNITED KINGDOM,163
13781.0,1,17,17,30.0,1.7647058823529411,0.0,18.0,2011-04-03 12:08:00,2011-04-03 12:08:00,UNITED KINGDOM,0
13782.0,6,113,98,369.0,3.265486725663717,0.0,18.0,2011-01-16 11:08:00,2011-11-27 11:54:00,UNITED KINGDOM,315
13784.0,11,31,9,2493.0,80.41935483870968,0.0,18.0,2011-01-11 14:38:00,2011-11-30 09:33:00,UNITED KINGDOM,322
13786.0,1,7,7,136.0,19.428571428571427,0.0,18.0,2010-12-07 13:53:00,2010-12-07 13:53:00,UNITED KINGDOM,0
13787.0,2,31,24,337.0,10.870967741935484,0.0,18.0,2010-12-10 14:45:00,2011-09-25 12:06:00,UNITED KINGDOM,288
13790.0,1,45,45,748.0,16.622222222222224,0.0,18.0,2011-12-05 15:48:00,2011-12-05 15:48:00,UNITED KINGDOM,0
13791.0,2,11,7,1200.0,109.0909090909091,0.0,18.0,2011-06-24 16:38:00,2011-08-04 11:44:00,UNITED KINGDOM,40
13792.0,2,13,13,92.0,7.076923076923077,0.0,18.0,2011-02-25 14:03:00,2011-10-04 14:31:00,UNITED KINGDOM,221
13798.0,57,349,116,23948.0,68.6189111747851,0.0,18.0,2010-12-02 17:24:00,2011-12-08 15:51:00,UNITED KINGDOM,370
13799.0,2,39,32,402.0,10.307692307692308,0.0,18.0,2011-02-18 14:18:00,2011-08-15 12:07:00,UNITED KINGDOM,177
13800.0,1,33,33,331.0,10.030303030303031,0.0,18.0,2011-02-03 12:27:00,2011-02-03 12:27:00,UNITED KINGDOM,0
13801.0,1,23,23,168.0,7.304347826086956,0.0,18.0,2011-10-04 10:15:00,2011-10-04 10:15:00,UNITED KINGDOM,0
13802.0,3,60,55,2572.0,42.86666666666667,0.0,18.0,2011-02-01 12:03:00,2011-07-24 10:54:00,UNITED KINGDOM,172
13803.0,1,17,17,121.0,7.117647058823529,0.0,18.0,2011-03-29 12:57:00,2011-03-29 12:57:00,UNITED KINGDOM,0
13804.0,7,135,124,1462.0,10.829629629629629,0.0,18.0,2011-02-23 09:09:00,2011-11-09 12:32:00,UNITED KINGDOM,259
13805.0,2,13,10,1900.0,146.15384615384616,0.0,18.0,2011-08-02 15:29:00,2011-10-18 14:50:00,UNITED KINGDOM,76
13806.0,1,10,10,56.0,5.6,0.0,18.0,2011-10-07 11:43:00,2011-10-07 11:43:00,UNITED KINGDOM,0
13807.0,1,7,7,36.0,5.142857142857143,0.0,18.0,2010-12-07 15:48:00,2010-12-07 15:48:00,UNITED KINGDOM,0
13808.0,5,76,70,782.0,10.289473684210526,0.0,18.0,2011-09-04 12:07:00,2011-12-04 12:18:00,UNITED KINGDOM,91
13810.0,3,35,32,312.0,8.914285714285715,36.0,18.0,2011-10-14 12:57:00,2011-11-11 08:33:00,GERMANY,27
13811.0,3,13,7,68.0,5.230769230769231,36.0,18.0,2011-04-14 18:40:00,2011-06-09 09:54:00,GERMANY,55
13812.0,3,36,33,333.0,9.25,54.0,18.0,2011-08-26 12:54:00,2011-10-28 14:27:00,GERMANY,63
13813.0,4,69,54,552.0,8.0,72.0,18.0,2011-07-28 10:33:00,2011-10-31 10:38:00,GERMANY,95
13814.0,2,57,38,864.0,15.157894736842104,0.0,18.0,2011-07-25 13:54:00,2011-09-08 13:48:00,GERMANY,44
13815.0,4,176,135,2560.0,14.545454545454545,54.0,18.0,2011-01-25 12:16:00,2011-11-17 14:19:00,GERMANY,296
13816.0,2,28,25,269.0,9.607142857142858,36.0,18.0,2011-10-06 14:37:00,2011-11-16 08:38:00,GERMANY,40
13817.0,2,24,20,211.0,8.791666666666666,36.0,18.0,2010-12-23 11:46:00,2011-11-10 17:49:00,GERMANY,322
13819.0,3,36,26,1109.0,30.805555555555557,0.0,18.0,2011-01-24 10:38:00,2011-02-11 10:38:00,UNITED KINGDOM,18
13821.0,2,59,51,153.0,2.593220338983051,0.0,18.0,2011-03-23 11:30:00,2011-07-18 09:49:00,UNITED KINGDOM,116
13822.0,2,96,90,611.0,6.364583333333333,0.0,18.0,2011-10-30 15:55:00,2011-12-04 12:13:00,UNITED KINGDOM,34
13823.0,2,40,39,439.0,10.975,0.0,18.0,2011-09-09 10:42:00,2011-11-21 10:22:00,UNITED KINGDOM,72
13824.0,5,46,35,768.0,16.695652173913043,0.0,18.0,2011-02-02 13:07:00,2011-11-07 12:41:00,UNITED KINGDOM,277
13826.0,1,10,10,82.0,8.2,0.0,18.0,2011-06-16 13:48:00,2011-06-16 13:48:00,UNITED KINGDOM,0
13827.0,3,92,83,138.0,1.5,0.0,18.0,2011-07-19 15:38:00,2011-10-13 12:38:00,UNITED KINGDOM,85
13828.0,1,15,15,311.0,20.733333333333334,0.0,18.0,2011-11-17 16:02:00,2011-11-17 16:02:00,UNITED KINGDOM,0
13831.0,6,72,59,743.0,10.319444444444445,0.0,18.0,2010-12-05 12:13:00,2011-11-23 15:41:00,UNITED KINGDOM,353
13832.0,1,3,3,28.0,9.333333333333334,0.0,18.0,2011-11-20 15:36:00,2011-11-20 15:36:00,UNITED KINGDOM,0
13833.0,1,28,28,117.0,4.178571428571429,0.0,18.0,2011-07-03 13:27:00,2011-07-03 13:27:00,UNITED KINGDOM,0
13835.0,4,55,48,442.0,8.036363636363637,0.0,18.0,2011-05-08 15:22:00,2011-11-14 15:37:00,UNITED KINGDOM,190
13837.0,2,18,17,182.0,10.11111111111111,0.0,18.0,2011-01-26 12:15:00,2011-05-12 12:10:00,UNITED KINGDOM,105
13838.0,4,165,144,254.0,1.5393939393939393,0.0,18.0,2010-12-05 10:45:00,2011-12-04 11:00:00,UNITED KINGDOM,364
13841.0,1,1,1,100.0,100.0,0.0,18.0,2011-04-01 12:10:00,2011-04-01 12:10:00,UNITED KINGDOM,0
13842.0,9,206,155,1768.0,8.58252427184466,0.0,18.0,2010-12-08 10:39:00,2011-10-12 10:51:00,UNITED KINGDOM,308
13844.0,1,20,20,196.0,9.8,0.0,18.0,2011-11-28 13:21:00,2011-11-28 13:21:00,UNITED KINGDOM,0
13845.0,1,9,9,182.0,20.22222222222222,0.0,18.0,2011-10-06 08:25:00,2011-10-06 08:25:00,UNITED KINGDOM,0
13846.0,3,55,55,388.0,7.054545454545455,0.0,18.0,2010-12-14 16:07:00,2011-11-15 12:07:00,UNITED KINGDOM,335
13848.0,3,5,3,3700.0,740.0,0.0,18.0,2010-12-08 15:10:00,2011-09-08 12:58:00,UNITED KINGDOM,273
13849.0,2,101,97,1016.0,10.05940594059406,0.0,18.0,2011-06-22 10:11:00,2011-10-19 10:59:00,UNITED KINGDOM,119
13850.0,1,93,93,944.0,10.150537634408602,0.0,18.0,2011-08-02 14:04:00,2011-08-02 14:04:00,UNITED KINGDOM,0
13851.0,3,81,77,1705.0,21.049382716049383,0.0,18.0,2011-02-24 17:18:00,2011-09-05 12:36:00,UNITED KINGDOM,192
13853.0,1,23,23,312.0,13.565217391304348,0.0,18.0,2011-10-13 14:18:00,2011-10-13 14:18:00,UNITED KINGDOM,0
13854.0,25,110,39,2296.0,20.87272727272727,0.0,18.0,2010-12-09 10:48:00,2011-12-01 09:06:00,UNITED KINGDOM,356
13856.0,3,14,10,494.0,35.285714285714285,0.0,18.0,2011-05-20 13:13:00,2011-06-24 10:03:00,UNITED KINGDOM,34
13858.0,1,11,11,75.0,6.818181818181818,0.0,18.0,2011-10-13 16:17:00,2011-10-13 16:17:00,UNITED KINGDOM,0
13859.0,1,28,27,129.0,4.607142857142857,0.0,18.0,2011-01-17 16:14:00,2011-01-17 16:14:00,UNITED KINGDOM,0
13860.0,5,76,58,591.0,7.776315789473684,0.0,18.0,2011-09-14 09:27:00,2011-12-08 12:57:00,UNITED KINGDOM,85
13862.0,8,139,98,1688.0,12.143884892086332,0.0,18.0,2011-01-11 15:13:00,2011-11-21 16:24:00,UNITED KINGDOM,314
13863.0,1,20,20,224.0,11.2,0.0,18.0,2011-04-06 10:20:00,2011-04-06 10:20:00,UNITED KINGDOM,0
13865.0,4,30,26,204.0,6.8,0.0,18.0,2011-02-23 12:04:00,2011-10-12 13:31:00,UNITED KINGDOM,231
13866.0,1,7,7,57.0,8.142857142857142,0.0,18.0,2011-09-26 14:54:00,2011-09-26 14:54:00,UNITED KINGDOM,0
13867.0,3,60,51,501.0,8.35,0.0,18.0,2011-05-05 17:28:00,2011-11-08 15:48:00,UNITED KINGDOM,186
13868.0,2,33,32,1964.0,59.515151515151516,0.0,18.0,2011-11-01 12:45:00,2011-12-02 16:32:00,UNITED KINGDOM,31
13869.0,4,304,235,1709.0,5.621710526315789,0.0,18.0,2010-12-17 15:14:00,2011-08-08 13:53:00,UNITED KINGDOM,233
13870.0,8,115,91,1325.0,11.521739130434783,0.0,18.0,2011-02-25 09:09:00,2011-12-07 13:23:00,UNITED KINGDOM,285
13871.0,13,336,160,2806.0,8.351190476190476,0.0,18.0,2011-02-04 09:30:00,2011-11-17 10:49:00,UNITED KINGDOM,286
13873.0,3,23,21,140.0,6.086956521739131,0.0,18.0,2011-02-03 09:37:00,2011-08-12 10:08:00,UNITED KINGDOM,190
13874.0,1,18,18,180.0,10.0,0.0,18.0,2010-12-16 18:20:00,2010-12-16 18:20:00,UNITED KINGDOM,0
13875.0,5,104,82,1316.0,12.653846153846153,0.0,18.0,2011-02-11 15:39:00,2011-10-17 09:36:00,UNITED KINGDOM,247
13876.0,1,7,7,36.0,5.142857142857143,0.0,18.0,2011-10-07 10:22:00,2011-10-07 10:22:00,UNITED KINGDOM,0
13877.0,1,3,3,108.0,36.0,0.0,18.0,2011-09-14 15:49:00,2011-09-14 15:49:00,UNITED KINGDOM,0
13878.0,1,35,35,463.0,13.228571428571428,0.0,18.0,2011-10-16 12:19:00,2011-10-16 12:19:00,UNITED KINGDOM,0
13880.0,13,165,126,1842.0,11.163636363636364,0.0,18.0,2010-12-07 14:00:00,2011-11-18 13:44:00,UNITED KINGDOM,345
13881.0,20,178,72,10118.0,56.842696629213485,0.0,18.0,2011-02-01 10:14:00,2011-12-06 12:50:00,UNITED KINGDOM,308
13882.0,5,65,54,953.0,14.661538461538461,25.0,25.0,2011-10-06 15:28:00,2011-12-07 11:16:00,UNITED KINGDOM,61
13883.0,5,142,110,1436.0,10.112676056338028,0.0,18.0,2011-03-31 17:17:00,2011-11-29 10:45:00,UNITED KINGDOM,242
13884.0,5,59,47,300.0,5.084745762711864,0.0,18.0,2011-03-01 13:40:00,2011-12-02 16:30:00,UNITED KINGDOM,276
13885.0,2,28,28,182.0,6.5,0.0,18.0,2011-05-23 08:52:00,2011-06-03 15:07:00,UNITED KINGDOM,11
13886.0,1,16,16,126.0,7.875,0.0,18.0,2011-09-29 13:17:00,2011-09-29 13:17:00,UNITED KINGDOM,0
13887.0,1,19,19,147.0,7.7368421052631575,0.0,18.0,2011-05-19 17:22:00,2011-05-19 17:22:00,UNITED KINGDOM,0
13888.0,2,39,38,254.0,6.512820512820513,0.0,18.0,2011-05-05 14:41:00,2011-08-12 10:13:00,UNITED KINGDOM,98
13889.0,1,15,15,146.0,9.733333333333333,0.0,18.0,2011-09-08 09:13:00,2011-09-08 09:13:00,UNITED KINGDOM,0
13890.0,10,110,74,831.0,7.554545454545455,0.0,18.0,2010-12-16 09:31:00,2011-12-08 15:36:00,UNITED KINGDOM,357
13892.0,4,27,26,983.0,36.407407407407405,0.0,18.0,2011-04-07 12:04:00,2011-11-13 11:50:00,UNITED KINGDOM,219
13893.0,1,21,21,190.0,9.047619047619047,0.0,18.0,2011-02-15 11:30:00,2011-02-15 11:30:00,UNITED KINGDOM,0
13894.0,3,27,25,354.0,13.11111111111111,0.0,18.0,2011-02-02 12:54:00,2011-11-16 09:44:00,UNITED KINGDOM,286
13895.0,4,118,98,1365.0,11.567796610169491,0.0,18.0,2011-06-28 10:17:00,2011-11-11 16:57:00,UNITED KINGDOM,136
13897.0,1,17,17,200.0,11.764705882352942,0.0,18.0,2011-10-20 14:30:00,2011-10-20 14:30:00,UNITED KINGDOM,0
13898.0,1,12,12,133.0,11.083333333333334,0.0,18.0,2011-01-18 10:28:00,2011-01-18 10:28:00,UNITED KINGDOM,0
13899.0,2,19,19,156.0,8.210526315789474,0.0,18.0,2011-03-10 09:30:00,2011-11-23 13:40:00,UNITED KINGDOM,258
13900.0,3,43,42,430.0,10.0,0.0,18.0,2011-03-22 10:13:00,2011-06-09 19:26:00,UNITED KINGDOM,79
13901.0,5,149,144,1739.0,11.671140939597315,0.0,18.0,2011-01-25 09:01:00,2011-09-28 14:48:00,UNITED KINGDOM,246
13904.0,2,26,24,332.0,12.76923076923077,0.0,18.0,2011-02-18 11:18:00,2011-11-02 13:41:00,UNITED KINGDOM,257
13908.0,4,122,104,1478.0,12.114754098360656,50.0,50.0,2011-03-08 12:04:00,2011-09-21 11:49:00,UNITED KINGDOM,196
13911.0,9,148,120,2731.0,18.4527027027027,0.0,18.0,2011-02-04 14:46:00,2011-10-13 15:43:00,UNITED KINGDOM,251
13914.0,2,33,29,380.0,11.515151515151516,0.0,18.0,2011-11-03 16:28:00,2011-11-28 10:35:00,UNITED KINGDOM,24
13917.0,2,18,16,228.0,12.666666666666666,0.0,18.0,2011-06-01 12:46:00,2011-10-21 09:56:00,UNITED KINGDOM,141
13918.0,2,30,30,1140.0,38.0,0.0,18.0,2011-03-31 18:05:00,2011-10-21 12:25:00,UNITED KINGDOM,203
13922.0,1,7,7,93.0,13.285714285714286,0.0,18.0,2010-12-23 10:38:00,2010-12-23 10:38:00,UNITED KINGDOM,0
13923.0,1,20,20,185.0,9.25,0.0,18.0,2011-10-17 12:33:00,2011-10-17 12:33:00,UNITED KINGDOM,0
13924.0,6,117,90,1575.0,13.461538461538462,0.0,18.0,2011-09-28 15:07:00,2011-12-08 09:39:00,UNITED KINGDOM,70
13925.0,4,41,28,331.0,8.073170731707316,0.0,18.0,2011-07-28 12:09:00,2011-09-08 12:47:00,UNITED KINGDOM,42
13926.0,1,11,11,104.0,9.454545454545455,0.0,18.0,2011-11-16 13:16:00,2011-11-16 13:16:00,UNITED KINGDOM,0
13927.0,1,21,21,214.0,10.19047619047619,0.0,18.0,2011-09-26 12:00:00,2011-09-26 12:00:00,UNITED KINGDOM,0
13928.0,4,27,23,129.0,4.777777777777778,0.0,18.0,2011-07-29 15:59:00,2011-11-29 10:33:00,UNITED KINGDOM,122
13929.0,2,9,8,143.0,15.88888888888889,0.0,18.0,2011-01-17 15:11:00,2011-06-23 15:26:00,UNITED KINGDOM,157
13930.0,2,17,15,274.0,16.11764705882353,0.0,18.0,2011-07-26 11:00:00,2011-10-13 09:45:00,UNITED KINGDOM,78
13931.0,2,58,56,725.0,12.5,0.0,18.0,2011-03-04 08:43:00,2011-09-05 10:12:00,UNITED KINGDOM,185
13932.0,1,16,16,72.0,4.5,0.0,18.0,2011-02-18 12:02:00,2011-02-18 12:02:00,UNITED KINGDOM,0
13933.0,2,23,23,205.0,8.91304347826087,0.0,18.0,2011-07-14 13:35:00,2011-08-22 14:03:00,UNITED KINGDOM,39
13934.0,1,31,31,390.0,12.580645161290322,0.0,18.0,2011-03-21 08:39:00,2011-03-21 08:39:00,UNITED KINGDOM,0
13936.0,1,26,26,330.0,12.692307692307692,0.0,18.0,2011-06-13 08:47:00,2011-06-13 08:47:00,UNITED KINGDOM,0
13937.0,1,9,9,123.0,13.666666666666666,0.0,18.0,2011-06-23 16:35:00,2011-06-23 16:35:00,UNITED KINGDOM,0
13938.0,1,7,7,70.0,10.0,0.0,18.0,2011-11-04 14:37:00,2011-11-04 14:37:00,UNITED KINGDOM,0
13939.0,3,45,43,847.0,18.822222222222223,0.0,18.0,2011-02-01 11:30:00,2011-11-16 13:33:00,UNITED KINGDOM,288
13940.0,4,49,39,516.0,10.53061224489796,0.0,18.0,2011-07-18 16:05:00,2011-11-22 15:15:00,UNITED KINGDOM,126
13941.0,5,45,25,2364.0,52.53333333333333,0.0,18.0,2010-12-02 10:17:00,2011-11-18 09:43:00,UNITED KINGDOM,350
13946.0,3,11,11,443.0,40.27272727272727,0.0,18.0,2011-03-17 10:02:00,2011-09-21 13:33:00,UNITED KINGDOM,188
13947.0,1,5,5,44.0,8.8,0.0,18.0,2011-10-05 14:42:00,2011-10-05 14:42:00,UNITED KINGDOM,0
13948.0,1,3,3,40.0,13.333333333333334,0.0,18.0,2010-12-14 10:18:00,2010-12-14 10:18:00,UNITED KINGDOM,0
13949.0,6,160,124,2474.0,15.4625,0.0,18.0,2011-09-06 11:55:00,2011-12-07 09:35:00,UNITED KINGDOM,91
13950.0,4,35,33,323.0,9.228571428571428,15.0,15.0,2011-04-07 11:29:00,2011-11-28 14:44:00,UNITED KINGDOM,235
13951.0,3,39,38,459.0,11.76923076923077,0.0,18.0,2011-02-18 15:21:00,2011-06-16 16:43:00,UNITED KINGDOM,118
13952.0,2,137,120,1431.0,10.445255474452555,0.0,18.0,2011-04-15 09:27:00,2011-05-06 09:00:00,UNITED KINGDOM,20
13953.0,7,20,8,2724.0,136.2,0.0,18.0,2010-12-22 10:29:00,2011-12-02 16:04:00,UNITED KINGDOM,345
13954.0,2,25,24,150.0,6.0,0.0,18.0,2011-09-30 10:52:00,2011-12-08 12:50:00,UNITED KINGDOM,69
13955.0,2,33,33,154.0,4.666666666666667,0.0,18.0,2011-02-07 12:24:00,2011-07-08 17:19:00,UNITED KINGDOM,151
13956.0,5,147,123,486.0,3.306122448979592,0.0,18.0,2011-03-13 12:51:00,2011-12-04 13:20:00,UNITED KINGDOM,266
13959.0,3,90,79,355.0,3.9444444444444446,0.0,18.0,2010-12-12 13:56:00,2011-09-21 15:06:00,UNITED KINGDOM,283
13960.0,2,12,11,142.0,11.833333333333334,0.0,18.0,2011-09-29 12:39:00,2011-11-18 15:27:00,UNITED KINGDOM,50
13962.0,2,11,11,87.0,7.909090909090909,0.0,18.0,2011-04-08 11:21:00,2011-11-18 08:47:00,UNITED KINGDOM,223
13963.0,4,35,35,460.0,13.142857142857142,0.0,18.0,2010-12-07 09:21:00,2011-02-04 14:43:00,UNITED KINGDOM,59
13967.0,1,2,2,42.0,21.0,0.0,18.0,2011-07-17 12:02:00,2011-07-17 12:02:00,UNITED KINGDOM,0
13969.0,18,619,339,4528.0,7.315024232633279,170.0,85.0,2010-12-09 19:32:00,2011-12-02 15:11:00,UNITED KINGDOM,357
13971.0,8,149,118,1844.0,12.375838926174497,0.0,18.0,2011-02-27 12:27:00,2011-11-21 12:06:00,UNITED KINGDOM,266
13972.0,2,15,15,187.0,12.466666666666667,0.0,18.0,2011-05-22 11:34:00,2011-09-30 11:54:00,UNITED KINGDOM,131
13973.0,1,11,11,109.0,9.909090909090908,0.0,18.0,2011-02-25 15:21:00,2011-02-25 15:21:00,UNITED KINGDOM,0
13974.0,1,28,28,249.0,8.892857142857142,0.0,18.0,2011-10-21 14:41:00,2011-10-21 14:41:00,UNITED KINGDOM,0
13975.0,6,329,240,1697.0,5.1580547112462005,0.0,18.0,2011-03-08 12:19:00,2011-11-08 13:19:00,UNITED KINGDOM,245
13976.0,1,10,10,154.0,15.4,0.0,18.0,2011-05-17 09:13:00,2011-05-17 09:13:00,UNITED KINGDOM,0
13978.0,2,15,14,315.0,21.0,0.0,18.0,2011-10-25 15:04:00,2011-11-25 11:36:00,UNITED KINGDOM,30
13979.0,1,54,54,639.0,11.833333333333334,0.0,18.0,2011-09-27 13:32:00,2011-09-27 13:32:00,UNITED KINGDOM,0
13980.0,1,11,11,172.0,15.636363636363637,0.0,18.0,2011-10-10 13:34:00,2011-10-10 13:34:00,UNITED KINGDOM,0
13982.0,4,111,72,1136.0,10.234234234234235,0.0,18.0,2010-12-09 13:57:00,2011-10-31 16:24:00,UNITED KINGDOM,326
13983.0,12,107,92,1183.0,11.05607476635514,435.0,145.0,2010-12-08 10:38:00,2011-11-10 11:06:00,UNITED KINGDOM,337
13984.0,5,16,14,679.0,42.4375,0.0,18.0,2010-12-08 15:58:00,2011-11-13 12:38:00,UNITED KINGDOM,339
13985.0,15,351,109,3447.0,9.820512820512821,0.0,0.0,2011-03-20 13:48:00,2011-12-05 17:06:00,UNITED KINGDOM,260
13986.0,1,13,12,430.0,33.07692307692308,0.0,18.0,2011-11-22 15:00:00,2011-11-22 15:00:00,UNITED KINGDOM,0
13988.0,6,234,188,3044.0,13.008547008547009,25.0,25.0,2011-03-30 11:48:00,2011-11-20 10:15:00,UNITED KINGDOM,234
13989.0,2,41,33,1313.0,32.02439024390244,0.0,18.0,2011-04-14 15:39:00,2011-10-05 09:47:00,UNITED KINGDOM,173
13990.0,1,16,16,190.0,11.875,0.0,18.0,2011-05-10 15:19:00,2011-05-10 15:19:00,UNITED KINGDOM,0
13991.0,6,82,59,995.0,12.134146341463415,1.0,1.0,2011-07-19 12:58:00,2011-11-27 16:18:00,UNITED KINGDOM,131
13992.0,1,5,5,64.0,12.8,0.0,18.0,2011-11-09 15:23:00,2011-11-09 15:23:00,UNITED KINGDOM,0
13993.0,9,121,66,900.0,7.43801652892562,15.0,15.0,2011-01-13 10:43:00,2011-10-28 09:06:00,UNITED KINGDOM,287
13994.0,6,148,122,932.0,6.297297297297297,0.0,18.0,2011-07-14 18:28:00,2011-12-06 11:05:00,UNITED KINGDOM,144
13995.0,5,86,56,879.0,10.220930232558139,0.0,18.0,2011-04-08 08:20:00,2011-11-24 14:22:00,UNITED KINGDOM,230
13999.0,12,208,104,2243.0,10.783653846153847,0.0,18.0,2010-12-13 11:23:00,2011-11-29 13:40:00,UNITED KINGDOM,351
14000.0,1,15,15,710.0,47.333333333333336,0.0,18.0,2011-05-12 16:50:00,2011-05-12 16:50:00,UNITED KINGDOM,0
14001.0,3,39,34,962.0,24.666666666666668,0.0,18.0,2010-12-01 12:58:00,2011-10-25 10:31:00,UNITED KINGDOM,327
14002.0,2,47,47,877.0,18.659574468085108,0.0,18.0,2011-07-06 14:59:00,2011-07-28 15:55:00,UNITED KINGDOM,22
14004.0,7,171,104,2668.0,15.602339181286549,0.0,18.0,2011-02-24 09:28:00,2011-10-27 14:40:00,UNITED KINGDOM,245
14005.0,5,84,53,2478.0,29.5,0.0,18.0,2011-05-08 10:33:00,2011-11-30 12:41:00,UNITED KINGDOM,206
14006.0,3,30,23,641.0,21.366666666666667,0.0,18.0,2011-01-31 15:11:00,2011-08-16 09:39:00,UNITED KINGDOM,196
14009.0,2,42,42,365.0,8.69047619047619,0.0,18.0,2011-05-18 13:00:00,2011-05-25 15:47:00,UNITED KINGDOM,7
14012.0,1,11,11,160.0,14.545454545454545,0.0,18.0,2011-03-07 12:26:00,2011-03-07 12:26:00,UNITED KINGDOM,0
14013.0,3,34,30,462.0,13.588235294117647,0.0,18.0,2011-03-09 08:59:00,2011-08-21 15:01:00,UNITED KINGDOM,165
14014.0,1,39,39,1076.0,27.58974358974359,0.0,18.0,2011-09-23 13:18:00,2011-09-23 13:18:00,UNITED KINGDOM,0
14015.0,1,20,20,378.0,18.9,0.0,18.0,2011-10-18 10:02:00,2011-10-18 10:02:00,UNITED KINGDOM,0
14019.0,3,66,38,1037.0,15.712121212121213,0.0,18.0,2011-07-24 15:39:00,2011-10-24 10:13:00,UNITED KINGDOM,91
14020.0,2,39,37,441.0,11.307692307692308,0.0,18.0,2011-09-12 15:32:00,2011-11-23 09:22:00,UNITED KINGDOM,71
14021.0,3,22,22,192.0,8.727272727272727,0.0,18.0,2011-03-28 15:10:00,2011-07-07 15:46:00,UNITED KINGDOM,101
14022.0,1,28,28,487.0,17.392857142857142,0.0,18.0,2011-04-28 14:39:00,2011-04-28 14:39:00,UNITED KINGDOM,0
14023.0,2,31,30,345.0,11.129032258064516,0.0,18.0,2011-04-03 15:50:00,2011-12-02 13:58:00,UNITED KINGDOM,242
14024.0,2,16,16,150.0,9.375,0.0,18.0,2011-08-07 13:31:00,2011-08-10 11:30:00,UNITED KINGDOM,2
14027.0,1,6,6,62.0,10.333333333333334,0.0,18.0,2011-10-10 09:01:00,2011-10-10 09:01:00,UNITED KINGDOM,0
14029.0,2,15,15,198.0,13.2,0.0,18.0,2011-07-18 16:57:00,2011-10-07 14:46:00,UNITED KINGDOM,80
14030.0,8,242,210,1478.0,6.107438016528926,310.0,155.0,2010-12-08 16:11:00,2011-11-21 16:48:00,UNITED KINGDOM,348
14031.0,19,250,119,5788.0,23.152,0.0,18.0,2010-12-02 16:34:00,2011-12-02 17:13:00,UNITED KINGDOM,365
14032.0,11,143,55,2032.0,14.20979020979021,0.0,18.0,2010-12-08 10:53:00,2011-12-07 15:23:00,UNITED KINGDOM,364
14034.0,3,86,82,420.0,4.883720930232558,0.0,18.0,2011-07-05 13:06:00,2011-11-17 14:02:00,UNITED KINGDOM,135
14035.0,5,66,42,739.0,11.196969696969697,15.0,15.0,2011-02-15 12:48:00,2011-11-11 10:03:00,UNITED KINGDOM,268
14036.0,1,38,38,268.0,7.052631578947368,0.0,18.0,2011-02-28 09:26:00,2011-02-28 09:26:00,UNITED KINGDOM,0
14037.0,2,28,27,46.0,1.6428571428571428,0.0,18.0,2010-12-10 11:39:00,2011-06-16 13:57:00,UNITED KINGDOM,188
14038.0,3,92,66,965.0,10.48913043478261,0.0,18.0,2011-05-16 14:05:00,2011-09-22 13:37:00,UNITED KINGDOM,128
14039.0,1,6,6,92.0,15.333333333333334,0.0,18.0,2011-11-06 13:48:00,2011-11-06 13:48:00,UNITED KINGDOM,0
14040.0,12,229,149,1544.0,6.74235807860262,0.0,18.0,2011-01-12 14:57:00,2011-10-30 12:42:00,UNITED KINGDOM,290
14041.0,1,21,21,94.0,4.476190476190476,0.0,18.0,2011-03-18 13:25:00,2011-03-18 13:25:00,UNITED KINGDOM,0
14044.0,4,206,167,304.0,1.4757281553398058,0.0,18.0,2011-02-03 11:39:00,2011-11-13 12:05:00,UNITED KINGDOM,283
14045.0,4,6,4,535.0,89.16666666666667,0.0,18.0,2010-12-01 11:32:00,2011-08-22 15:27:00,UNITED KINGDOM,264
14046.0,1,14,14,460.0,32.857142857142854,0.0,18.0,2011-02-28 14:48:00,2011-02-28 14:48:00,UNITED KINGDOM,0
14047.0,5,32,22,381.0,11.90625,0.0,18.0,2010-12-02 10:09:00,2011-12-01 11:43:00,UNITED KINGDOM,364
14048.0,1,85,83,288.0,3.388235294117647,0.0,18.0,2011-02-07 14:53:00,2011-02-07 14:53:00,UNITED KINGDOM,0
14049.0,4,478,349,3808.0,7.96652719665272,65.0,65.0,2011-01-26 11:27:00,2011-11-23 12:20:00,UNITED KINGDOM,301
14050.0,2,54,49,689.0,12.75925925925926,0.0,18.0,2011-08-25 13:46:00,2011-11-08 10:00:00,UNITED KINGDOM,74
14051.0,23,210,54,3756.0,17.885714285714286,15.0,15.0,2010-12-08 12:49:00,2011-12-09 10:20:00,UNITED KINGDOM,365
14052.0,1,56,56,89.0,1.5892857142857142,0.0,18.0,2011-11-20 12:30:00,2011-11-20 12:30:00,UNITED KINGDOM,0
14053.0,2,4,2,215.0,53.75,0.0,18.0,2011-07-03 12:21:00,2011-08-07 14:27:00,UNITED KINGDOM,35
14054.0,1,6,6,62.0,10.333333333333334,0.0,18.0,2011-10-05 15:49:00,2011-10-05 15:49:00,UNITED KINGDOM,0
14055.0,1,10,10,216.0,21.6,0.0,18.0,2011-08-25 15:04:00,2011-08-25 15:04:00,UNITED KINGDOM,0
14056.0,23,1088,330,4252.0,3.9080882352941178,0.0,18.0,2011-02-28 15:19:00,2011-12-08 13:36:00,UNITED KINGDOM,282
14057.0,17,283,179,4873.0,17.219081272084807,0.0,18.0,2010-12-14 12:11:00,2011-11-16 10:32:00,UNITED KINGDOM,336
14059.0,1,8,8,128.0,16.0,0.0,18.0,2011-03-18 10:06:00,2011-03-18 10:06:00,UNITED KINGDOM,0
14060.0,19,202,87,5386.0,26.663366336633665,0.0,18.0,2010-12-02 12:11:00,2011-12-05 12:29:00,UNITED KINGDOM,368
14062.0,12,111,62,5593.0,50.387387387387385,0.0,18.0,2010-12-10 15:56:00,2011-11-30 10:04:00,UNITED KINGDOM,354
14064.0,5,77,59,1772.0,23.01298701298701,0.0,18.0,2011-03-10 12:59:00,2011-11-10 13:14:00,UNITED KINGDOM,245
14066.0,1,7,7,45.0,6.428571428571429,0.0,18.0,2011-03-18 12:21:00,2011-03-18 12:21:00,UNITED KINGDOM,0
14067.0,2,52,51,361.0,6.9423076923076925,0.0,18.0,2011-09-04 12:00:00,2011-10-07 10:21:00,UNITED KINGDOM,32
14068.0,1,24,22,73.0,3.0416666666666665,0.0,18.0,2011-01-23 16:02:00,2011-01-23 16:02:00,UNITED KINGDOM,0
14071.0,8,323,271,994.0,3.0773993808049536,0.0,18.0,2011-03-20 11:33:00,2011-12-06 12:27:00,UNITED KINGDOM,261
14073.0,1,13,13,130.0,10.0,0.0,18.0,2011-11-07 15:49:00,2011-11-07 15:49:00,UNITED KINGDOM,0
14075.0,3,43,33,754.0,17.53488372093023,0.0,18.0,2011-03-23 16:35:00,2011-12-05 08:38:00,UNITED KINGDOM,256
14076.0,1,44,43,79.0,1.7954545454545454,0.0,18.0,2011-08-02 15:19:00,2011-08-02 15:19:00,UNITED KINGDOM,0
14077.0,5,42,33,268.0,6.380952380952381,0.0,18.0,2011-03-10 15:52:00,2011-10-30 12:35:00,UNITED KINGDOM,233
14078.0,6,65,46,310.0,4.769230769230769,0.0,18.0,2010-12-01 12:54:00,2011-08-30 12:16:00,UNITED KINGDOM,271
14079.0,1,12,12,301.0,25.083333333333332,0.0,18.0,2011-08-07 12:10:00,2011-08-07 12:10:00,UNITED KINGDOM,0
14080.0,1,4,4,48.0,12.0,0.0,18.0,2011-11-07 11:09:00,2011-11-07 11:09:00,UNITED KINGDOM,0
14081.0,2,150,126,592.0,3.9466666666666668,0.0,18.0,2010-12-05 15:47:00,2011-02-10 16:17:00,UNITED KINGDOM,67
14082.0,1,29,28,110.0,3.793103448275862,0.0,18.0,2010-12-10 11:02:00,2010-12-10 11:02:00,UNITED KINGDOM,0
14083.0,9,177,162,705.0,3.983050847457627,0.0,18.0,2010-12-03 12:24:00,2011-12-05 13:14:00,UNITED KINGDOM,367
14085.0,18,448,274,3177.0,7.091517857142857,0.0,18.0,2010-12-06 12:39:00,2011-12-07 13:46:00,UNITED KINGDOM,366
14087.0,1,68,61,250.0,3.676470588235294,0.0,18.0,2011-12-07 12:41:00,2011-12-07 12:41:00,UNITED KINGDOM,0
14088.0,13,589,379,12665.0,21.502546689303905,110.0,110.0,2011-01-21 13:07:00,2011-11-29 16:16:00,UNITED KINGDOM,312
14089.0,1,13,13,133.0,10.23076923076923,0.0,18.0,2011-10-14 10:38:00,2011-10-14 10:38:00,UNITED KINGDOM,0
14090.0,1,1,1,72.0,72.0,0.0,18.0,2011-01-19 10:51:00,2011-01-19 10:51:00,UNITED KINGDOM,0
14092.0,14,214,117,2066.0,9.654205607476635,0.0,18.0,2010-12-16 15:47:00,2011-12-02 12:13:00,UNITED KINGDOM,350
14093.0,1,100,95,391.0,3.91,0.0,18.0,2011-11-27 16:27:00,2011-11-27 16:27:00,UNITED KINGDOM,0
14096.0,17,5111,1129,16352.0,3.1993738994325964,0.0,18.0,2011-08-30 10:49:00,2011-12-05 17:17:00,UNITED KINGDOM,97
14098.0,1,21,21,104.0,4.9523809523809526,0.0,18.0,2011-11-03 10:13:00,2011-11-03 10:13:00,UNITED KINGDOM,0
14099.0,11,250,169,2179.0,8.716,0.0,18.0,2010-12-20 11:14:00,2011-11-23 13:53:00,UNITED KINGDOM,338
14100.0,1,25,24,63.0,2.52,0.0,18.0,2011-07-25 11:01:00,2011-07-25 11:01:00,UNITED KINGDOM,0
14101.0,6,35,15,6942.0,198.34285714285716,0.0,18.0,2011-01-17 13:09:00,2011-09-27 12:28:00,UNITED KINGDOM,252
14102.0,5,58,35,769.0,13.258620689655173,0.0,18.0,2011-10-26 12:46:00,2011-12-04 15:38:00,UNITED KINGDOM,39
14104.0,2,21,21,72.0,3.4285714285714284,85.0,85.0,2011-06-27 12:49:00,2011-07-08 12:50:00,UNITED KINGDOM,11
14105.0,1,74,74,800.0,10.81081081081081,0.0,18.0,2011-04-14 17:58:00,2011-04-14 17:58:00,UNITED KINGDOM,0
14107.0,7,123,61,1793.0,14.577235772357724,0.0,18.0,2010-12-10 13:29:00,2011-10-19 12:12:00,UNITED KINGDOM,312
14108.0,2,34,33,381.0,11.205882352941176,0.0,18.0,2011-08-30 11:32:00,2011-11-09 10:41:00,UNITED KINGDOM,70
14109.0,1,9,9,88.0,9.777777777777779,0.0,18.0,2011-09-28 10:18:00,2011-09-28 10:18:00,UNITED KINGDOM,0
14110.0,12,156,94,2457.0,15.75,0.0,0.0,2011-03-18 09:59:00,2011-12-06 12:26:00,UNITED KINGDOM,263
14111.0,4,10,10,458.0,45.8,15.0,15.0,2011-04-12 11:36:00,2011-11-25 13:44:00,UNITED KINGDOM,227
14112.0,7,160,120,1651.0,10.31875,0.0,18.0,2011-03-09 11:28:00,2011-11-17 12:30:00,UNITED KINGDOM,253
14113.0,4,34,26,745.0,21.91176470588235,0.0,18.0,2010-12-20 12:14:00,2011-12-06 12:18:00,UNITED KINGDOM,351
14114.0,2,15,15,101.0,6.733333333333333,0.0,18.0,2011-01-13 11:05:00,2011-03-11 09:42:00,UNITED KINGDOM,56
14116.0,5,72,61,707.0,9.819444444444445,0.0,18.0,2011-08-10 12:44:00,2011-11-20 10:29:00,UNITED KINGDOM,101
14117.0,1,3,3,72.0,24.0,0.0,18.0,2011-07-19 09:49:00,2011-07-19 09:49:00,UNITED KINGDOM,0
14121.0,4,159,148,2082.0,13.09433962264151,25.0,25.0,2011-10-11 10:39:00,2011-12-06 12:19:00,UNITED KINGDOM,56
14124.0,1,5,4,1618.0,323.6,0.0,18.0,2011-09-16 13:32:00,2011-09-16 13:32:00,UNITED KINGDOM,0
14125.0,3,166,159,1628.0,9.80722891566265,25.0,25.0,2011-09-22 15:40:00,2011-11-29 12:47:00,UNITED KINGDOM,67
14126.0,3,15,14,508.0,33.86666666666667,15.0,15.0,2011-11-29 12:21:00,2011-12-02 11:45:00,UNITED KINGDOM,2
14127.0,3,44,38,321.0,7.295454545454546,0.0,18.0,2011-02-02 12:26:00,2011-08-09 10:49:00,UNITED KINGDOM,187
14128.0,2,46,40,564.0,12.26086956521739,0.0,18.0,2011-03-29 10:49:00,2011-10-10 12:00:00,UNITED KINGDOM,195
14129.0,5,52,34,592.0,11.384615384615385,0.0,18.0,2011-03-24 08:44:00,2011-12-08 11:02:00,UNITED KINGDOM,259
14130.0,1,66,66,257.0,3.893939393939394,0.0,18.0,2011-01-24 16:05:00,2011-01-24 16:05:00,UNITED KINGDOM,0
14132.0,11,200,99,3368.0,16.84,0.0,18.0,2011-06-09 12:04:00,2011-12-07 13:35:00,UNITED KINGDOM,181
14133.0,3,28,26,348.0,12.428571428571429,0.0,18.0,2011-01-28 11:27:00,2011-08-02 11:34:00,UNITED KINGDOM,186
14135.0,15,134,96,3850.0,28.73134328358209,0.0,18.0,2010-12-02 10:27:00,2011-12-08 11:38:00,UNITED KINGDOM,371
14138.0,2,46,40,600.0,13.043478260869565,0.0,18.0,2011-10-07 09:38:00,2011-12-08 12:44:00,UNITED KINGDOM,62
14139.0,1,26,26,510.0,19.615384615384617,0.0,18.0,2011-10-24 13:34:00,2011-10-24 13:34:00,UNITED KINGDOM,0
14140.0,2,66,60,811.0,12.287878787878787,0.0,18.0,2011-11-08 11:20:00,2011-12-06 09:05:00,UNITED KINGDOM,27
14141.0,4,40,27,355.0,8.875,0.0,18.0,2011-08-26 14:40:00,2011-12-07 09:53:00,UNITED KINGDOM,102
14142.0,1,22,22,313.0,14.227272727272727,0.0,18.0,2010-12-01 16:33:00,2010-12-01 16:33:00,UNITED KINGDOM,0
14143.0,1,7,7,30.0,4.285714285714286,0.0,18.0,2011-07-29 09:48:00,2011-07-29 09:48:00,UNITED KINGDOM,0
14145.0,4,11,6,756.0,68.72727272727273,0.0,18.0,2011-05-06 13:01:00,2011-10-24 12:10:00,UNITED KINGDOM,170
14146.0,5,210,183,2437.0,11.604761904761904,0.0,18.0,2010-12-17 15:52:00,2011-12-01 10:18:00,UNITED KINGDOM,348
14147.0,2,5,4,108.0,21.6,0.0,18.0,2011-02-27 11:42:00,2011-09-22 18:10:00,UNITED KINGDOM,207
14148.0,1,3,3,16.0,5.333333333333333,0.0,18.0,2011-04-20 12:02:00,2011-04-20 12:02:00,UNITED KINGDOM,0
14149.0,1,28,28,218.0,7.785714285714286,0.0,18.0,2011-05-03 09:44:00,2011-05-03 09:44:00,UNITED KINGDOM,0
14150.0,2,26,23,496.0,19.076923076923077,0.0,18.0,2010-12-15 10:04:00,2011-11-04 10:05:00,UNITED KINGDOM,324
14152.0,2,49,47,711.0,14.510204081632653,0.0,18.0,2011-04-19 15:46:00,2011-09-25 12:54:00,UNITED KINGDOM,158
14154.0,2,52,52,465.0,8.942307692307692,195.0,195.0,2011-04-14 15:58:00,2011-04-14 16:26:00,UNITED KINGDOM,0
14155.0,1,6,6,25.0,4.166666666666667,0.0,18.0,2011-03-18 14:13:00,2011-03-18 14:13:00,UNITED KINGDOM,0
14157.0,2,46,45,271.0,5.891304347826087,0.0,18.0,2011-02-27 13:04:00,2011-11-20 11:32:00,UNITED KINGDOM,265
14158.0,1,41,41,781.0,19.048780487804876,0.0,18.0,2011-10-30 15:08:00,2011-10-30 15:08:00,UNITED KINGDOM,0
14159.0,11,1175,507,4348.0,3.7004255319148935,0.0,18.0,2010-12-12 11:17:00,2011-11-20 12:36:00,UNITED KINGDOM,343
14161.0,3,104,87,450.0,4.326923076923077,0.0,18.0,2010-12-05 13:18:00,2011-05-08 11:41:00,UNITED KINGDOM,153
14162.0,2,25,25,142.0,5.68,0.0,18.0,2011-02-20 12:32:00,2011-06-19 11:36:00,UNITED KINGDOM,118
14163.0,4,52,36,893.0,17.173076923076923,0.0,18.0,2011-04-14 17:33:00,2011-09-13 15:18:00,UNITED KINGDOM,151
14164.0,2,29,28,1033.0,35.62068965517241,0.0,18.0,2011-09-20 12:18:00,2011-09-30 12:24:00,UNITED KINGDOM,10
14165.0,1,24,23,53.0,2.2083333333333335,0.0,18.0,2011-03-09 12:39:00,2011-03-09 12:39:00,UNITED KINGDOM,0
14167.0,4,50,27,147.0,2.94,0.0,18.0,2011-01-12 15:44:00,2011-10-31 14:29:00,UNITED KINGDOM,291
14171.0,1,58,57,167.0,2.8793103448275863,0.0,18.0,2011-09-02 16:43:00,2011-09-02 16:43:00,UNITED KINGDOM,0
14173.0,4,29,28,150.0,5.172413793103448,0.0,18.0,2011-05-04 14:03:00,2011-11-29 11:54:00,UNITED KINGDOM,208
14174.0,1,26,26,94.0,3.6153846153846154,0.0,18.0,2011-11-06 13:17:00,2011-11-06 13:17:00,UNITED KINGDOM,0
14175.0,3,149,139,1515.0,10.167785234899329,0.0,18.0,2011-01-14 12:22:00,2011-10-11 11:55:00,UNITED KINGDOM,269
14176.0,4,31,28,209.0,6.741935483870968,0.0,18.0,2010-12-07 11:45:00,2011-02-15 13:12:00,UNITED KINGDOM,70
14177.0,4,41,37,204.0,4.975609756097561,0.0,18.0,2011-06-13 11:10:00,2011-09-14 15:11:00,UNITED KINGDOM,93
14178.0,7,318,191,1494.0,4.69811320754717,20.0,10.0,2011-06-10 12:51:00,2011-12-01 12:01:00,UNITED KINGDOM,173
14179.0,2,157,135,319.0,2.031847133757962,0.0,18.0,2011-10-18 14:00:00,2011-10-30 12:07:00,UNITED KINGDOM,11
14180.0,25,240,111,719.0,2.995833333333333,165.0,165.0,2010-12-02 13:08:00,2011-11-29 10:56:00,UNITED KINGDOM,361
14184.0,1,24,24,127.0,5.291666666666667,0.0,18.0,2011-10-04 12:43:00,2011-10-04 12:43:00,UNITED KINGDOM,0
14185.0,1,3,3,6.0,2.0,165.0,165.0,2011-01-12 13:52:00,2011-01-12 13:52:00,UNITED KINGDOM,0
14188.0,6,65,36,1162.0,17.876923076923077,0.0,18.0,2011-02-02 13:46:00,2011-11-09 12:45:00,UNITED KINGDOM,279
14189.0,15,265,177,3937.0,14.856603773584906,0.0,18.0,2010-12-06 11:42:00,2011-12-07 15:55:00,UNITED KINGDOM,366
14191.0,13,259,145,3662.0,14.13899613899614,0.0,18.0,2011-05-03 10:30:00,2011-12-08 09:23:00,UNITED KINGDOM,218
14193.0,2,42,35,445.0,10.595238095238095,0.0,18.0,2011-03-15 11:38:00,2011-10-03 09:34:00,UNITED KINGDOM,201
14194.0,21,579,274,5840.0,10.08635578583765,2.0,1.0,2011-02-04 14:51:00,2011-12-05 10:38:00,UNITED KINGDOM,303
14195.0,2,7,7,760.0,108.57142857142857,1.0,1.0,2011-04-01 16:50:00,2011-05-22 10:29:00,UNITED KINGDOM,50
14196.0,1,6,6,142.0,23.666666666666668,0.0,18.0,2011-08-25 10:25:00,2011-08-25 10:25:00,UNITED KINGDOM,0
14198.0,4,39,36,290.0,7.435897435897436,0.0,18.0,2011-04-14 14:54:00,2011-11-21 16:35:00,UNITED KINGDOM,221
14199.0,1,2,2,28.0,14.0,0.0,18.0,2011-05-05 13:44:00,2011-05-05 13:44:00,UNITED KINGDOM,0
14201.0,7,37,32,590.0,15.945945945945946,0.0,18.0,2010-12-15 13:25:00,2011-10-10 13:27:00,UNITED KINGDOM,299
14204.0,1,39,36,72.0,1.8461538461538463,0.0,18.0,2011-12-07 13:38:00,2011-12-07 13:38:00,UNITED KINGDOM,0
14205.0,2,24,23,204.0,8.5,0.0,18.0,2011-03-20 15:07:00,2011-11-23 10:55:00,UNITED KINGDOM,247
14206.0,1,20,20,276.0,13.8,0.0,18.0,2011-04-14 16:38:00,2011-04-14 16:38:00,UNITED KINGDOM,0
14208.0,1,10,10,114.0,11.4,0.0,18.0,2011-09-06 12:48:00,2011-09-06 12:48:00,UNITED KINGDOM,0
14209.0,6,87,56,691.0,7.942528735632184,0.0,18.0,2011-01-11 12:56:00,2011-11-29 10:18:00,UNITED KINGDOM,321
14210.0,6,101,65,740.0,7.326732673267327,0.0,18.0,2010-12-03 12:43:00,2011-08-26 12:36:00,UNITED KINGDOM,265
14211.0,9,112,87,1242.0,11.089285714285714,0.0,18.0,2011-02-17 15:50:00,2011-10-17 13:23:00,UNITED KINGDOM,241
14212.0,1,9,9,1152.0,128.0,0.0,18.0,2011-09-11 12:45:00,2011-09-11 12:45:00,UNITED KINGDOM,0
14214.0,5,67,64,751.0,11.208955223880597,0.0,18.0,2011-03-07 12:26:00,2011-11-09 10:31:00,UNITED KINGDOM,246
14215.0,6,108,98,1358.0,12.574074074074074,0.0,18.0,2010-12-06 15:34:00,2011-11-28 12:19:00,UNITED KINGDOM,356
14216.0,4,59,47,594.0,10.067796610169491,40.0,20.0,2011-11-02 10:51:00,2011-12-06 14:56:00,UNITED KINGDOM,34
14217.0,17,100,78,689.0,6.89,0.0,18.0,2010-12-08 13:28:00,2011-12-08 11:53:00,UNITED KINGDOM,364
14218.0,1,12,12,160.0,13.333333333333334,0.0,18.0,2011-10-28 10:00:00,2011-10-28 10:00:00,UNITED KINGDOM,0
14219.0,1,7,7,78.0,11.142857142857142,0.0,18.0,2011-12-05 16:23:00,2011-12-05 16:23:00,UNITED KINGDOM,0
14220.0,2,21,21,272.0,12.952380952380953,0.0,18.0,2010-12-16 18:18:00,2011-04-06 13:23:00,UNITED KINGDOM,110
14221.0,9,193,123,2191.0,11.352331606217616,0.0,18.0,2011-01-04 15:33:00,2011-10-28 13:42:00,UNITED KINGDOM,296
14222.0,1,41,41,607.0,14.804878048780488,0.0,18.0,2011-06-15 16:42:00,2011-06-15 16:42:00,UNITED KINGDOM,0
14223.0,3,60,50,585.0,9.75,0.0,18.0,2011-03-20 16:02:00,2011-09-08 13:38:00,UNITED KINGDOM,171
14224.0,4,113,105,483.0,4.274336283185841,0.0,18.0,2011-01-23 13:58:00,2011-08-21 13:24:00,UNITED KINGDOM,209
14226.0,5,66,64,1296.0,19.636363636363637,0.0,18.0,2011-03-15 15:36:00,2011-11-11 11:34:00,UNITED KINGDOM,240
14227.0,10,175,118,1820.0,10.4,0.0,18.0,2011-02-28 12:27:00,2011-11-13 15:48:00,UNITED KINGDOM,258
14229.0,3,40,29,610.0,15.25,0.0,18.0,2011-01-10 12:03:00,2011-10-19 10:04:00,UNITED KINGDOM,281
14231.0,3,50,47,409.0,8.18,0.0,18.0,2011-02-24 11:55:00,2011-06-09 11:05:00,UNITED KINGDOM,104
14232.0,5,115,81,1941.0,16.878260869565217,0.0,18.0,2011-03-20 12:44:00,2011-10-28 11:09:00,UNITED KINGDOM,221
14233.0,4,35,30,680.0,19.428571428571427,0.0,18.0,2011-01-26 12:43:00,2011-10-21 15:54:00,UNITED KINGDOM,268
14234.0,4,147,122,951.0,6.469387755102041,0.0,18.0,2011-10-13 13:58:00,2011-11-17 17:53:00,UNITED KINGDOM,35
14235.0,5,79,66,1959.0,24.79746835443038,0.0,18.0,2011-03-24 13:23:00,2011-09-25 14:37:00,UNITED KINGDOM,185
14236.0,2,15,15,310.0,20.666666666666668,0.0,18.0,2010-12-02 18:49:00,2011-09-20 09:13:00,UNITED KINGDOM,291
14237.0,1,9,9,38.0,4.222222222222222,0.0,18.0,2010-12-01 13:20:00,2010-12-01 13:20:00,UNITED KINGDOM,0
14238.0,1,8,8,111.0,13.875,0.0,18.0,2011-01-17 14:40:00,2011-01-17 14:40:00,UNITED KINGDOM,0
14239.0,11,112,83,993.0,8.866071428571429,0.0,18.0,2011-01-27 14:45:00,2011-10-27 14:40:00,UNITED KINGDOM,272
14240.0,2,42,38,418.0,9.952380952380953,0.0,18.0,2011-04-28 11:40:00,2011-11-09 13:45:00,UNITED KINGDOM,195
14241.0,1,10,10,146.0,14.6,0.0,18.0,2011-06-09 11:46:00,2011-06-09 11:46:00,UNITED KINGDOM,0
14242.0,2,16,13,123.0,7.6875,0.0,18.0,2011-01-18 08:53:00,2011-04-19 11:46:00,UNITED KINGDOM,91
14243.0,10,141,99,1221.0,8.659574468085106,0.0,18.0,2010-12-09 08:34:00,2011-12-01 11:12:00,UNITED KINGDOM,357
14245.0,2,108,107,976.0,9.037037037037036,0.0,18.0,2011-03-21 10:41:00,2011-05-04 08:40:00,UNITED KINGDOM,43
14246.0,3,75,57,804.0,10.72,0.0,18.0,2011-04-08 08:25:00,2011-08-21 11:50:00,UNITED KINGDOM,135
14247.0,1,20,19,47.0,2.35,0.0,18.0,2011-03-06 15:21:00,2011-03-06 15:21:00,UNITED KINGDOM,0
14248.0,1,8,8,102.0,12.75,0.0,18.0,2011-01-25 14:45:00,2011-01-25 14:45:00,UNITED KINGDOM,0
14250.0,3,111,94,1200.0,10.81081081081081,0.0,18.0,2011-09-11 13:44:00,2011-12-02 14:30:00,UNITED KINGDOM,82
14251.0,5,78,37,1674.0,21.46153846153846,0.0,18.0,2011-10-13 12:46:00,2011-12-08 08:32:00,UNITED KINGDOM,55
14256.0,2,53,51,414.0,7.811320754716981,0.0,18.0,2010-12-10 11:44:00,2011-03-24 13:17:00,UNITED KINGDOM,104
14257.0,5,106,88,1682.0,15.867924528301886,0.0,18.0,2011-01-25 10:49:00,2011-10-06 16:54:00,UNITED KINGDOM,254
14258.0,9,111,59,7100.0,63.96396396396396,0.0,18.0,2011-01-06 12:18:00,2011-11-30 15:27:00,UNITED KINGDOM,328
14259.0,1,5,5,68.0,13.6,0.0,18.0,2011-07-21 10:44:00,2011-07-21 10:44:00,UNITED KINGDOM,0
14261.0,2,52,52,406.0,7.8076923076923075,0.0,18.0,2011-09-22 10:47:00,2011-10-20 10:04:00,UNITED KINGDOM,27
14262.0,8,143,88,1645.0,11.503496503496503,0.0,18.0,2011-04-13 12:23:00,2011-12-01 14:17:00,UNITED KINGDOM,232
14264.0,2,17,15,70.0,4.117647058823529,0.0,18.0,2011-04-08 12:20:00,2011-07-08 10:20:00,UNITED KINGDOM,90
14265.0,2,31,31,330.0,10.64516129032258,0.0,18.0,2011-07-14 09:10:00,2011-08-22 13:32:00,UNSPECIFIED,39
14267.0,3,55,25,530.0,9.636363636363637,0.0,18.0,2011-03-24 11:38:00,2011-06-30 10:09:00,UNITED KINGDOM,97
14270.0,1,29,29,197.0,6.793103448275862,0.0,18.0,2011-01-12 09:33:00,2011-01-12 09:33:00,UNITED KINGDOM,0
14271.0,1,10,10,88.0,8.8,0.0,18.0,2011-04-28 12:47:00,2011-04-28 12:47:00,UNITED KINGDOM,0
14272.0,2,33,33,599.0,18.151515151515152,0.0,18.0,2011-03-30 13:57:00,2011-09-27 10:08:00,UNITED KINGDOM,180
14273.0,4,29,22,264.0,9.10344827586207,0.0,18.0,2011-04-11 13:24:00,2011-10-19 13:20:00,UNITED KINGDOM,190
14276.0,3,64,55,744.0,11.625,0.0,18.0,2011-02-23 09:38:00,2011-09-02 09:45:00,UNITED KINGDOM,191
14277.0,3,222,195,1976.0,8.9009009009009,18.0,18.0,2011-05-11 13:20:00,2011-11-24 15:01:00,FRANCE,197
14280.0,1,8,8,52.0,6.5,0.0,18.0,2011-05-27 10:37:00,2011-05-27 10:37:00,UNITED KINGDOM,0
14282.0,15,154,73,2656.0,17.246753246753247,0.0,18.0,2010-12-07 12:21:00,2011-12-06 17:04:00,UNITED KINGDOM,364
14284.0,2,32,24,161.0,5.03125,0.0,18.0,2011-09-14 13:04:00,2011-11-09 08:11:00,UNITED KINGDOM,55
14285.0,4,27,18,541.0,20.037037037037038,0.0,18.0,2011-06-16 12:36:00,2011-11-18 14:50:00,UNITED KINGDOM,155
14286.0,3,280,221,4338.0,15.492857142857142,0.0,18.0,2011-04-11 08:16:00,2011-11-16 10:34:00,UNITED KINGDOM,219
14287.0,3,9,9,261.0,29.0,0.0,18.0,2011-05-25 11:41:00,2011-12-01 13:25:00,UNITED KINGDOM,190
14288.0,1,16,16,188.0,11.75,0.0,18.0,2011-05-10 13:22:00,2011-05-10 13:22:00,UNITED KINGDOM,0
14289.0,6,47,34,292.0,6.212765957446808,0.0,18.0,2011-02-23 12:33:00,2011-12-01 11:44:00,UNITED KINGDOM,280
14290.0,5,101,89,915.0,9.05940594059406,0.0,18.0,2010-12-13 10:24:00,2011-11-28 14:02:00,UNITED KINGDOM,350
14291.0,11,237,145,2749.0,11.59915611814346,0.0,18.0,2011-03-09 15:20:00,2011-12-08 10:26:00,UNITED KINGDOM,273
14292.0,9,100,65,1663.0,16.63,0.0,18.0,2011-03-02 08:26:00,2011-12-02 11:50:00,UNITED KINGDOM,275
14293.0,4,61,52,709.0,11.62295081967213,0.0,18.0,2010-12-06 10:18:00,2011-12-06 15:17:00,UNITED KINGDOM,365
14295.0,1,5,5,84.0,16.8,0.0,18.0,2011-10-30 15:50:00,2011-10-30 15:50:00,UNITED KINGDOM,0
14297.0,4,62,48,865.0,13.951612903225806,0.0,18.0,2011-03-10 08:31:00,2011-11-22 09:06:00,UNITED KINGDOM,257
14298.0,44,1635,890,58283.0,35.64709480122324,5.0,5.0,2010-12-14 12:59:00,2011-12-01 13:12:00,UNITED KINGDOM,352
14299.0,9,143,95,2149.0,15.027972027972028,0.0,18.0,2010-12-09 10:30:00,2011-12-01 16:05:00,UNITED KINGDOM,357
14300.0,1,3,3,32.0,10.666666666666666,0.0,18.0,2011-11-21 08:57:00,2011-11-21 08:57:00,UNITED KINGDOM,0
14301.0,1,13,13,606.0,46.61538461538461,0.0,18.0,2011-08-14 15:33:00,2011-08-14 15:33:00,UNITED KINGDOM,0
14304.0,1,17,17,139.0,8.176470588235293,0.0,18.0,2011-05-01 11:50:00,2011-05-01 11:50:00,UNITED KINGDOM,0
14305.0,3,105,96,1089.0,10.371428571428572,15.0,15.0,2011-07-27 14:14:00,2011-09-29 15:29:00,UNITED KINGDOM,64
14306.0,2,33,33,1075.0,32.57575757575758,0.0,18.0,2011-09-15 10:31:00,2011-10-19 13:23:00,UNITED KINGDOM,34
14307.0,6,180,150,2058.0,11.433333333333334,0.0,18.0,2010-12-01 11:41:00,2011-09-12 09:38:00,UNITED KINGDOM,284
14309.0,9,117,74,1633.0,13.957264957264957,0.0,18.0,2010-12-16 13:05:00,2011-12-01 13:33:00,UNITED KINGDOM,350
14311.0,1,20,20,146.0,7.3,0.0,18.0,2011-04-11 10:14:00,2011-04-11 10:14:00,UNITED KINGDOM,0
14312.0,6,87,74,1012.0,11.632183908045977,0.0,18.0,2011-01-06 16:35:00,2011-10-24 09:46:00,UNITED KINGDOM,290
14314.0,1,8,8,296.0,37.0,0.0,18.0,2011-08-25 10:39:00,2011-08-25 10:39:00,UNITED KINGDOM,0
14315.0,6,101,64,1021.0,10.108910891089108,0.0,18.0,2011-03-18 12:59:00,2011-10-26 12:06:00,UNITED KINGDOM,221
14317.0,1,24,24,255.0,10.625,0.0,18.0,2011-10-06 10:44:00,2011-10-06 10:44:00,UNITED KINGDOM,0
14320.0,2,31,29,325.0,10.483870967741936,0.0,18.0,2011-01-11 09:12:00,2011-05-17 09:24:00,UNITED KINGDOM,126
14321.0,5,123,111,2406.0,19.5609756097561,0.0,18.0,2011-01-10 11:35:00,2011-11-29 09:47:00,UNITED KINGDOM,322
14323.0,2,36,32,350.0,9.722222222222221,0.0,18.0,2011-04-15 11:44:00,2011-08-17 11:37:00,UNITED KINGDOM,123
14326.0,1,8,8,103.0,12.875,0.0,18.0,2011-04-11 15:04:00,2011-04-11 15:04:00,UNITED KINGDOM,0
14327.0,1,12,12,139.0,11.583333333333334,0.0,18.0,2011-06-29 13:58:00,2011-06-29 13:58:00,UNITED KINGDOM,0
14329.0,7,258,220,3087.0,11.965116279069768,0.0,18.0,2011-01-14 13:42:00,2011-11-22 15:50:00,UNITED KINGDOM,312
14331.0,2,28,27,252.0,9.0,0.0,18.0,2011-07-27 15:14:00,2011-08-07 13:17:00,UNITED KINGDOM,10
14332.0,3,25,22,463.0,18.52,0.0,18.0,2011-07-15 10:33:00,2011-11-17 11:54:00,UNITED KINGDOM,125
14333.0,1,15,15,58.0,3.8666666666666667,0.0,18.0,2011-10-03 10:38:00,2011-10-03 10:38:00,UNITED KINGDOM,0
14334.0,8,162,99,1731.0,10.685185185185185,0.0,18.0,2010-12-16 17:37:00,2011-11-23 10:01:00,UNITED KINGDOM,341
14335.0,2,60,55,375.0,6.25,0.0,18.0,2011-09-04 13:07:00,2011-11-23 13:41:00,GERMANY,80
14336.0,4,90,77,1759.0,19.544444444444444,0.0,18.0,2011-03-08 16:48:00,2011-11-23 11:40:00,UNITED KINGDOM,259
14338.0,2,31,30,335.0,10.806451612903226,0.0,18.0,2011-05-27 13:30:00,2011-07-01 14:08:00,UNITED KINGDOM,35
14339.0,1,14,14,168.0,12.0,0.0,18.0,2011-04-11 11:06:00,2011-04-11 11:06:00,UNITED KINGDOM,0
14340.0,1,6,6,58.0,9.666666666666666,0.0,18.0,2011-05-05 09:44:00,2011-05-05 09:44:00,UNITED KINGDOM,0
14341.0,8,128,109,1397.0,10.9140625,0.0,18.0,2011-01-25 13:55:00,2011-10-25 15:48:00,UNITED KINGDOM,273
14342.0,4,21,18,347.0,16.523809523809526,0.0,18.0,2011-05-13 13:50:00,2011-11-18 13:21:00,UNITED KINGDOM,188
14344.0,8,71,56,477.0,6.71830985915493,0.0,18.0,2010-12-06 11:58:00,2011-08-04 13:51:00,UNITED KINGDOM,241
14345.0,1,6,6,50.0,8.333333333333334,0.0,18.0,2011-11-01 09:51:00,2011-11-01 09:51:00,UNITED KINGDOM,0
14346.0,2,60,55,605.0,10.083333333333334,85.0,85.0,2011-02-15 13:52:00,2011-08-11 09:47:00,UNITED KINGDOM,176
14348.0,1,18,18,183.0,10.166666666666666,0.0,18.0,2011-03-24 16:23:00,2011-03-24 16:23:00,UNITED KINGDOM,0
14349.0,1,31,31,86.0,2.774193548387097,0.0,18.0,2011-11-29 15:39:00,2011-11-29 15:39:00,UNITED KINGDOM,0
14350.0,1,18,18,183.0,10.166666666666666,0.0,18.0,2011-03-10 14:14:00,2011-03-10 14:14:00,UNITED KINGDOM,0
14351.0,1,1,1,12.0,12.0,0.0,18.0,2011-06-28 11:56:00,2011-06-28 11:56:00,UNITED KINGDOM,0
14352.0,4,47,44,538.0,11.446808510638299,0.0,18.0,2011-03-11 14:58:00,2011-07-05 15:41:00,UNITED KINGDOM,116
14353.0,1,6,6,64.0,10.666666666666666,0.0,18.0,2011-05-08 16:06:00,2011-05-08 16:06:00,UNITED KINGDOM,0
14354.0,2,9,9,210.0,23.333333333333332,0.0,18.0,2011-11-09 15:36:00,2011-12-04 11:32:00,UNITED KINGDOM,24
14355.0,1,11,11,92.0,8.363636363636363,0.0,18.0,2010-12-09 12:16:00,2010-12-09 12:16:00,UNITED KINGDOM,0
14356.0,2,33,33,277.0,8.393939393939394,0.0,18.0,2011-09-19 14:43:00,2011-09-21 09:18:00,UNITED KINGDOM,1
14357.0,1,40,39,147.0,3.675,0.0,18.0,2011-10-27 16:23:00,2011-10-27 16:23:00,UNITED KINGDOM,0
14359.0,3,55,44,371.0,6.745454545454545,0.0,18.0,2011-09-13 09:03:00,2011-11-20 13:17:00,UNITED KINGDOM,68
14360.0,4,117,104,1139.0,9.735042735042734,0.0,18.0,2011-09-06 11:58:00,2011-11-08 09:12:00,UNITED KINGDOM,62
14362.0,1,37,37,96.0,2.5945945945945947,0.0,18.0,2011-11-17 15:08:00,2011-11-17 15:08:00,UNITED KINGDOM,0
14364.0,8,69,62,1967.0,28.507246376811594,0.0,18.0,2011-05-12 12:56:00,2011-08-23 11:01:00,UNITED KINGDOM,102
14367.0,16,521,272,4426.0,8.495201535508638,0.0,18.0,2011-03-08 14:12:00,2011-12-01 13:19:00,UNITED KINGDOM,267
14368.0,1,8,8,36.0,4.5,0.0,18.0,2011-01-24 09:52:00,2011-01-24 09:52:00,UNITED KINGDOM,0
14371.0,1,4,4,34.0,8.5,0.0,18.0,2011-02-17 16:35:00,2011-02-17 16:35:00,UNITED KINGDOM,0
14373.0,1,4,4,17.0,4.25,0.0,18.0,2010-12-16 15:40:00,2010-12-16 15:40:00,UNITED KINGDOM,0
14375.0,1,66,57,184.0,2.787878787878788,0.0,18.0,2011-06-07 13:44:00,2011-06-07 13:44:00,UNITED KINGDOM,0
14377.0,2,11,11,219.0,19.90909090909091,0.0,18.0,2011-03-22 13:38:00,2011-06-01 13:32:00,UNITED KINGDOM,70
14379.0,2,46,40,292.0,6.3478260869565215,0.0,18.0,2011-02-17 15:03:00,2011-10-26 16:43:00,UNITED KINGDOM,251
14381.0,1,56,56,146.0,2.607142857142857,0.0,18.0,2011-10-18 17:10:00,2011-10-18 17:10:00,UNITED KINGDOM,0
14382.0,1,126,121,1231.0,9.76984126984127,0.0,18.0,2011-11-13 16:18:00,2011-11-13 16:18:00,UNITED KINGDOM,0
14383.0,3,59,49,817.0,13.847457627118644,0.0,18.0,2011-06-29 10:18:00,2011-11-01 15:53:00,UNITED KINGDOM,125
14385.0,3,14,13,159.0,11.357142857142858,0.0,18.0,2011-11-16 11:55:00,2011-11-30 15:36:00,UNITED KINGDOM,14
14386.0,1,7,7,54.0,7.714285714285714,0.0,18.0,2011-02-16 09:45:00,2011-02-16 09:45:00,UNITED KINGDOM,0
14387.0,3,139,125,795.0,5.719424460431655,0.0,18.0,2011-08-22 14:13:00,2011-11-07 12:29:00,UNITED KINGDOM,76
14388.0,8,186,126,1941.0,10.435483870967742,0.0,18.0,2010-12-02 11:02:00,2011-11-29 13:32:00,UNITED KINGDOM,362
14389.0,2,45,33,729.0,16.2,0.0,18.0,2011-06-02 12:04:00,2011-10-05 15:17:00,UNITED KINGDOM,125
14390.0,9,284,140,2133.0,7.51056338028169,0.0,18.0,2010-12-02 11:57:00,2011-11-29 13:49:00,UNITED KINGDOM,362
14393.0,1,5,5,13.0,2.6,0.0,18.0,2011-05-05 18:16:00,2011-05-05 18:16:00,UNITED KINGDOM,0
14395.0,9,348,184,1689.0,4.853448275862069,0.0,18.0,2010-12-02 18:15:00,2011-12-07 14:34:00,UNITED KINGDOM,369
14396.0,2,73,71,225.0,3.0821917808219177,0.0,18.0,2010-12-03 15:19:00,2011-10-05 16:09:00,UNITED KINGDOM,306
14397.0,19,87,18,1890.0,21.724137931034484,0.0,18.0,2011-05-10 12:25:00,2011-12-07 09:22:00,UNITED KINGDOM,210
14400.0,1,25,25,454.0,18.16,0.0,18.0,2011-07-13 15:50:00,2011-07-13 15:50:00,UNITED KINGDOM,0
14401.0,13,182,114,4507.0,24.763736263736263,0.0,18.0,2010-12-15 09:07:00,2011-12-05 13:30:00,UNITED KINGDOM,355
14403.0,4,20,17,519.0,25.95,0.0,18.0,2011-04-06 14:23:00,2011-08-01 12:57:00,UNITED KINGDOM,116
14404.0,6,100,69,827.0,8.27,0.0,18.0,2010-12-05 16:00:00,2011-11-06 12:30:00,UNITED KINGDOM,335
14406.0,1,8,8,77.0,9.625,0.0,18.0,2011-08-12 16:54:00,2011-08-12 16:54:00,UNITED KINGDOM,0
14407.0,6,73,67,1415.0,19.383561643835616,15.0,15.0,2011-03-08 11:59:00,2011-08-24 14:02:00,UNITED KINGDOM,169
14408.0,7,106,61,1610.0,15.18867924528302,0.0,18.0,2011-03-20 14:41:00,2011-11-29 11:41:00,UNITED KINGDOM,253
14409.0,6,54,40,1230.0,22.77777777777778,0.0,18.0,2010-12-06 15:03:00,2011-09-29 18:18:00,UNITED KINGDOM,297
14410.0,9,190,153,569.0,2.9947368421052634,0.0,0.0,2011-02-07 09:36:00,2011-09-08 15:08:00,UNITED KINGDOM,213
14411.0,1,14,14,196.0,14.0,0.0,18.0,2011-02-02 10:56:00,2011-02-02 10:56:00,UNITED KINGDOM,0
14412.0,2,43,43,786.0,18.27906976744186,0.0,18.0,2011-09-28 08:48:00,2011-10-28 10:45:00,UNITED KINGDOM,30
14413.0,1,22,22,67.0,3.0454545454545454,0.0,18.0,2010-12-12 13:37:00,2010-12-12 13:37:00,UNITED KINGDOM,0
14414.0,7,97,79,2512.0,25.896907216494846,0.0,18.0,2010-12-16 11:11:00,2011-09-09 12:09:00,UNITED KINGDOM,267
14415.0,13,579,288,2996.0,5.174438687392056,0.0,18.0,2010-12-14 13:31:00,2011-12-08 14:38:00,UNITED KINGDOM,359
14416.0,2,14,13,326.0,23.285714285714285,0.0,18.0,2011-10-28 15:10:00,2011-11-17 15:22:00,UNITED KINGDOM,20
14418.0,3,124,114,1711.0,13.798387096774194,0.0,18.0,2011-08-23 17:18:00,2011-12-06 11:39:00,UNITED KINGDOM,104
14419.0,6,202,112,483.0,2.391089108910891,0.0,18.0,2010-12-10 10:56:00,2011-11-29 11:22:00,UNITED KINGDOM,354
14420.0,1,29,29,334.0,11.517241379310345,0.0,18.0,2011-09-01 18:07:00,2011-09-01 18:07:00,UNITED KINGDOM,0
14421.0,2,27,25,365.0,13.518518518518519,0.0,18.0,2011-05-12 10:49:00,2011-10-13 13:24:00,UNITED KINGDOM,154
14422.0,6,221,188,2902.0,13.131221719457013,0.0,18.0,2011-03-17 17:26:00,2011-12-09 11:26:00,UNITED KINGDOM,266
14423.0,1,3,3,120.0,40.0,0.0,18.0,2011-05-05 15:12:00,2011-05-05 15:12:00,UNITED KINGDOM,0
14424.0,1,1,1,48.0,48.0,0.0,18.0,2011-11-22 11:48:00,2011-11-22 11:48:00,UNITED KINGDOM,0
14426.0,10,224,183,2699.0,12.049107142857142,0.0,18.0,2011-01-31 09:51:00,2011-11-16 12:25:00,UNITED KINGDOM,289
14427.0,2,17,16,228.0,13.411764705882353,0.0,18.0,2011-10-07 09:10:00,2011-10-20 14:23:00,UNITED KINGDOM,13
14428.0,5,137,108,428.0,3.124087591240876,25.0,25.0,2011-01-18 16:39:00,2011-12-02 13:17:00,UNITED KINGDOM,317
14431.0,1,17,17,130.0,7.647058823529412,0.0,18.0,2011-02-10 10:40:00,2011-02-10 10:40:00,UNITED KINGDOM,0
14432.0,6,377,256,2013.0,5.339522546419098,0.0,18.0,2011-09-11 14:09:00,2011-11-30 08:04:00,UNITED KINGDOM,79
14434.0,6,12,3,368.0,30.666666666666668,0.0,18.0,2011-09-28 15:31:00,2011-11-18 08:56:00,UNITED KINGDOM,50
14436.0,1,9,9,129.0,14.333333333333334,0.0,18.0,2011-09-02 10:13:00,2011-09-02 10:13:00,UNITED KINGDOM,0
14437.0,1,5,5,60.0,12.0,0.0,18.0,2010-12-09 09:27:00,2010-12-09 09:27:00,UNITED KINGDOM,0
14438.0,1,9,9,82.0,9.11111111111111,0.0,18.0,2011-02-06 14:56:00,2011-02-06 14:56:00,UNITED KINGDOM,0
14439.0,1,32,32,526.0,16.4375,0.0,18.0,2011-01-24 11:39:00,2011-01-24 11:39:00,GREECE,0
14440.0,5,55,34,588.0,10.690909090909091,0.0,18.0,2010-12-09 12:49:00,2011-12-01 15:42:00,UNITED KINGDOM,357
14441.0,4,51,43,446.0,8.745098039215685,0.0,18.0,2011-03-29 12:01:00,2011-12-09 09:07:00,UNITED KINGDOM,254
14443.0,4,93,84,938.0,10.086021505376344,0.0,18.0,2010-12-06 11:03:00,2011-10-17 10:10:00,UNITED KINGDOM,314
14446.0,4,277,235,916.0,3.306859205776173,0.0,18.0,2011-04-07 12:10:00,2011-12-09 11:34:00,UNITED KINGDOM,245
14447.0,5,70,59,571.0,8.157142857142857,0.0,18.0,2011-03-04 10:49:00,2011-11-21 08:28:00,UNITED KINGDOM,261
14448.0,2,20,20,104.0,5.2,0.0,18.0,2010-12-10 17:26:00,2011-11-30 13:50:00,UNITED KINGDOM,354
14449.0,4,250,203,741.0,2.964,0.0,18.0,2010-12-02 14:09:00,2011-11-21 12:06:00,UNITED KINGDOM,353
14450.0,3,40,32,241.0,6.025,0.0,18.0,2011-01-23 11:53:00,2011-06-12 10:46:00,UNITED KINGDOM,139
14451.0,2,105,86,378.0,3.6,0.0,18.0,2011-05-29 12:35:00,2011-10-10 13:38:00,UNITED KINGDOM,134
14452.0,2,60,55,116.0,1.9333333333333333,0.0,18.0,2011-09-07 11:32:00,2011-11-29 12:06:00,UNITED KINGDOM,83
14453.0,1,22,22,49.0,2.227272727272727,0.0,18.0,2011-06-02 14:15:00,2011-06-02 14:15:00,UNITED KINGDOM,0
14456.0,9,947,582,2885.0,3.0464625131995775,0.0,18.0,2011-07-20 13:06:00,2011-12-04 13:59:00,UNITED KINGDOM,137
14457.0,1,4,4,88.0,22.0,0.0,18.0,2011-02-02 09:39:00,2011-02-02 09:39:00,UNITED KINGDOM,0
14459.0,1,37,37,760.0,20.54054054054054,0.0,18.0,2011-07-07 13:35:00,2011-07-07 13:35:00,UNITED KINGDOM,0
14460.0,3,16,14,881.0,55.0625,0.0,18.0,2011-02-02 11:55:00,2011-08-21 14:19:00,UNITED KINGDOM,200
14461.0,3,180,173,766.0,4.2555555555555555,0.0,18.0,2011-03-23 12:15:00,2011-07-14 17:11:00,UNITED KINGDOM,113
14462.0,11,233,149,956.0,4.103004291845494,0.0,18.0,2011-01-04 12:45:00,2011-10-04 15:55:00,UNITED KINGDOM,273
14463.0,3,6,6,179.0,29.833333333333332,15.0,15.0,2011-05-18 14:42:00,2011-09-02 15:20:00,UNITED KINGDOM,107
14465.0,3,123,107,398.0,3.2357723577235773,0.0,18.0,2011-02-10 12:13:00,2011-04-07 12:38:00,UNITED KINGDOM,56
14466.0,7,72,37,1006.0,13.972222222222221,0.0,18.0,2010-12-02 13:36:00,2011-11-10 14:07:00,UNITED KINGDOM,343
14467.0,4,89,67,276.0,3.101123595505618,0.0,18.0,2011-01-31 12:35:00,2011-11-22 12:48:00,UNITED KINGDOM,295
14470.0,2,43,43,193.0,4.488372093023256,25.0,25.0,2011-02-25 11:56:00,2011-11-28 10:31:00,UNITED KINGDOM,275
14472.0,8,265,153,1135.0,4.283018867924528,0.0,18.0,2010-12-19 14:03:00,2011-08-28 11:01:00,UNITED KINGDOM,251
14473.0,2,7,7,88.0,12.571428571428571,0.0,18.0,2011-03-02 13:56:00,2011-09-26 15:10:00,UNITED KINGDOM,208
14474.0,1,29,29,140.0,4.827586206896552,0.0,18.0,2011-10-24 13:26:00,2011-10-24 13:26:00,UNITED KINGDOM,0
14475.0,3,42,35,447.0,10.642857142857142,0.0,18.0,2011-02-08 10:12:00,2011-09-29 10:46:00,UNITED KINGDOM,233
14476.0,1,17,17,110.0,6.470588235294118,0.0,18.0,2011-03-27 15:39:00,2011-03-27 15:39:00,UNITED KINGDOM,0
14477.0,4,10,7,720.0,72.0,0.0,18.0,2011-02-15 15:44:00,2011-11-20 11:11:00,UNITED KINGDOM,277
14479.0,2,18,18,117.0,6.5,0.0,18.0,2010-12-09 12:59:00,2011-03-31 09:07:00,UNITED KINGDOM,111
14480.0,1,13,13,143.0,11.0,0.0,18.0,2011-11-28 16:35:00,2011-11-28 16:35:00,UNITED KINGDOM,0
14481.0,2,30,25,489.0,16.3,0.0,18.0,2011-02-25 13:53:00,2011-06-28 10:38:00,UNITED KINGDOM,122
14482.0,6,137,110,1627.0,11.875912408759124,0.0,18.0,2011-04-14 16:41:00,2011-11-21 13:14:00,UNITED KINGDOM,220
14483.0,1,9,9,97.0,10.777777777777779,0.0,18.0,2011-03-03 10:26:00,2011-03-03 10:26:00,UNITED KINGDOM,0
14484.0,1,14,14,210.0,15.0,0.0,18.0,2011-10-20 14:11:00,2011-10-20 14:11:00,UNITED KINGDOM,0
14485.0,1,46,44,70.0,1.5217391304347827,0.0,18.0,2011-11-01 12:25:00,2011-11-01 12:25:00,UNITED KINGDOM,0
14487.0,6,140,112,712.0,5.085714285714285,0.0,18.0,2010-12-06 13:22:00,2011-11-13 12:17:00,UNITED KINGDOM,341
14488.0,1,46,46,799.0,17.369565217391305,0.0,18.0,2011-10-03 09:30:00,2011-10-03 09:30:00,UNITED KINGDOM,0
14489.0,1,30,30,299.0,9.966666666666667,0.0,18.0,2011-05-16 14:51:00,2011-05-16 14:51:00,UNITED KINGDOM,0
14491.0,2,17,17,139.0,8.176470588235293,0.0,18.0,2010-12-02 12:10:00,2011-06-17 15:22:00,UNITED KINGDOM,197
14493.0,5,120,95,1285.0,10.708333333333334,0.0,18.0,2011-07-07 16:59:00,2011-12-02 16:14:00,UNITED KINGDOM,147
14494.0,1,7,7,92.0,13.142857142857142,0.0,18.0,2011-11-14 09:21:00,2011-11-14 09:21:00,UNITED KINGDOM,0
14495.0,2,6,6,62.0,10.333333333333334,0.0,18.0,2011-08-10 14:13:00,2011-10-20 12:28:00,UNITED KINGDOM,70
14496.0,2,19,16,159.0,8.368421052631579,0.0,18.0,2010-12-01 15:35:00,2011-02-01 09:01:00,UNITED KINGDOM,61
14497.0,1,29,29,235.0,8.10344827586207,0.0,18.0,2011-02-03 17:01:00,2011-02-03 17:01:00,UNITED KINGDOM,0
14498.0,5,193,161,1098.0,5.689119170984456,85.0,85.0,2010-12-13 11:29:00,2011-10-28 12:09:00,UNITED KINGDOM,319
14499.0,3,190,147,496.0,2.610526315789474,0.0,18.0,2011-03-06 11:55:00,2011-11-13 13:01:00,UNITED KINGDOM,252
14500.0,3,7,6,117.0,16.714285714285715,0.0,18.0,2011-06-03 10:08:00,2011-09-12 16:45:00,UNITED KINGDOM,101
14501.0,2,10,9,161.0,16.1,0.0,18.0,2011-01-24 10:43:00,2011-06-09 12:02:00,UNITED KINGDOM,136
14502.0,11,608,369,1480.0,2.4342105263157894,0.0,18.0,2011-01-30 15:52:00,2011-11-20 11:50:00,UNITED KINGDOM,293
14503.0,6,164,113,2004.0,12.21951219512195,0.0,18.0,2011-06-14 10:00:00,2011-12-06 13:30:00,UNITED KINGDOM,175
14504.0,4,107,85,308.0,2.878504672897196,0.0,18.0,2011-03-06 14:38:00,2011-10-23 16:00:00,UNITED KINGDOM,231
14505.0,8,785,543,2739.0,3.489171974522293,0.0,18.0,2010-12-12 16:14:00,2011-11-22 15:45:00,UNITED KINGDOM,344
14506.0,5,295,205,704.0,2.386440677966102,0.0,18.0,2010-12-05 14:25:00,2011-11-22 13:02:00,UNITED KINGDOM,351
14507.0,6,95,79,594.0,6.252631578947368,0.0,18.0,2011-03-08 17:23:00,2011-11-16 12:21:00,UNITED KINGDOM,252
14508.0,2,55,52,129.0,2.3454545454545452,0.0,18.0,2011-09-11 11:29:00,2011-11-17 19:48:00,UNITED KINGDOM,67
14511.0,5,68,54,784.0,11.529411764705882,25.0,25.0,2011-07-29 12:13:00,2011-11-28 17:05:00,UNITED KINGDOM,122
14512.0,2,23,19,122.0,5.304347826086956,0.0,18.0,2011-04-21 19:05:00,2011-06-05 12:39:00,UNITED KINGDOM,44
14513.0,3,12,11,361.0,30.083333333333332,0.0,18.0,2011-02-24 09:36:00,2011-08-31 11:25:00,UNITED KINGDOM,188
14514.0,3,69,65,564.0,8.173913043478262,0.0,18.0,2011-01-12 15:22:00,2011-10-09 16:05:00,UNITED KINGDOM,270
14515.0,6,98,69,1110.0,11.326530612244898,0.0,18.0,2011-05-05 12:13:00,2011-11-22 11:37:00,UNITED KINGDOM,200
14517.0,2,18,17,91.0,5.055555555555555,0.0,18.0,2011-07-21 11:42:00,2011-11-06 14:20:00,UNITED KINGDOM,108
14518.0,1,16,16,278.0,17.375,0.0,18.0,2011-10-06 14:43:00,2011-10-06 14:43:00,UNITED KINGDOM,0
14520.0,2,4,3,146.0,36.5,0.0,18.0,2011-02-22 09:15:00,2011-12-08 09:46:00,UNITED KINGDOM,289
14522.0,4,17,16,525.0,30.88235294117647,0.0,18.0,2011-05-25 16:01:00,2011-11-15 13:24:00,UNITED KINGDOM,173
14523.0,1,12,12,251.0,20.916666666666668,0.0,18.0,2011-08-23 13:13:00,2011-08-23 13:13:00,UNITED KINGDOM,0
14524.0,9,197,162,669.0,3.3959390862944163,90.0,45.0,2010-12-14 11:01:00,2011-11-08 12:29:00,UNITED KINGDOM,329
14525.0,9,282,218,2637.0,9.351063829787234,0.0,18.0,2010-12-13 17:40:00,2011-11-20 11:37:00,UNITED KINGDOM,341
14527.0,55,971,337,2088.0,2.150360453141092,3.0,3.0,2010-12-05 13:17:00,2011-12-07 12:19:00,UNITED KINGDOM,366
14528.0,1,18,18,278.0,15.444444444444445,0.0,18.0,2011-11-02 17:09:00,2011-11-02 17:09:00,UNITED KINGDOM,0
14529.0,3,213,177,325.0,1.5258215962441315,0.0,18.0,2011-08-21 14:10:00,2011-10-10 15:27:00,UNITED KINGDOM,50
14530.0,6,213,140,1395.0,6.549295774647887,0.0,18.0,2011-02-16 10:47:00,2011-11-14 10:38:00,UNITED KINGDOM,270
14532.0,4,64,45,284.0,4.4375,0.0,18.0,2010-12-22 13:48:00,2011-04-17 13:05:00,UNITED KINGDOM,115
14533.0,7,62,53,4019.0,64.8225806451613,0.0,18.0,2010-12-22 11:07:00,2011-11-15 12:05:00,UNITED KINGDOM,328
14534.0,18,508,334,2027.0,3.9901574803149606,0.0,18.0,2011-01-25 12:33:00,2011-12-07 12:19:00,UNITED KINGDOM,315
14535.0,3,328,281,1824.0,5.560975609756097,0.0,18.0,2011-04-05 12:50:00,2011-10-10 15:39:00,UNITED KINGDOM,188
14536.0,1,18,18,39.0,2.1666666666666665,0.0,18.0,2011-03-25 12:21:00,2011-03-25 12:21:00,UNITED KINGDOM,0
14537.0,1,10,10,120.0,12.0,0.0,18.0,2011-10-13 10:54:00,2011-10-13 10:54:00,UNITED KINGDOM,0
14538.0,2,19,19,155.0,8.157894736842104,0.0,18.0,2011-03-28 14:57:00,2011-10-06 10:31:00,UNITED KINGDOM,191
14539.0,2,32,31,428.0,13.375,0.0,18.0,2011-10-26 12:03:00,2011-11-24 09:50:00,UNITED KINGDOM,28
14540.0,3,71,64,411.0,5.788732394366197,0.0,18.0,2011-02-03 15:02:00,2011-11-30 10:15:00,UNITED KINGDOM,299
14541.0,8,105,71,641.0,6.104761904761904,0.0,18.0,2011-01-24 14:16:00,2011-10-12 10:08:00,UNITED KINGDOM,260
14542.0,1,5,5,19.0,3.8,0.0,18.0,2011-06-07 08:19:00,2011-06-07 08:19:00,UNITED KINGDOM,0
14543.0,16,71,43,675.0,9.507042253521126,5.0,5.0,2010-12-10 11:51:00,2011-11-11 12:45:00,UNITED KINGDOM,336
14544.0,2,111,98,1536.0,13.837837837837839,0.0,18.0,2010-12-13 12:50:00,2011-11-15 15:06:00,UNITED KINGDOM,337
14546.0,5,397,252,1313.0,3.3073047858942064,0.0,18.0,2011-04-05 12:37:00,2011-12-04 13:00:00,UNITED KINGDOM,243
14547.0,8,355,199,2639.0,7.433802816901409,25.0,25.0,2011-10-16 14:35:00,2011-12-06 11:06:00,UNITED KINGDOM,50
14548.0,2,4,2,256.0,64.0,0.0,18.0,2011-01-26 08:38:00,2011-07-12 12:19:00,UNITED KINGDOM,167
14549.0,1,56,56,136.0,2.4285714285714284,0.0,18.0,2011-02-01 13:47:00,2011-02-01 13:47:00,UNITED KINGDOM,0
14550.0,2,47,38,389.0,8.27659574468085,0.0,18.0,2011-10-26 12:14:00,2011-11-29 12:12:00,UNITED KINGDOM,33
14551.0,2,10,9,106.0,10.6,0.0,18.0,2011-05-19 18:21:00,2011-11-21 13:36:00,UNITED KINGDOM,185
14552.0,1,57,57,90.0,1.5789473684210527,0.0,18.0,2011-07-11 12:49:00,2011-07-11 12:49:00,UNITED KINGDOM,0
14553.0,5,113,105,493.0,4.3628318584070795,165.0,165.0,2011-01-04 15:40:00,2011-11-20 13:20:00,UNITED KINGDOM,319
14554.0,4,203,147,1443.0,7.108374384236453,0.0,18.0,2011-10-18 13:04:00,2011-11-29 16:44:00,UNITED KINGDOM,42
14555.0,2,19,18,122.0,6.421052631578948,0.0,18.0,2011-02-10 17:19:00,2011-10-13 16:24:00,UNITED KINGDOM,244
14557.0,1,16,16,510.0,31.875,0.0,18.0,2011-09-15 15:48:00,2011-09-15 15:48:00,UNITED KINGDOM,0
14560.0,22,74,40,1260.0,17.027027027027028,0.0,18.0,2010-12-17 09:22:00,2011-12-02 15:22:00,UNITED KINGDOM,350
14561.0,3,69,67,1014.0,14.695652173913043,0.0,18.0,2011-06-08 13:26:00,2011-09-25 12:39:00,UNITED KINGDOM,108
14562.0,18,419,190,1815.0,4.3317422434367545,0.0,18.0,2011-02-08 14:45:00,2011-12-06 11:05:00,UNITED KINGDOM,300
14565.0,4,127,111,1540.0,12.125984251968504,150.0,50.0,2010-12-13 13:25:00,2011-09-05 09:07:00,UNITED KINGDOM,265
14567.0,2,33,33,412.0,12.484848484848484,0.0,18.0,2011-08-01 13:48:00,2011-10-14 10:21:00,UNITED KINGDOM,73
14569.0,1,12,10,79.0,6.583333333333333,0.0,18.0,2011-12-08 14:58:00,2011-12-08 14:58:00,UNITED KINGDOM,0
14570.0,2,29,29,95.0,3.2758620689655173,0.0,18.0,2011-03-04 10:39:00,2011-03-04 10:58:00,UNITED KINGDOM,0
14572.0,7,262,190,1420.0,5.419847328244275,0.0,18.0,2011-01-19 17:23:00,2011-12-06 14:40:00,UNITED KINGDOM,320
14573.0,9,227,127,534.0,2.352422907488987,0.0,18.0,2010-12-02 19:59:00,2011-06-13 11:15:00,UNITED KINGDOM,192
14576.0,1,1,1,12.0,12.0,0.0,18.0,2010-12-02 17:51:00,2010-12-02 17:51:00,UNITED KINGDOM,0
14577.0,4,123,88,353.0,2.869918699186992,0.0,18.0,2010-12-12 11:26:00,2011-11-27 12:47:00,UNITED KINGDOM,350
14578.0,1,24,24,240.0,10.0,1.0,1.0,2011-12-06 17:18:00,2011-12-06 17:18:00,UNITED KINGDOM,0
14581.0,1,17,16,217.0,12.764705882352942,0.0,18.0,2011-11-23 12:39:00,2011-11-23 12:39:00,UNITED KINGDOM,0
14582.0,1,6,6,73.0,12.166666666666666,0.0,18.0,2011-10-30 11:56:00,2011-10-30 11:56:00,UNITED KINGDOM,0
14583.0,5,302,244,751.0,2.486754966887417,0.0,18.0,2011-05-18 11:28:00,2011-12-04 12:32:00,UNITED KINGDOM,200
14584.0,4,98,68,381.0,3.8877551020408165,0.0,18.0,2011-05-25 17:31:00,2011-06-23 18:33:00,UNITED KINGDOM,29
14585.0,1,29,29,91.0,3.1379310344827585,0.0,18.0,2011-10-20 14:33:00,2011-10-20 14:33:00,UNITED KINGDOM,0
14586.0,1,19,19,444.0,23.36842105263158,0.0,18.0,2011-03-08 10:04:00,2011-03-08 10:04:00,UNITED KINGDOM,0
14587.0,9,371,175,749.0,2.018867924528302,0.0,18.0,2011-01-12 13:16:00,2011-11-21 11:34:00,UNITED KINGDOM,312
14589.0,1,3,3,5.0,1.6666666666666667,0.0,18.0,2010-12-03 11:42:00,2010-12-03 11:42:00,UNITED KINGDOM,0
14591.0,4,176,139,1228.0,6.9772727272727275,0.0,18.0,2011-05-10 14:09:00,2011-11-24 13:57:00,UNITED KINGDOM,197
14592.0,3,158,132,407.0,2.5759493670886076,0.0,18.0,2011-10-06 18:08:00,2011-11-04 16:35:00,UNITED KINGDOM,28
14593.0,3,151,129,330.0,2.185430463576159,0.0,18.0,2011-05-25 11:14:00,2011-11-18 12:48:00,UNITED KINGDOM,177
14594.0,2,52,48,183.0,3.519230769230769,0.0,18.0,2010-12-01 13:54:00,2011-12-02 13:28:00,UNITED KINGDOM,365
14595.0,6,102,94,978.0,9.588235294117647,0.0,18.0,2011-01-30 13:36:00,2011-11-20 12:12:00,UNITED KINGDOM,293
14597.0,2,47,45,566.0,12.042553191489361,0.0,18.0,2011-06-01 12:33:00,2011-11-28 13:13:00,UNITED KINGDOM,180
14598.0,1,50,49,189.0,3.78,0.0,18.0,2011-10-26 13:19:00,2011-10-26 13:19:00,UNITED KINGDOM,0
14600.0,1,25,25,125.0,5.0,0.0,18.0,2011-02-07 09:48:00,2011-02-07 09:48:00,UNITED KINGDOM,0
14601.0,1,7,7,168.0,24.0,0.0,18.0,2011-11-29 09:48:00,2011-11-29 09:48:00,UNITED KINGDOM,0
14603.0,1,2,2,400.0,200.0,0.0,18.0,2011-03-10 10:27:00,2011-03-10 10:27:00,UNITED KINGDOM,0
14606.0,93,2677,825,6187.0,2.311169219275308,130.0,32.5,2010-12-01 16:57:00,2011-12-08 19:28:00,UNITED KINGDOM,372
14607.0,14,81,38,11526.0,142.2962962962963,31.0,7.75,2011-03-23 15:22:00,2011-11-24 10:35:00,UNITED KINGDOM,245
14608.0,4,20,8,437.0,21.85,0.0,18.0,2010-12-12 14:49:00,2011-12-05 16:52:00,UNITED KINGDOM,358
14609.0,4,4,2,7026.0,1756.5,0.0,18.0,2011-02-16 12:10:00,2011-09-28 12:54:00,UNITED KINGDOM,224
14616.0,3,3,2,104.0,34.666666666666664,0.0,18.0,2011-01-26 12:42:00,2011-04-11 09:54:00,UNITED KINGDOM,74
14618.0,3,16,10,264.0,16.5,30.0,15.0,2011-01-06 11:59:00,2011-11-30 13:45:00,UNITED KINGDOM,328
14619.0,1,20,20,152.0,7.6,0.0,18.0,2011-04-08 07:37:00,2011-04-08 07:37:00,UNITED KINGDOM,0
14620.0,2,26,26,214.0,8.23076923076923,0.0,18.0,2011-03-01 08:30:00,2011-05-18 11:58:00,UNITED KINGDOM,78
14621.0,5,92,80,993.0,10.793478260869565,0.0,18.0,2010-12-16 13:00:00,2011-12-08 16:22:00,UNITED KINGDOM,357
14622.0,1,21,21,146.0,6.9523809523809526,0.0,18.0,2011-06-08 12:42:00,2011-06-08 12:42:00,UNITED KINGDOM,0
14623.0,5,133,106,418.0,3.142857142857143,0.0,18.0,2011-04-18 13:54:00,2011-11-07 13:56:00,UNITED KINGDOM,203
14624.0,2,13,13,162.0,12.461538461538462,0.0,18.0,2011-10-11 14:39:00,2011-10-13 13:44:00,UNITED KINGDOM,1
14625.0,2,53,51,335.0,6.320754716981132,0.0,18.0,2010-12-13 15:36:00,2011-05-27 15:32:00,UNITED KINGDOM,164
14626.0,4,122,108,1403.0,11.5,0.0,18.0,2011-04-20 13:18:00,2011-11-16 10:37:00,UNITED KINGDOM,209
14628.0,2,24,22,272.0,11.333333333333334,0.0,18.0,2011-04-11 14:43:00,2011-09-09 14:58:00,UNITED KINGDOM,151
14629.0,2,150,133,378.0,2.52,0.0,18.0,2011-10-23 16:13:00,2011-12-05 16:55:00,UNITED KINGDOM,43
14631.0,3,41,38,622.0,15.170731707317072,0.0,18.0,2011-02-14 09:31:00,2011-10-20 11:17:00,UNITED KINGDOM,248
14632.0,1,8,8,96.0,12.0,0.0,18.0,2011-03-22 08:49:00,2011-03-22 08:49:00,UNITED KINGDOM,0
14633.0,1,20,20,96.0,4.8,0.0,18.0,2011-03-18 17:07:00,2011-03-18 17:07:00,UNITED KINGDOM,0
14636.0,2,28,27,241.0,8.607142857142858,0.0,18.0,2011-03-16 09:52:00,2011-11-03 16:12:00,UNITED KINGDOM,232
14638.0,1,16,16,166.0,10.375,0.0,18.0,2011-10-20 10:10:00,2011-10-20 10:10:00,UNITED KINGDOM,0
14639.0,6,172,140,1431.0,8.319767441860465,0.0,18.0,2010-12-13 13:50:00,2011-10-18 15:06:00,UNITED KINGDOM,309
14640.0,6,105,87,880.0,8.380952380952381,0.0,18.0,2011-04-26 12:31:00,2011-11-15 13:07:00,UNITED KINGDOM,203
14641.0,1,7,7,90.0,12.857142857142858,0.0,18.0,2011-11-18 10:42:00,2011-11-18 10:42:00,UNITED KINGDOM,0
14642.0,1,2,2,76.0,38.0,0.0,18.0,2011-10-12 11:08:00,2011-10-12 11:08:00,UNITED KINGDOM,0
14643.0,2,30,29,775.0,25.833333333333332,0.0,18.0,2010-12-16 17:53:00,2011-06-22 14:41:00,UNITED KINGDOM,187
14644.0,2,26,26,258.0,9.923076923076923,0.0,18.0,2011-02-14 14:14:00,2011-10-03 08:30:00,UNITED KINGDOM,230
14645.0,2,30,28,381.0,12.7,0.0,18.0,2011-03-09 09:52:00,2011-07-06 09:15:00,UNITED KINGDOM,118
14646.0,74,2080,719,197491.0,94.94759615384615,523.0,22.73913043478261,2010-12-20 10:09:00,2011-12-08 12:12:00,NETHERLANDS,353
14647.0,1,28,24,91.0,3.25,0.0,18.0,2011-05-22 13:40:00,2011-05-22 13:40:00,UNITED KINGDOM,0
14649.0,4,186,149,1004.0,5.397849462365591,0.0,18.0,2011-05-11 14:37:00,2011-12-05 12:30:00,UNITED KINGDOM,207
14651.0,2,101,95,343.0,3.396039603960396,0.0,18.0,2011-05-12 16:29:00,2011-10-03 15:52:00,UNITED KINGDOM,143
14652.0,1,29,29,53.0,1.8275862068965518,0.0,18.0,2011-09-23 14:21:00,2011-09-23 14:21:00,UNITED KINGDOM,0
14653.0,7,234,156,945.0,4.038461538461538,10.0,10.0,2011-01-05 13:40:00,2011-12-08 13:45:00,UNITED KINGDOM,337
14655.0,4,49,35,1089.0,22.224489795918366,0.0,18.0,2011-05-01 14:59:00,2011-12-01 16:28:00,UNITED KINGDOM,214
14656.0,2,80,73,120.0,1.5,0.0,18.0,2011-03-01 13:19:00,2011-06-23 13:51:00,UNITED KINGDOM,114
14657.0,4,126,102,466.0,3.6984126984126986,0.0,18.0,2011-01-17 15:19:00,2011-11-22 12:47:00,UNITED KINGDOM,308
14658.0,2,29,28,47.0,1.6206896551724137,0.0,18.0,2011-08-14 15:42:00,2011-12-04 15:35:00,UNITED KINGDOM,111
14659.0,9,253,152,1195.0,4.723320158102767,0.0,18.0,2011-01-28 12:43:00,2011-12-01 12:17:00,UNITED KINGDOM,306
14660.0,2,30,24,228.0,7.6,0.0,18.0,2011-08-31 10:40:00,2011-09-14 11:34:00,UNITED KINGDOM,14
14661.0,1,4,4,35.0,8.75,0.0,18.0,2011-11-13 11:51:00,2011-11-13 11:51:00,UNITED KINGDOM,0
14662.0,4,157,143,578.0,3.6815286624203822,0.0,18.0,2011-01-27 17:41:00,2011-11-11 12:13:00,UNITED KINGDOM,287
14664.0,2,98,78,465.0,4.744897959183674,0.0,18.0,2011-11-06 14:56:00,2011-11-20 10:59:00,UNITED KINGDOM,13
14665.0,5,90,63,740.0,8.222222222222221,0.0,18.0,2011-02-02 09:08:00,2011-10-10 09:14:00,UNITED KINGDOM,250
14666.0,1,14,14,161.0,11.5,0.0,18.0,2011-11-15 12:57:00,2011-11-15 12:57:00,UNITED KINGDOM,0
14667.0,25,567,356,5319.0,9.380952380952381,0.0,18.0,2010-12-06 13:13:00,2011-11-29 11:30:00,UNITED KINGDOM,357
14669.0,3,166,158,770.0,4.63855421686747,0.0,18.0,2011-01-11 12:30:00,2011-04-12 11:43:00,UNITED KINGDOM,90
14670.0,2,123,107,326.0,2.6504065040650406,0.0,18.0,2011-03-04 13:58:00,2011-03-04 14:13:00,UNITED KINGDOM,0
14672.0,2,61,58,454.0,7.442622950819672,0.0,18.0,2011-01-07 15:48:00,2011-04-19 10:19:00,UNITED KINGDOM,101
14673.0,5,74,39,1004.0,13.567567567567568,0.0,18.0,2010-12-07 12:49:00,2011-12-06 14:31:00,UNITED KINGDOM,364
14675.0,1,97,93,336.0,3.463917525773196,0.0,18.0,2011-11-23 12:58:00,2011-11-23 12:58:00,UNITED KINGDOM,0
14676.0,6,42,29,2500.0,59.523809523809526,0.0,18.0,2011-03-01 14:26:00,2011-11-08 13:29:00,UNITED KINGDOM,251
14680.0,16,258,78,13476.0,52.23255813953488,15.0,15.0,2010-12-03 12:05:00,2011-11-14 16:59:00,UNITED KINGDOM,346
14681.0,3,7,6,76.0,10.857142857142858,0.0,18.0,2011-05-12 10:45:00,2011-09-29 15:52:00,UNITED KINGDOM,140
14682.0,2,2,1,80.0,40.0,0.0,18.0,2011-05-22 12:51:00,2011-06-05 12:12:00,UNITED KINGDOM,13
14684.0,5,390,230,821.0,2.105128205128205,0.0,18.0,2010-12-12 12:44:00,2011-11-14 11:33:00,UNITED KINGDOM,336
14687.0,1,15,15,470.0,31.333333333333332,0.0,18.0,2011-08-25 11:59:00,2011-08-25 11:59:00,UNITED KINGDOM,0
14688.0,21,324,151,3584.0,11.061728395061728,25.0,25.0,2010-12-01 09:37:00,2011-12-02 12:26:00,UNITED KINGDOM,366
14689.0,1,13,13,76.0,5.846153846153846,0.0,18.0,2011-05-15 11:22:00,2011-05-15 11:22:00,UNITED KINGDOM,0
14690.0,2,48,40,167.0,3.4791666666666665,0.0,18.0,2011-07-11 11:58:00,2011-10-26 15:39:00,UNITED KINGDOM,107
14691.0,5,71,52,707.0,9.95774647887324,0.0,18.0,2011-05-11 09:55:00,2011-11-09 12:30:00,UNITED KINGDOM,182
14692.0,4,68,54,265.0,3.8970588235294117,0.0,18.0,2011-01-21 13:47:00,2011-07-25 15:08:00,UNITED KINGDOM,185
14693.0,1,8,8,34.0,4.25,0.0,18.0,2011-03-20 12:50:00,2011-03-20 12:50:00,UNITED KINGDOM,0
14696.0,7,130,117,1630.0,12.538461538461538,0.0,18.0,2010-12-01 15:37:00,2011-12-05 13:43:00,UNITED KINGDOM,368
14697.0,2,22,22,181.0,8.227272727272727,0.0,18.0,2011-05-05 15:29:00,2011-05-05 15:39:00,UNITED KINGDOM,0
14698.0,5,200,148,602.0,3.01,0.0,18.0,2011-10-19 12:54:00,2011-12-08 12:26:00,UNITED KINGDOM,49
14699.0,1,8,8,77.0,9.625,0.0,18.0,2011-05-09 14:54:00,2011-05-09 14:54:00,UNITED KINGDOM,0
14700.0,3,112,80,1314.0,11.732142857142858,0.0,18.0,2011-04-15 13:16:00,2011-11-07 14:40:00,UNITED KINGDOM,206
14701.0,9,327,269,921.0,2.81651376146789,0.0,18.0,2011-01-27 12:40:00,2011-11-29 12:38:00,UNITED KINGDOM,305
14702.0,17,342,197,1439.0,4.207602339181286,0.0,18.0,2010-12-09 19:23:00,2011-12-08 19:29:00,UNITED KINGDOM,364
14703.0,1,22,22,183.0,8.318181818181818,0.0,18.0,2011-11-25 09:23:00,2011-11-25 09:23:00,UNITED KINGDOM,0
14704.0,9,393,288,1043.0,2.653944020356234,30.0,15.0,2011-06-12 13:59:00,2011-11-28 12:51:00,UNITED KINGDOM,168
14705.0,1,1,1,100.0,100.0,0.0,18.0,2011-05-25 12:39:00,2011-05-25 12:39:00,UNITED KINGDOM,0
14708.0,3,28,25,621.0,22.178571428571427,0.0,18.0,2010-12-06 12:23:00,2011-12-07 08:21:00,UNITED KINGDOM,365
14709.0,13,196,72,2484.0,12.673469387755102,0.0,18.0,2010-12-16 13:43:00,2011-11-24 15:41:00,UNITED KINGDOM,343
14710.0,4,136,124,375.0,2.7573529411764706,0.0,18.0,2011-10-11 13:49:00,2011-11-25 14:53:00,UNITED KINGDOM,45
14711.0,11,345,222,966.0,2.8,655.0,131.0,2011-03-22 13:32:00,2011-11-29 14:58:00,UNITED KINGDOM,252
14712.0,3,25,21,315.0,12.6,0.0,18.0,2011-08-19 13:33:00,2011-11-10 12:59:00,UNITED KINGDOM,82
14713.0,11,338,148,1613.0,4.772189349112426,0.0,18.0,2010-12-09 18:58:00,2011-11-30 16:26:00,UNITED KINGDOM,355
14714.0,1,10,10,229.0,22.9,0.0,18.0,2011-11-15 13:07:00,2011-11-15 13:07:00,UNITED KINGDOM,0
14715.0,4,71,60,521.0,7.338028169014085,0.0,18.0,2011-01-12 13:27:00,2011-11-15 12:10:00,UNITED KINGDOM,306
14716.0,2,51,45,495.0,9.705882352941176,0.0,18.0,2011-07-14 12:42:00,2011-10-27 17:29:00,UNITED KINGDOM,105
14719.0,5,235,177,1025.0,4.361702127659575,0.0,18.0,2011-04-04 14:17:00,2011-12-08 12:43:00,UNITED KINGDOM,247
14720.0,3,37,33,219.0,5.918918918918919,0.0,18.0,2011-08-05 12:06:00,2011-12-04 12:02:00,UNITED KINGDOM,120
14722.0,1,28,28,118.0,4.214285714285714,0.0,18.0,2011-07-15 14:58:00,2011-07-15 14:58:00,UNITED KINGDOM,0
14723.0,6,259,193,673.0,2.5984555984555984,0.0,18.0,2010-12-03 14:18:00,2011-11-29 15:23:00,UNITED KINGDOM,361
14725.0,1,47,45,588.0,12.51063829787234,0.0,18.0,2011-11-15 12:42:00,2011-11-15 12:42:00,UNITED KINGDOM,0
14727.0,1,10,10,62.0,6.2,0.0,18.0,2011-03-10 14:45:00,2011-03-10 14:45:00,UNITED KINGDOM,0
14729.0,1,71,69,197.0,2.7746478873239435,0.0,18.0,2010-12-01 12:43:00,2010-12-01 12:43:00,UNITED KINGDOM,0
14730.0,8,462,317,1078.0,2.3333333333333335,0.0,18.0,2011-03-08 12:49:00,2011-12-08 14:39:00,UNITED KINGDOM,275
14731.0,3,45,38,256.0,5.688888888888889,0.0,18.0,2011-05-11 13:06:00,2011-10-23 15:54:00,UNITED KINGDOM,165
14732.0,8,147,105,1405.0,9.5578231292517,0.0,18.0,2011-01-04 14:40:00,2011-12-01 14:34:00,UNITED KINGDOM,330
14733.0,12,202,102,3764.0,18.633663366336634,0.0,18.0,2010-12-07 11:30:00,2011-11-23 15:39:00,UNITED KINGDOM,351
14735.0,32,194,104,2264.0,11.670103092783505,15.0,15.0,2010-12-16 16:05:00,2011-12-06 12:09:00,UNITED KINGDOM,354
14737.0,3,17,15,345.0,20.294117647058822,0.0,18.0,2010-12-21 13:49:00,2011-12-06 10:16:00,UNITED KINGDOM,349
14738.0,7,54,39,601.0,11.12962962962963,0.0,18.0,2011-01-27 14:10:00,2011-10-28 08:56:00,UNITED KINGDOM,273
14739.0,7,60,47,3820.0,63.666666666666664,0.0,18.0,2010-12-07 14:58:00,2011-12-05 16:54:00,UNITED KINGDOM,363
14740.0,3,89,85,735.0,8.258426966292134,0.0,18.0,2011-03-01 08:35:00,2011-05-26 18:17:00,UNITED KINGDOM,86
14741.0,6,59,35,841.0,14.254237288135593,0.0,18.0,2010-12-02 08:43:00,2011-11-28 08:48:00,UNITED KINGDOM,361
14744.0,7,26,21,627.0,24.115384615384617,15.0,15.0,2010-12-08 10:21:00,2011-11-23 12:51:00,UNITED KINGDOM,350
14745.0,5,69,46,1038.0,15.043478260869565,0.0,18.0,2011-02-27 15:25:00,2011-08-19 10:05:00,UNITED KINGDOM,172
14747.0,1,18,18,84.0,4.666666666666667,0.0,18.0,2011-04-04 14:09:00,2011-04-04 14:09:00,UNITED KINGDOM,0
14748.0,5,89,87,1223.0,13.741573033707866,0.0,18.0,2010-12-06 10:19:00,2011-11-10 18:33:00,UNITED KINGDOM,339
14752.0,1,5,5,260.0,52.0,0.0,18.0,2011-10-27 11:55:00,2011-10-27 11:55:00,UNITED KINGDOM,0
14753.0,1,30,30,211.0,7.033333333333333,0.0,18.0,2011-09-13 14:50:00,2011-09-13 14:50:00,UNITED KINGDOM,0
14754.0,2,41,38,486.0,11.853658536585366,0.0,18.0,2011-02-17 12:21:00,2011-10-26 12:01:00,UNITED KINGDOM,250
14755.0,11,235,129,2219.0,9.442553191489361,0.0,18.0,2011-01-09 14:02:00,2011-11-30 11:24:00,UNITED KINGDOM,324
14756.0,1,38,38,416.0,10.947368421052632,0.0,18.0,2011-11-24 18:13:00,2011-11-24 18:13:00,UNITED KINGDOM,0
14757.0,1,19,19,160.0,8.421052631578947,0.0,18.0,2011-09-25 14:36:00,2011-09-25 14:36:00,UNITED KINGDOM,0
14758.0,4,71,54,419.0,5.901408450704225,0.0,18.0,2011-03-25 12:10:00,2011-07-18 08:21:00,UNITED KINGDOM,114
14759.0,3,102,92,569.0,5.578431372549019,0.0,18.0,2011-04-21 10:55:00,2011-12-05 12:03:00,UNITED KINGDOM,228
14760.0,1,5,5,40.0,8.0,0.0,18.0,2011-02-15 16:27:00,2011-02-15 16:27:00,UNITED KINGDOM,0
14761.0,2,11,11,118.0,10.727272727272727,0.0,18.0,2011-01-09 12:03:00,2011-10-12 12:10:00,UNITED KINGDOM,276
14762.0,1,21,21,341.0,16.238095238095237,0.0,18.0,2011-03-21 08:20:00,2011-03-21 08:20:00,UNITED KINGDOM,0
14764.0,1,6,6,190.0,31.666666666666668,0.0,18.0,2011-10-24 11:54:00,2011-10-24 11:54:00,UNITED KINGDOM,0
14765.0,3,39,38,135.0,3.4615384615384617,0.0,18.0,2011-06-16 19:49:00,2011-11-10 19:53:00,UNITED KINGDOM,147
14766.0,6,135,112,1349.0,9.992592592592592,0.0,18.0,2010-12-08 15:33:00,2011-12-01 16:05:00,UNITED KINGDOM,358
14768.0,2,5,4,52.0,10.4,0.0,18.0,2011-08-04 13:25:00,2011-11-22 12:54:00,UNITED KINGDOM,109
14769.0,8,1062,723,7239.0,6.81638418079096,0.0,18.0,2010-12-17 11:40:00,2011-12-07 10:24:00,UNITED KINGDOM,354
14770.0,2,52,49,490.0,9.423076923076923,0.0,18.0,2011-01-20 15:00:00,2011-04-21 14:21:00,UNITED KINGDOM,90
14772.0,1,9,9,82.0,9.11111111111111,0.0,18.0,2011-08-19 15:04:00,2011-08-19 15:04:00,UNITED KINGDOM,0
14775.0,3,60,57,1174.0,19.566666666666666,0.0,18.0,2010-12-02 16:38:00,2011-10-12 15:27:00,UNITED KINGDOM,313
14776.0,11,117,44,3134.0,26.786324786324787,0.0,18.0,2011-01-31 13:17:00,2011-10-19 15:34:00,UNITED KINGDOM,261
14778.0,2,35,34,306.0,8.742857142857142,0.0,18.0,2011-02-04 11:43:00,2011-08-04 15:23:00,UNITED KINGDOM,181
14779.0,3,41,39,84.0,2.048780487804878,0.0,18.0,2011-01-20 12:04:00,2011-03-04 12:42:00,UNITED KINGDOM,43
14780.0,2,27,26,310.0,11.481481481481481,0.0,18.0,2011-09-21 15:15:00,2011-10-16 12:46:00,UNITED KINGDOM,24
14782.0,1,6,6,114.0,19.0,0.0,18.0,2011-01-24 11:12:00,2011-01-24 11:12:00,UNITED KINGDOM,0
14784.0,2,15,15,237.0,15.8,0.0,18.0,2011-01-20 09:25:00,2011-11-13 13:30:00,UNITED KINGDOM,297
14785.0,2,3,2,84.0,28.0,0.0,18.0,2011-11-24 13:40:00,2011-11-29 13:21:00,UNITED KINGDOM,4
14788.0,2,30,26,421.0,14.033333333333333,0.0,18.0,2011-11-13 15:52:00,2011-12-02 17:06:00,UNITED KINGDOM,19
14789.0,1,6,6,116.0,19.333333333333332,0.0,18.0,2011-11-11 08:59:00,2011-11-11 08:59:00,UNITED KINGDOM,0
14790.0,4,46,30,699.0,15.195652173913043,0.0,18.0,2011-03-31 11:49:00,2011-11-23 09:28:00,UNITED KINGDOM,236
14792.0,1,2,2,2.0,1.0,0.0,18.0,2011-10-07 09:19:00,2011-10-07 09:19:00,UNITED KINGDOM,0
14793.0,1,14,14,91.0,6.5,0.0,18.0,2011-11-18 14:50:00,2011-11-18 14:50:00,UNITED KINGDOM,0
14794.0,7,80,68,673.0,8.4125,0.0,18.0,2011-01-09 16:11:00,2011-12-07 10:11:00,UNITED KINGDOM,331
14795.0,1,6,6,17.0,2.8333333333333335,0.0,18.0,2011-06-26 13:04:00,2011-06-26 13:04:00,UNITED KINGDOM,0
14796.0,17,1132,407,5995.0,5.295936395759718,0.0,18.0,2010-12-08 10:40:00,2011-12-08 15:31:00,UNITED KINGDOM,365
14798.0,3,12,11,150.0,12.5,0.0,18.0,2011-02-02 15:26:00,2011-10-18 10:58:00,UNITED KINGDOM,257
14799.0,1,13,13,146.0,11.23076923076923,0.0,18.0,2011-10-19 16:16:00,2011-10-19 16:16:00,UNITED KINGDOM,0
14800.0,12,383,248,3644.0,9.514360313315926,0.0,18.0,2010-12-05 11:10:00,2011-10-23 12:46:00,UNITED KINGDOM,322
14801.0,1,57,56,173.0,3.0350877192982457,0.0,18.0,2011-10-09 15:24:00,2011-10-09 15:24:00,UNITED KINGDOM,0
14803.0,3,44,35,370.0,8.409090909090908,0.0,18.0,2011-02-20 13:21:00,2011-06-30 13:58:00,UNITED KINGDOM,130
14804.0,1,12,12,121.0,10.083333333333334,0.0,18.0,2011-12-01 11:20:00,2011-12-01 11:20:00,UNITED KINGDOM,0
14805.0,4,46,30,114.0,2.4782608695652173,0.0,18.0,2011-01-30 10:43:00,2011-11-24 16:20:00,UNITED KINGDOM,298
14806.0,1,11,11,330.0,30.0,0.0,18.0,2011-09-25 15:32:00,2011-09-25 15:32:00,UNITED KINGDOM,0
14808.0,8,231,176,2120.0,9.177489177489177,190.0,95.0,2011-06-20 12:53:00,2011-10-31 12:21:00,UNITED KINGDOM,132
14810.0,11,254,109,1015.0,3.9960629921259843,0.0,18.0,2010-12-05 12:08:00,2011-10-30 11:19:00,UNITED KINGDOM,328
14813.0,2,29,25,66.0,2.2758620689655173,0.0,18.0,2010-12-05 11:54:00,2010-12-05 11:57:00,UNITED KINGDOM,0
14815.0,2,53,53,744.0,14.037735849056604,0.0,18.0,2011-10-03 11:36:00,2011-11-03 11:36:00,UNITED KINGDOM,31
14816.0,1,4,4,5.0,1.25,250.0,125.0,2011-05-26 13:16:00,2011-05-26 13:16:00,UNITED KINGDOM,0
14817.0,2,63,52,655.0,10.396825396825397,100.0,50.0,2011-03-07 13:51:00,2011-05-23 13:35:00,UNITED KINGDOM,76
14818.0,3,48,41,324.0,6.75,0.0,18.0,2011-03-31 12:28:00,2011-09-27 11:01:00,UNITED KINGDOM,179
14819.0,2,13,13,109.0,8.384615384615385,0.0,18.0,2011-05-31 13:50:00,2011-10-06 13:41:00,UNITED KINGDOM,127
14820.0,4,29,24,253.0,8.724137931034482,0.0,18.0,2011-06-19 14:56:00,2011-11-18 15:41:00,UNITED KINGDOM,152
14821.0,1,2,2,20.0,10.0,0.0,18.0,2010-12-08 08:43:00,2010-12-08 08:43:00,UNITED KINGDOM,0
14823.0,3,70,56,88.0,1.2571428571428571,0.0,18.0,2011-05-29 12:48:00,2011-06-12 13:12:00,UNITED KINGDOM,14
14824.0,4,29,19,525.0,18.103448275862068,0.0,18.0,2011-09-09 14:12:00,2011-11-29 14:20:00,UNITED KINGDOM,81
14825.0,12,120,83,989.0,8.241666666666667,0.0,18.0,2010-12-06 12:30:00,2011-12-06 11:38:00,UNITED KINGDOM,364
14828.0,3,17,17,2172.0,127.76470588235294,0.0,18.0,2011-01-07 09:50:00,2011-05-27 10:16:00,UNITED KINGDOM,140
14829.0,4,42,39,452.0,10.761904761904763,0.0,18.0,2010-12-02 16:12:00,2011-11-10 16:16:00,UNITED KINGDOM,343
14830.0,1,39,39,164.0,4.205128205128205,0.0,18.0,2011-10-17 14:29:00,2011-10-17 14:29:00,UNITED KINGDOM,0
14834.0,6,67,43,734.0,10.955223880597014,0.0,18.0,2011-04-13 15:00:00,2011-11-22 10:30:00,UNITED KINGDOM,222
14836.0,3,6,5,45.0,7.5,0.0,18.0,2011-11-09 13:26:00,2011-11-29 16:45:00,UNITED KINGDOM,20
14837.0,4,108,96,1436.0,13.296296296296296,0.0,18.0,2011-05-22 12:49:00,2011-09-11 10:58:00,UNITED KINGDOM,111
14840.0,1,4,4,31.0,7.75,0.0,18.0,2011-03-17 12:00:00,2011-03-17 12:00:00,UNITED KINGDOM,0
14841.0,6,138,104,1778.0,12.884057971014492,0.0,18.0,2010-12-16 10:28:00,2011-10-17 15:03:00,UNITED KINGDOM,305
14842.0,4,145,129,1166.0,8.041379310344828,295.0,295.0,2011-02-04 15:32:00,2011-10-27 12:37:00,UNITED KINGDOM,264
14844.0,4,130,87,1833.0,14.1,0.0,18.0,2011-04-12 13:10:00,2011-10-07 10:41:00,UNITED KINGDOM,177
14847.0,1,13,13,120.0,9.23076923076923,0.0,18.0,2011-07-14 10:52:00,2011-07-14 10:52:00,UNITED KINGDOM,0
14849.0,25,388,163,5694.0,14.675257731958762,0.0,18.0,2010-12-01 12:22:00,2011-11-18 10:58:00,UNITED KINGDOM,351
14850.0,1,21,21,293.0,13.952380952380953,0.0,18.0,2011-02-01 11:21:00,2011-02-01 11:21:00,UNITED KINGDOM,0
14851.0,2,28,28,325.0,11.607142857142858,0.0,18.0,2011-03-28 14:59:00,2011-11-16 14:20:00,UNITED KINGDOM,232
14852.0,6,143,96,1747.0,12.216783216783217,0.0,18.0,2011-04-01 13:22:00,2011-10-12 13:20:00,UNITED KINGDOM,193
14853.0,2,9,8,82.0,9.11111111111111,0.0,18.0,2011-05-12 15:17:00,2011-11-15 16:56:00,UNITED KINGDOM,187
14854.0,7,126,110,1820.0,14.444444444444445,0.0,18.0,2011-03-10 12:22:00,2011-09-22 17:00:00,UNITED KINGDOM,196
14855.0,2,20,13,267.0,13.35,0.0,18.0,2011-07-28 12:06:00,2011-08-12 14:02:00,UNITED KINGDOM,15
14856.0,3,65,65,711.0,10.938461538461539,0.0,18.0,2011-10-14 09:35:00,2011-11-03 14:53:00,UNITED KINGDOM,20
14857.0,2,60,58,464.0,7.733333333333333,0.0,18.0,2011-07-14 15:03:00,2011-10-11 09:23:00,UNITED KINGDOM,88
14859.0,4,58,48,671.0,11.568965517241379,0.0,18.0,2011-05-19 14:42:00,2011-11-27 11:18:00,UNITED KINGDOM,191
14860.0,1,11,11,232.0,21.09090909090909,0.0,18.0,2011-11-20 14:17:00,2011-11-20 14:17:00,UNITED KINGDOM,0
14861.0,1,6,6,117.0,19.5,0.0,18.0,2011-10-18 12:54:00,2011-10-18 12:54:00,UNITED KINGDOM,0
14862.0,2,48,47,772.0,16.083333333333332,0.0,18.0,2011-07-14 11:20:00,2011-11-14 10:01:00,UNITED KINGDOM,122
14863.0,1,11,11,132.0,12.0,0.0,18.0,2011-11-10 15:04:00,2011-11-10 15:04:00,UNITED KINGDOM,0
14865.0,2,4,4,108.0,27.0,0.0,18.0,2010-12-02 18:23:00,2011-12-02 16:25:00,UNITED KINGDOM,364
14866.0,12,99,30,6752.0,68.20202020202021,0.0,18.0,2010-12-08 14:58:00,2011-11-29 11:45:00,UNITED KINGDOM,355
14867.0,3,36,31,328.0,9.11111111111111,0.0,18.0,2011-01-07 16:34:00,2011-06-07 11:39:00,UNITED KINGDOM,150
14868.0,8,144,97,1405.0,9.756944444444445,0.0,18.0,2011-04-20 13:36:00,2011-12-06 14:49:00,UNITED KINGDOM,230
14869.0,2,70,66,549.0,7.8428571428571425,0.0,18.0,2011-08-28 16:09:00,2011-12-01 12:36:00,UNITED KINGDOM,94
14870.0,1,13,13,119.0,9.153846153846153,0.0,18.0,2011-03-23 10:51:00,2011-03-23 10:51:00,UNITED KINGDOM,0
14871.0,4,93,69,179.0,1.924731182795699,0.0,18.0,2010-12-14 12:18:00,2011-12-06 13:42:00,UNITED KINGDOM,357
14873.0,1,28,28,168.0,6.0,0.0,18.0,2011-05-13 13:52:00,2011-05-13 13:52:00,UNITED KINGDOM,0
14875.0,2,47,46,558.0,11.872340425531915,0.0,18.0,2011-03-22 11:53:00,2011-08-24 12:20:00,UNITED KINGDOM,155
14878.0,9,122,62,799.0,6.549180327868853,0.0,18.0,2010-12-16 12:11:00,2011-11-27 11:15:00,UNITED KINGDOM,345
14880.0,3,46,45,365.0,7.934782608695652,15.0,15.0,2011-02-24 12:27:00,2011-09-23 13:42:00,UNITED KINGDOM,211
14881.0,1,17,17,316.0,18.58823529411765,0.0,18.0,2011-11-20 11:06:00,2011-11-20 11:06:00,UNITED KINGDOM,0
14882.0,2,11,6,158.0,14.363636363636363,0.0,18.0,2011-11-06 10:15:00,2011-11-13 12:47:00,UNITED KINGDOM,7
14883.0,6,53,40,790.0,14.90566037735849,0.0,18.0,2011-05-12 09:49:00,2011-11-21 10:23:00,UNITED KINGDOM,193
14885.0,1,15,15,724.0,48.266666666666666,0.0,18.0,2011-07-31 12:05:00,2011-07-31 12:05:00,UNITED KINGDOM,0
14886.0,1,18,18,160.0,8.88888888888889,0.0,18.0,2011-04-01 08:56:00,2011-04-01 08:56:00,UNITED KINGDOM,0
14887.0,1,6,6,1100.0,183.33333333333334,0.0,18.0,2011-09-21 15:32:00,2011-09-21 15:32:00,UNITED KINGDOM,0
14888.0,1,20,20,184.0,9.2,0.0,18.0,2011-05-16 14:58:00,2011-05-16 14:58:00,UNITED KINGDOM,0
14889.0,1,10,10,90.0,9.0,0.0,18.0,2011-01-07 15:19:00,2011-01-07 15:19:00,UNITED KINGDOM,0
14890.0,1,7,7,51.0,7.285714285714286,0.0,18.0,2011-03-31 11:57:00,2011-03-31 11:57:00,UNITED KINGDOM,0
14891.0,2,33,30,505.0,15.303030303030303,0.0,18.0,2011-06-05 10:58:00,2011-07-14 18:08:00,UNITED KINGDOM,39
14893.0,2,73,72,799.0,10.945205479452055,0.0,18.0,2011-11-28 10:49:00,2011-11-30 12:31:00,UNITED KINGDOM,2
14894.0,1,23,23,265.0,11.521739130434783,0.0,18.0,2011-09-15 13:51:00,2011-09-15 13:51:00,UNITED KINGDOM,0
14895.0,20,498,281,4851.0,9.740963855421686,75.0,25.0,2011-02-22 13:08:00,2011-12-02 09:23:00,UNITED KINGDOM,282
14896.0,2,43,43,279.0,6.488372093023256,0.0,18.0,2010-12-09 12:24:00,2011-05-19 10:20:00,UNITED KINGDOM,160
14897.0,4,55,43,468.0,8.50909090909091,0.0,18.0,2011-02-16 08:37:00,2011-12-02 10:32:00,UNITED KINGDOM,289
14898.0,6,109,87,1001.0,9.18348623853211,0.0,18.0,2010-12-03 15:25:00,2011-11-16 14:54:00,UNITED KINGDOM,347
14901.0,9,96,73,661.0,6.885416666666667,0.0,18.0,2010-12-02 11:20:00,2011-11-28 17:09:00,UNITED KINGDOM,361
14902.0,1,20,20,218.0,10.9,0.0,18.0,2011-11-14 10:34:00,2011-11-14 10:34:00,UNITED KINGDOM,0
14903.0,5,350,229,1531.0,4.3742857142857146,25.0,25.0,2011-03-06 11:50:00,2011-11-18 16:07:00,UNITED KINGDOM,257
14904.0,2,69,66,1985.0,28.768115942028984,2.0,1.0,2011-11-14 09:13:00,2011-12-07 12:55:00,UNITED KINGDOM,23
14905.0,2,17,14,287.0,16.88235294117647,0.0,18.0,2011-04-20 10:48:00,2011-07-05 12:41:00,UNITED KINGDOM,76
14907.0,7,165,126,1691.0,10.248484848484848,0.0,18.0,2010-12-07 10:14:00,2011-12-06 14:14:00,UNITED KINGDOM,364
14908.0,1,9,9,132.0,14.666666666666666,0.0,18.0,2011-09-26 12:56:00,2011-09-26 12:56:00,UNITED KINGDOM,0
14910.0,4,30,25,238.0,7.933333333333334,0.0,18.0,2011-10-16 11:06:00,2011-12-07 10:06:00,UNITED KINGDOM,51
14912.0,2,27,22,971.0,35.96296296296296,0.0,18.0,2011-04-07 11:06:00,2011-11-23 09:20:00,ITALY,229
14913.0,4,87,75,1743.0,20.03448275862069,0.0,18.0,2010-12-15 14:35:00,2011-11-04 08:29:00,UNITED KINGDOM,323
14915.0,2,12,12,112.0,9.333333333333334,0.0,18.0,2011-03-07 09:39:00,2011-09-09 13:34:00,UNITED KINGDOM,186
14916.0,4,76,71,1116.0,14.68421052631579,0.0,18.0,2011-01-19 15:30:00,2011-09-30 09:20:00,UNITED KINGDOM,253
14918.0,2,45,39,675.0,15.0,0.0,18.0,2011-07-08 12:50:00,2011-08-16 11:50:00,UNITED KINGDOM,38
14920.0,2,57,57,509.0,8.929824561403509,0.0,18.0,2011-05-11 10:31:00,2011-05-11 10:32:00,UNITED KINGDOM,0
14921.0,2,78,78,953.0,12.217948717948717,0.0,18.0,2011-05-22 12:51:00,2011-11-09 13:17:00,UNITED KINGDOM,171
14923.0,1,44,44,418.0,9.5,0.0,18.0,2011-10-20 11:51:00,2011-10-20 11:51:00,UNITED KINGDOM,0
14924.0,1,10,10,64.0,6.4,125.0,125.0,2011-04-08 09:25:00,2011-04-08 09:25:00,UNITED KINGDOM,0
14929.0,1,11,11,136.0,12.363636363636363,0.0,18.0,2011-11-07 17:21:00,2011-11-07 17:21:00,UNITED KINGDOM,0
14944.0,12,170,101,2815.0,16.558823529411764,0.0,18.0,2011-02-16 12:47:00,2011-11-10 09:10:00,UNITED KINGDOM,266
14946.0,1,3,2,22.0,7.333333333333333,0.0,18.0,2011-11-25 13:33:00,2011-11-25 13:33:00,UNITED KINGDOM,0
14947.0,2,14,14,179.0,12.785714285714286,15.0,15.0,2011-08-01 09:31:00,2011-09-28 15:48:00,UNITED KINGDOM,58
14948.0,6,63,56,673.0,10.682539682539682,0.0,18.0,2011-05-04 14:52:00,2011-11-16 17:16:00,UNITED KINGDOM,196
14950.0,1,19,19,136.0,7.157894736842105,0.0,18.0,2011-11-20 13:48:00,2011-11-20 13:48:00,UNITED KINGDOM,0
14951.0,1,20,20,311.0,15.55,0.0,18.0,2011-09-21 15:15:00,2011-09-21 15:15:00,UNITED KINGDOM,0
14952.0,11,138,117,3355.0,24.31159420289855,0.0,18.0,2010-12-10 12:48:00,2011-10-11 10:33:00,UNITED KINGDOM,304
14953.0,1,54,54,224.0,4.148148148148148,0.0,18.0,2011-11-14 14:59:00,2011-11-14 14:59:00,UNITED KINGDOM,0
14954.0,1,77,75,117.0,1.5194805194805194,0.0,18.0,2011-11-27 14:30:00,2011-11-27 14:30:00,UNITED KINGDOM,0
14957.0,1,12,12,34.0,2.8333333333333335,0.0,18.0,2011-03-31 17:59:00,2011-03-31 17:59:00,UNITED KINGDOM,0
14958.0,3,41,33,128.0,3.1219512195121952,0.0,18.0,2011-04-08 11:28:00,2011-07-15 14:20:00,UNITED KINGDOM,98
14959.0,4,59,37,494.0,8.372881355932204,0.0,18.0,2011-02-16 13:00:00,2011-10-06 18:23:00,UNITED KINGDOM,232
14960.0,2,27,23,221.0,8.185185185185185,0.0,18.0,2011-06-21 13:38:00,2011-12-01 12:54:00,UNITED KINGDOM,162
14961.0,9,312,195,3708.0,11.884615384615385,0.0,18.0,2010-12-14 11:38:00,2011-11-29 09:42:00,UNITED KINGDOM,349
14962.0,1,5,5,44.0,8.8,0.0,18.0,2011-03-14 09:42:00,2011-03-14 09:42:00,UNITED KINGDOM,0
14963.0,5,192,150,1159.0,6.036458333333333,0.0,18.0,2011-06-09 12:30:00,2011-11-30 12:16:00,UNITED KINGDOM,173
14964.0,1,13,13,143.0,11.0,0.0,18.0,2011-04-06 14:13:00,2011-04-06 14:13:00,UNITED KINGDOM,0
14965.0,2,81,80,363.0,4.481481481481482,0.0,18.0,2011-09-04 13:15:00,2011-09-04 13:20:00,UNITED KINGDOM,0
14966.0,1,36,35,179.0,4.972222222222222,0.0,18.0,2011-11-25 12:20:00,2011-11-25 12:20:00,UNITED KINGDOM,0
14967.0,1,6,6,140.0,23.333333333333332,0.0,18.0,2011-10-21 11:06:00,2011-10-21 11:06:00,UNITED KINGDOM,0
14968.0,1,37,37,127.0,3.4324324324324325,0.0,18.0,2011-11-09 13:58:00,2011-11-09 13:58:00,UNITED KINGDOM,0
14970.0,4,34,24,250.0,7.352941176470588,0.0,18.0,2011-01-27 12:23:00,2011-10-02 13:44:00,UNITED KINGDOM,248
14971.0,3,155,144,639.0,4.122580645161291,0.0,18.0,2011-10-27 13:33:00,2011-11-04 17:07:00,UNITED KINGDOM,8
14972.0,1,18,18,28.0,1.5555555555555556,0.0,18.0,2011-08-03 14:54:00,2011-08-03 14:54:00,UNITED KINGDOM,0
14973.0,3,32,29,369.0,11.53125,605.0,201.66666666666666,2011-04-28 12:22:00,2011-08-24 15:51:00,UNITED KINGDOM,118
14974.0,1,17,17,37.0,2.176470588235294,0.0,18.0,2011-11-02 13:01:00,2011-11-02 13:01:00,UNITED KINGDOM,0
14975.0,1,11,11,380.0,34.54545454545455,0.0,18.0,2011-10-13 14:08:00,2011-10-13 14:08:00,UNITED KINGDOM,0
14976.0,7,72,47,234.0,3.25,16.0,8.0,2011-01-17 11:09:00,2011-10-13 16:37:00,UNITED KINGDOM,269
14978.0,5,214,136,523.0,2.44392523364486,0.0,18.0,2011-01-13 12:03:00,2011-09-28 13:07:00,UNITED KINGDOM,258
14981.0,1,8,8,97.0,12.125,0.0,18.0,2011-04-07 13:45:00,2011-04-07 13:45:00,UNITED KINGDOM,0
14984.0,2,39,37,58.0,1.4871794871794872,0.0,18.0,2011-06-12 11:04:00,2011-11-20 14:28:00,UNITED KINGDOM,161
14985.0,2,83,78,256.0,3.0843373493975905,0.0,18.0,2010-12-16 19:51:00,2011-05-25 14:29:00,UNITED KINGDOM,159
14987.0,2,4,2,128.0,32.0,0.0,18.0,2010-12-09 12:13:00,2011-11-24 09:59:00,UNITED KINGDOM,349
14988.0,1,40,40,141.0,3.525,0.0,18.0,2011-05-12 12:05:00,2011-05-12 12:05:00,UNITED KINGDOM,0
14995.0,2,60,53,102.0,1.7,0.0,18.0,2011-03-04 13:14:00,2011-11-01 11:39:00,UNITED KINGDOM,241
14997.0,3,26,25,1120.0,43.07692307692308,0.0,18.0,2011-06-14 16:52:00,2011-10-24 13:28:00,UNITED KINGDOM,131
14998.0,2,74,70,258.0,3.4864864864864864,0.0,18.0,2011-04-12 16:28:00,2011-06-22 17:30:00,UNITED KINGDOM,71
15000.0,1,77,76,218.0,2.831168831168831,0.0,18.0,2011-10-23 11:42:00,2011-10-23 11:42:00,UNITED KINGDOM,0
15002.0,4,115,94,862.0,7.495652173913044,0.0,18.0,2010-12-07 13:16:00,2011-08-16 10:44:00,UNITED KINGDOM,251
15004.0,1,154,154,623.0,4.045454545454546,0.0,18.0,2011-07-15 14:05:00,2011-07-15 14:05:00,UNITED KINGDOM,0
15005.0,28,1112,366,4230.0,3.803956834532374,0.0,18.0,2010-12-08 14:36:00,2011-11-24 12:25:00,UNITED KINGDOM,350
15006.0,1,132,121,286.0,2.1666666666666665,0.0,18.0,2011-10-19 15:08:00,2011-10-19 15:08:00,UNITED KINGDOM,0
15007.0,1,12,12,69.0,5.75,0.0,18.0,2011-07-03 16:00:00,2011-07-03 16:00:00,UNITED KINGDOM,0
15009.0,3,180,148,639.0,3.55,0.0,18.0,2011-11-14 17:40:00,2011-11-27 13:35:00,UNITED KINGDOM,12
15010.0,1,20,20,184.0,9.2,0.0,18.0,2011-11-04 12:42:00,2011-11-04 12:42:00,UNITED KINGDOM,0
15012.0,2,122,111,225.0,1.8442622950819672,0.0,18.0,2010-12-01 12:49:00,2011-10-17 12:22:00,UNITED KINGDOM,319
15014.0,2,33,29,149.0,4.515151515151516,0.0,18.0,2011-06-16 19:40:00,2011-10-27 20:07:00,UNITED KINGDOM,133
15016.0,1,20,20,76.0,3.8,0.0,18.0,2011-06-20 12:06:00,2011-06-20 12:06:00,UNITED KINGDOM,0
15017.0,1,20,20,63.0,3.15,0.0,18.0,2011-11-06 10:33:00,2011-11-06 10:33:00,UNITED KINGDOM,0
15018.0,3,31,30,189.0,6.096774193548387,25.0,25.0,2010-12-07 10:47:00,2011-11-01 12:47:00,UNITED KINGDOM,329
15019.0,1,66,64,150.0,2.272727272727273,0.0,18.0,2011-03-18 12:35:00,2011-03-18 12:35:00,UNITED KINGDOM,0
15021.0,9,444,288,819.0,1.8445945945945945,0.0,18.0,2010-12-08 12:17:00,2011-12-01 11:53:00,UNITED KINGDOM,357
15022.0,4,121,96,527.0,4.355371900826446,0.0,18.0,2011-10-23 15:47:00,2011-11-28 12:35:00,UNITED KINGDOM,35
15023.0,11,553,348,2827.0,5.112115732368897,125.0,125.0,2010-12-05 13:49:00,2011-12-06 17:23:00,UNITED KINGDOM,366
15024.0,10,152,105,902.0,5.934210526315789,0.0,18.0,2010-12-07 13:20:00,2011-11-30 12:06:00,UNITED KINGDOM,357
15025.0,1,67,66,184.0,2.746268656716418,0.0,18.0,2011-11-06 15:20:00,2011-11-06 15:20:00,UNITED KINGDOM,0
15026.0,3,61,57,285.0,4.672131147540983,0.0,18.0,2011-03-07 13:45:00,2011-09-20 13:52:00,UNITED KINGDOM,197
15027.0,4,35,30,565.0,16.142857142857142,0.0,18.0,2011-04-15 14:14:00,2011-11-09 10:16:00,UNITED KINGDOM,207
15028.0,4,48,35,459.0,9.5625,0.0,18.0,2010-12-06 12:47:00,2011-12-01 14:06:00,UNITED KINGDOM,360
15030.0,2,7,7,372.0,53.142857142857146,0.0,18.0,2011-03-16 15:34:00,2011-09-29 10:50:00,UNITED KINGDOM,196
15031.0,4,110,74,400.0,3.6363636363636362,0.0,18.0,2011-03-02 14:46:00,2011-12-05 14:19:00,UNITED KINGDOM,277
15032.0,3,52,31,2968.0,57.07692307692308,0.0,18.0,2010-12-08 12:57:00,2011-03-28 15:03:00,UNITED KINGDOM,110
15033.0,10,500,314,1669.0,3.338,0.0,18.0,2011-01-14 13:28:00,2011-12-05 12:40:00,UNITED KINGDOM,324
15034.0,8,390,301,2413.0,6.187179487179487,0.0,18.0,2010-12-21 09:47:00,2011-11-24 12:11:00,UNITED KINGDOM,338
15035.0,1,27,26,245.0,9.074074074074074,0.0,18.0,2011-09-11 11:08:00,2011-09-11 11:08:00,UNITED KINGDOM,0
15036.0,3,119,107,316.0,2.6554621848739495,0.0,18.0,2011-06-13 12:19:00,2011-09-28 15:42:00,UNITED KINGDOM,107
15038.0,6,125,105,212.0,1.696,3.0,3.0,2010-12-05 10:54:00,2011-10-12 11:33:00,UNITED KINGDOM,311
15039.0,47,1477,417,9131.0,6.182125930941097,0.0,18.0,2010-12-06 11:26:00,2011-11-30 11:31:00,UNITED KINGDOM,359
15041.0,1,66,65,103.0,1.5606060606060606,0.0,18.0,2011-06-22 16:16:00,2011-06-22 16:16:00,UNITED KINGDOM,0
15042.0,1,5,5,30.0,6.0,0.0,18.0,2011-05-24 16:25:00,2011-05-24 16:25:00,UNITED KINGDOM,0
15043.0,1,3,3,300.0,100.0,0.0,18.0,2011-11-08 14:26:00,2011-11-08 14:26:00,UNITED KINGDOM,0
15044.0,17,444,235,2785.0,6.2725225225225225,0.0,18.0,2010-12-12 14:27:00,2011-11-20 13:20:00,UNITED KINGDOM,342
15045.0,2,12,11,114.0,9.5,0.0,18.0,2011-03-27 11:44:00,2011-07-11 11:33:00,UNITED KINGDOM,105
15046.0,15,201,147,3372.0,16.776119402985074,10.0,10.0,2011-01-05 15:30:00,2011-11-30 15:50:00,UNITED KINGDOM,329
15047.0,1,22,22,222.0,10.090909090909092,0.0,18.0,2011-03-15 10:49:00,2011-03-15 10:49:00,UNITED KINGDOM,0
15048.0,4,94,86,192.0,2.0425531914893615,0.0,18.0,2010-12-06 12:15:00,2011-10-05 14:55:00,UNITED KINGDOM,303
15049.0,1,3,3,63.0,21.0,0.0,18.0,2011-03-11 12:13:00,2011-03-11 12:13:00,UNITED KINGDOM,0
15050.0,3,76,68,1216.0,16.0,0.0,18.0,2011-09-29 13:22:00,2011-11-14 16:17:00,UNITED KINGDOM,46
15051.0,3,142,130,1010.0,7.112676056338028,0.0,18.0,2011-07-12 15:29:00,2011-11-16 15:38:00,UNITED KINGDOM,127
15052.0,1,28,27,79.0,2.8214285714285716,0.0,18.0,2011-01-24 15:52:00,2011-01-24 15:52:00,UNITED KINGDOM,0
15053.0,3,69,49,984.0,14.26086956521739,0.0,18.0,2011-03-03 12:06:00,2011-12-05 12:08:00,UNITED KINGDOM,277
15054.0,2,114,104,198.0,1.736842105263158,0.0,18.0,2011-10-30 14:33:00,2011-11-27 15:02:00,UNITED KINGDOM,28
15057.0,2,25,25,668.0,26.72,0.0,18.0,2011-01-28 09:09:00,2011-03-09 15:17:00,UNITED KINGDOM,40
15058.0,11,266,199,1054.0,3.962406015037594,0.0,18.0,2011-01-31 15:35:00,2011-11-14 14:57:00,UNITED KINGDOM,286
15059.0,9,237,161,604.0,2.548523206751055,0.0,18.0,2011-01-09 11:54:00,2011-10-30 11:35:00,UNITED KINGDOM,293
15060.0,4,115,81,257.0,2.234782608695652,0.0,18.0,2011-11-30 14:03:00,2011-12-01 13:47:00,UNITED KINGDOM,0
15061.0,48,403,72,28920.0,71.76178660049628,0.0,18.0,2010-12-02 15:19:00,2011-12-06 12:06:00,UNITED KINGDOM,368
15062.0,4,57,47,763.0,13.385964912280702,0.0,18.0,2010-12-15 15:37:00,2011-09-29 16:51:00,UNITED KINGDOM,288
15063.0,1,5,5,56.0,11.2,0.0,18.0,2011-05-10 13:25:00,2011-05-10 13:25:00,UNITED KINGDOM,0
15065.0,4,155,148,1383.0,8.92258064516129,125.0,125.0,2011-02-21 12:54:00,2011-11-02 09:45:00,UNITED KINGDOM,253
15066.0,1,42,42,317.0,7.5476190476190474,0.0,18.0,2011-10-17 13:25:00,2011-10-17 13:25:00,UNITED KINGDOM,0
15067.0,3,82,82,954.0,11.634146341463415,0.0,18.0,2011-03-02 12:10:00,2011-09-22 13:20:00,UNITED KINGDOM,204
15068.0,2,104,96,364.0,3.5,0.0,18.0,2011-03-28 14:27:00,2011-10-24 14:47:00,UNITED KINGDOM,210
15069.0,1,70,70,520.0,7.428571428571429,0.0,18.0,2011-06-13 14:16:00,2011-06-13 14:16:00,UNITED KINGDOM,0
15070.0,1,1,1,36.0,36.0,0.0,18.0,2010-12-02 11:23:00,2010-12-02 11:23:00,UNITED KINGDOM,0
15071.0,2,26,25,269.0,10.346153846153847,0.0,18.0,2011-03-09 10:19:00,2011-09-07 11:43:00,UNITED KINGDOM,182
15073.0,3,54,31,491.0,9.092592592592593,0.0,18.0,2011-06-06 09:59:00,2011-11-30 10:44:00,UNITED KINGDOM,177
15074.0,1,41,41,431.0,10.512195121951219,0.0,18.0,2011-08-26 14:45:00,2011-08-26 14:45:00,UNITED KINGDOM,0
15075.0,1,27,27,447.0,16.555555555555557,0.0,18.0,2011-09-23 12:27:00,2011-09-23 12:27:00,UNITED KINGDOM,0
15076.0,1,49,49,571.0,11.653061224489797,0.0,18.0,2011-06-20 08:23:00,2011-06-20 08:23:00,UNITED KINGDOM,0
15078.0,32,440,107,5105.0,11.602272727272727,0.0,18.0,2010-12-06 12:38:00,2011-12-02 15:41:00,UNITED KINGDOM,361
15079.0,4,47,46,389.0,8.27659574468085,0.0,18.0,2010-12-09 09:25:00,2011-05-11 12:45:00,UNITED KINGDOM,153
15081.0,5,33,26,190.0,5.757575757575758,0.0,18.0,2010-12-07 16:20:00,2011-11-17 17:08:00,UNITED KINGDOM,345
15083.0,1,5,5,38.0,7.6,0.0,18.0,2011-03-28 12:18:00,2011-03-28 12:18:00,UNITED KINGDOM,0
15087.0,1,15,15,470.0,31.333333333333332,0.0,18.0,2011-03-03 10:34:00,2011-03-03 10:34:00,UNITED KINGDOM,0
15088.0,2,57,53,460.0,8.070175438596491,85.0,85.0,2011-10-03 14:05:00,2011-11-18 13:14:00,UNITED KINGDOM,45
15089.0,6,145,139,1359.0,9.372413793103448,0.0,18.0,2011-08-03 14:14:00,2011-11-29 16:31:00,UNITED KINGDOM,118
15090.0,1,23,23,208.0,9.043478260869565,0.0,18.0,2011-02-04 14:03:00,2011-02-04 14:03:00,UNITED KINGDOM,0
15091.0,1,30,30,346.0,11.533333333333333,0.0,18.0,2011-10-03 12:47:00,2011-10-03 12:47:00,UNITED KINGDOM,0
15092.0,2,26,23,135.0,5.1923076923076925,0.0,18.0,2011-03-01 12:24:00,2011-05-08 14:10:00,UNITED KINGDOM,68
15093.0,6,108,52,3760.0,34.81481481481482,0.0,18.0,2010-12-02 18:25:00,2011-11-21 13:09:00,UNITED KINGDOM,353
15095.0,4,47,30,1079.0,22.95744680851064,0.0,18.0,2011-05-20 14:27:00,2011-08-28 12:01:00,UNITED KINGDOM,99
15096.0,1,11,11,120.0,10.909090909090908,0.0,18.0,2011-10-28 10:27:00,2011-10-28 10:27:00,UNITED KINGDOM,0
15097.0,1,25,25,170.0,6.8,0.0,18.0,2011-12-05 14:03:00,2011-12-05 14:03:00,UNITED KINGDOM,0
15098.0,3,3,2,121.0,40.333333333333336,0.0,18.0,2011-06-10 15:22:00,2011-06-10 15:33:00,UNITED KINGDOM,0
15099.0,1,23,23,343.0,14.91304347826087,0.0,18.0,2011-09-16 13:13:00,2011-09-16 13:13:00,UNITED KINGDOM,0
15100.0,3,3,1,80.0,26.666666666666668,0.0,18.0,2010-12-01 09:09:00,2011-01-10 10:35:00,UNITED KINGDOM,40
15101.0,2,8,8,241.0,30.125,0.0,18.0,2010-12-15 12:54:00,2011-12-01 10:18:00,UNITED KINGDOM,350
15103.0,2,35,35,329.0,9.4,110.0,55.0,2011-09-14 13:54:00,2011-11-08 14:53:00,UNITED KINGDOM,55
15104.0,2,67,66,635.0,9.477611940298507,0.0,18.0,2011-03-02 14:16:00,2011-05-27 12:29:00,UNITED KINGDOM,85
15105.0,7,101,90,1211.0,11.990099009900991,0.0,18.0,2011-07-28 10:09:00,2011-11-21 16:54:00,UNITED KINGDOM,116
15106.0,5,100,90,1181.0,11.81,0.0,18.0,2011-03-15 12:52:00,2011-11-22 09:16:00,UNITED KINGDOM,251
15107.0,6,17,12,170.0,10.0,0.0,0.0,2010-12-02 13:45:00,2011-02-01 14:46:00,UNITED KINGDOM,61
15109.0,1,28,28,131.0,4.678571428571429,0.0,18.0,2011-04-08 09:58:00,2011-04-08 09:58:00,UNITED KINGDOM,0
15110.0,4,35,18,246.0,7.0285714285714285,0.0,18.0,2011-01-25 11:41:00,2011-11-16 11:16:00,UNITED KINGDOM,294
15111.0,3,84,70,710.0,8.452380952380953,0.0,18.0,2010-12-02 11:45:00,2011-11-10 16:58:00,UNITED KINGDOM,343
15113.0,3,97,77,2344.0,24.164948453608247,0.0,18.0,2011-10-16 15:27:00,2011-11-30 08:23:00,UNITED KINGDOM,44
15114.0,10,197,136,3096.0,15.715736040609137,0.0,18.0,2011-02-11 08:45:00,2011-11-09 15:05:00,UNITED KINGDOM,271
15115.0,1,21,21,157.0,7.476190476190476,0.0,18.0,2011-11-21 14:59:00,2011-11-21 14:59:00,UNITED KINGDOM,0
15116.0,4,45,37,648.0,14.4,0.0,18.0,2011-05-19 08:50:00,2011-11-22 12:25:00,UNITED KINGDOM,187
15117.0,5,79,66,1948.0,24.658227848101266,0.0,18.0,2011-05-08 12:38:00,2011-11-25 08:12:00,UNITED KINGDOM,200
15118.0,1,1,1,1440.0,1440.0,0.0,18.0,2011-07-28 14:54:00,2011-07-28 14:54:00,UNITED KINGDOM,0
15119.0,1,14,14,88.0,6.285714285714286,0.0,18.0,2011-04-08 09:08:00,2011-04-08 09:08:00,UNITED KINGDOM,0
15120.0,1,21,21,296.0,14.095238095238095,0.0,18.0,2011-07-29 09:48:00,2011-07-29 09:48:00,UNITED KINGDOM,0
15121.0,2,28,28,199.0,7.107142857142857,25.0,25.0,2011-02-24 12:41:00,2011-10-20 14:51:00,UNITED KINGDOM,238
15122.0,3,82,65,800.0,9.75609756097561,0.0,18.0,2011-02-15 09:59:00,2011-08-17 16:48:00,UNITED KINGDOM,183
15123.0,2,106,93,1195.0,11.273584905660377,0.0,18.0,2011-05-17 14:57:00,2011-12-02 13:12:00,UNITED KINGDOM,198
15124.0,2,15,14,233.0,15.533333333333333,0.0,18.0,2011-06-01 09:06:00,2011-11-17 10:09:00,UNITED KINGDOM,169
15125.0,15,127,103,6193.0,48.76377952755905,0.0,18.0,2011-03-14 09:59:00,2011-11-14 13:57:00,UNITED KINGDOM,245
15127.0,1,16,16,251.0,15.6875,0.0,18.0,2011-10-05 10:30:00,2011-10-05 10:30:00,UNITED KINGDOM,0
15128.0,4,102,74,1343.0,13.166666666666666,0.0,18.0,2011-05-04 12:32:00,2011-10-10 13:54:00,UNITED KINGDOM,159
15129.0,11,84,54,1794.0,21.357142857142858,0.0,18.0,2011-02-21 09:09:00,2011-10-20 14:40:00,UNITED KINGDOM,241
15130.0,1,22,22,197.0,8.954545454545455,0.0,18.0,2011-06-23 10:15:00,2011-06-23 10:15:00,UNITED KINGDOM,0
15132.0,5,52,49,679.0,13.057692307692308,0.0,18.0,2011-03-22 12:02:00,2011-11-21 17:10:00,UNITED KINGDOM,244
15133.0,3,29,27,680.0,23.448275862068964,0.0,18.0,2011-02-11 10:38:00,2011-08-04 10:44:00,UNITED KINGDOM,174
15134.0,8,73,46,887.0,12.150684931506849,0.0,18.0,2011-04-13 11:05:00,2011-11-25 08:55:00,UNITED KINGDOM,225
15135.0,1,9,9,43.0,4.777777777777778,0.0,18.0,2011-04-14 19:16:00,2011-04-14 19:16:00,UNITED KINGDOM,0
15136.0,4,68,61,776.0,11.411764705882353,0.0,18.0,2011-09-04 16:05:00,2011-12-07 12:26:00,UNITED KINGDOM,93
15139.0,2,13,13,208.0,16.0,0.0,18.0,2011-01-07 12:44:00,2011-04-14 11:39:00,UNITED KINGDOM,96
15140.0,7,80,74,1572.0,19.65,0.0,18.0,2011-03-20 14:37:00,2011-10-18 14:07:00,UNITED KINGDOM,211
15142.0,1,26,26,365.0,14.038461538461538,0.0,18.0,2011-10-24 12:51:00,2011-10-24 12:51:00,UNITED KINGDOM,0
15143.0,1,14,14,150.0,10.714285714285714,0.0,18.0,2011-04-28 12:03:00,2011-04-28 12:03:00,UNITED KINGDOM,0
15144.0,17,217,133,3050.0,14.055299539170507,0.0,18.0,2011-01-31 13:17:00,2011-12-01 15:12:00,UNITED KINGDOM,304
15145.0,4,67,54,756.0,11.283582089552239,0.0,18.0,2011-04-05 15:20:00,2011-12-05 17:21:00,UNITED KINGDOM,244
15146.0,2,91,90,1473.0,16.186813186813186,0.0,18.0,2011-02-21 13:07:00,2011-06-28 12:09:00,UNITED KINGDOM,126
15147.0,1,28,28,366.0,13.071428571428571,0.0,18.0,2011-04-13 15:57:00,2011-04-13 15:57:00,UNITED KINGDOM,0
15148.0,1,20,20,187.0,9.35,0.0,18.0,2011-11-29 08:21:00,2011-11-29 08:21:00,UNITED KINGDOM,0
15149.0,1,23,23,128.0,5.565217391304348,0.0,18.0,2011-07-29 10:58:00,2011-07-29 10:58:00,UNITED KINGDOM,0
15150.0,10,341,283,3642.0,10.680351906158357,0.0,18.0,2011-03-15 14:21:00,2011-11-22 12:52:00,UNITED KINGDOM,251
15152.0,13,271,196,2704.0,9.977859778597786,0.0,18.0,2011-06-05 15:36:00,2011-11-30 12:32:00,UNITED KINGDOM,177
15153.0,1,22,22,198.0,9.0,0.0,18.0,2011-11-08 17:09:00,2011-11-08 17:09:00,UNITED KINGDOM,0
15154.0,1,71,66,89.0,1.2535211267605635,0.0,18.0,2011-09-25 16:05:00,2011-09-25 16:05:00,UNITED KINGDOM,0
15156.0,3,55,51,597.0,10.854545454545455,0.0,18.0,2011-11-06 12:41:00,2011-12-08 18:22:00,UNITED KINGDOM,32
15157.0,3,125,125,2392.0,19.136,85.0,85.0,2010-12-16 13:44:00,2011-12-06 11:28:00,UNITED KINGDOM,354
15158.0,1,7,7,198.0,28.285714285714285,0.0,18.0,2011-10-25 13:53:00,2011-10-25 13:53:00,UNITED KINGDOM,0
15159.0,30,710,368,11441.0,16.114084507042254,250.0,125.0,2010-12-13 15:44:00,2011-12-08 12:05:00,UNITED KINGDOM,359
15160.0,1,4,4,84.0,21.0,0.0,18.0,2010-12-17 14:15:00,2010-12-17 14:15:00,UNITED KINGDOM,0
15163.0,2,29,29,186.0,6.413793103448276,0.0,18.0,2011-05-31 15:22:00,2011-11-21 13:10:00,UNITED KINGDOM,173
15164.0,3,101,79,351.0,3.4752475247524752,0.0,18.0,2011-01-04 14:21:00,2011-10-02 12:05:00,UNITED KINGDOM,270
15165.0,1,27,27,160.0,5.925925925925926,0.0,18.0,2010-12-01 14:03:00,2010-12-01 14:03:00,UNITED KINGDOM,0
15167.0,1,39,39,65.0,1.6666666666666667,0.0,18.0,2011-01-23 12:41:00,2011-01-23 12:41:00,UNITED KINGDOM,0
15168.0,1,5,5,52.0,10.4,0.0,18.0,2011-11-14 11:26:00,2011-11-14 11:26:00,UNITED KINGDOM,0
15171.0,1,5,5,290.0,58.0,0.0,18.0,2011-01-12 15:36:00,2011-01-12 15:36:00,UNITED KINGDOM,0
15172.0,5,110,106,1611.0,14.645454545454545,15.0,15.0,2011-04-17 11:56:00,2011-12-01 11:51:00,UNITED KINGDOM,227
15174.0,1,11,11,145.0,13.181818181818182,0.0,18.0,2011-01-21 09:06:00,2011-01-21 09:06:00,UNITED KINGDOM,0
15175.0,1,23,23,454.0,19.73913043478261,0.0,18.0,2011-09-29 11:31:00,2011-09-29 11:31:00,UNITED KINGDOM,0
15178.0,1,3,3,30.0,10.0,0.0,18.0,2011-03-24 15:12:00,2011-03-24 15:12:00,UNITED KINGDOM,0
15179.0,5,93,91,1938.0,20.838709677419356,0.0,18.0,2011-01-24 13:48:00,2011-11-21 12:53:00,UNITED KINGDOM,300
15180.0,1,6,6,36.0,6.0,0.0,18.0,2010-12-07 14:57:00,2010-12-07 14:57:00,UNITED KINGDOM,0
15181.0,3,16,11,544.0,34.0,0.0,18.0,2011-03-15 12:03:00,2011-10-04 13:58:00,UNITED KINGDOM,203
15182.0,2,29,24,253.0,8.724137931034482,0.0,18.0,2011-03-16 12:42:00,2011-07-08 13:37:00,UNITED KINGDOM,114
15184.0,2,62,58,199.0,3.2096774193548385,0.0,18.0,2011-06-02 12:06:00,2011-11-10 13:41:00,UNITED KINGDOM,161
15185.0,1,21,21,666.0,31.714285714285715,0.0,18.0,2011-09-30 14:06:00,2011-09-30 14:06:00,UNITED KINGDOM,0
15186.0,2,19,17,215.0,11.31578947368421,0.0,18.0,2011-06-24 14:54:00,2011-11-25 14:58:00,UNITED KINGDOM,154
15187.0,16,91,64,1887.0,20.736263736263737,15.0,15.0,2011-05-11 13:49:00,2011-12-08 11:56:00,UNITED KINGDOM,210
15189.0,41,212,82,6149.0,29.004716981132077,85.0,85.0,2011-01-11 12:29:00,2011-12-08 13:22:00,UNITED KINGDOM,331
15192.0,3,51,36,918.0,18.0,0.0,18.0,2010-12-09 14:56:00,2011-08-12 11:41:00,UNITED KINGDOM,245
15193.0,1,19,19,144.0,7.578947368421052,0.0,18.0,2011-10-10 08:23:00,2011-10-10 08:23:00,UNITED KINGDOM,0
15194.0,15,310,209,5703.0,18.39677419354839,0.0,18.0,2010-12-06 15:00:00,2011-12-06 15:10:00,UNITED KINGDOM,365
15195.0,1,1,1,1404.0,1404.0,0.0,18.0,2011-12-07 12:20:00,2011-12-07 12:20:00,UNITED KINGDOM,0
15197.0,3,32,30,469.0,14.65625,0.0,18.0,2010-12-16 18:01:00,2011-11-29 10:00:00,UNITED KINGDOM,347
15198.0,2,10,10,120.0,12.0,0.0,18.0,2011-08-07 15:16:00,2011-09-08 14:42:00,UNITED KINGDOM,31
15199.0,4,13,5,396.0,30.46153846153846,0.0,18.0,2011-02-04 14:04:00,2011-10-11 15:12:00,UNITED KINGDOM,249
15201.0,5,69,35,1210.0,17.536231884057973,0.0,18.0,2011-04-06 14:02:00,2011-09-13 14:53:00,UNITED KINGDOM,160
15203.0,6,142,84,1753.0,12.345070422535212,0.0,18.0,2011-02-01 12:29:00,2011-11-14 08:16:00,UNITED KINGDOM,285
15204.0,1,9,9,258.0,28.666666666666668,0.0,18.0,2010-12-17 13:49:00,2010-12-17 13:49:00,UNITED KINGDOM,0
15205.0,2,37,37,378.0,10.216216216216216,0.0,18.0,2011-08-04 16:07:00,2011-09-15 19:36:00,UNITED KINGDOM,42
15206.0,4,9,3,162.0,18.0,0.0,18.0,2011-03-09 08:59:00,2011-11-29 13:41:00,UNITED KINGDOM,265
15208.0,5,42,25,316.0,7.523809523809524,0.0,18.0,2010-12-21 13:03:00,2011-12-08 17:24:00,UNITED KINGDOM,352
15210.0,1,20,20,228.0,11.4,0.0,18.0,2011-04-28 16:11:00,2011-04-28 16:11:00,UNITED KINGDOM,0
15211.0,2,52,52,240.0,4.615384615384615,0.0,18.0,2010-12-09 16:08:00,2011-10-10 13:31:00,UNITED KINGDOM,304
15212.0,1,5,5,36.0,7.2,0.0,18.0,2011-04-12 13:45:00,2011-04-12 13:45:00,UNITED KINGDOM,0
15213.0,2,24,22,272.0,11.333333333333334,0.0,18.0,2011-01-14 11:05:00,2011-01-25 12:21:00,UNITED KINGDOM,11
15214.0,8,110,109,1254.0,11.4,0.0,18.0,2011-04-11 09:46:00,2011-12-08 12:07:00,UNITED KINGDOM,241
15215.0,3,35,33,225.0,6.428571428571429,25.0,25.0,2011-09-04 12:24:00,2011-10-24 11:41:00,UNITED KINGDOM,49
15216.0,1,2,2,28.0,14.0,0.0,18.0,2011-09-13 11:41:00,2011-09-13 11:41:00,UNITED KINGDOM,0
15218.0,11,166,78,3329.0,20.05421686746988,0.0,18.0,2011-01-25 11:20:00,2011-11-29 11:48:00,UNITED KINGDOM,308
15219.0,1,9,9,45.0,5.0,0.0,18.0,2011-06-16 16:57:00,2011-06-16 16:57:00,UNITED KINGDOM,0
15220.0,6,117,110,1393.0,11.905982905982906,0.0,18.0,2011-03-04 10:24:00,2011-10-19 12:39:00,UNITED KINGDOM,229
15221.0,1,5,5,43.0,8.6,0.0,18.0,2010-12-08 13:08:00,2010-12-08 13:08:00,UNITED KINGDOM,0
15222.0,1,5,5,440.0,88.0,0.0,18.0,2011-01-25 08:03:00,2011-01-25 08:03:00,UNITED KINGDOM,0
15223.0,2,20,14,213.0,10.65,0.0,18.0,2011-04-04 12:17:00,2011-04-28 11:31:00,UNITED KINGDOM,23
15224.0,2,14,13,152.0,10.857142857142858,0.0,18.0,2010-12-12 12:34:00,2010-12-16 15:02:00,UNITED KINGDOM,4
15225.0,1,23,23,226.0,9.826086956521738,0.0,18.0,2011-04-19 14:51:00,2011-04-19 14:51:00,UNITED KINGDOM,0
15226.0,1,8,8,71.0,8.875,0.0,18.0,2011-02-02 11:41:00,2011-02-02 11:41:00,UNITED KINGDOM,0
15227.0,5,58,43,750.0,12.931034482758621,0.0,18.0,2011-01-26 15:31:00,2011-11-03 11:59:00,UNITED KINGDOM,280
15228.0,4,125,110,2255.0,18.04,0.0,18.0,2011-02-18 09:04:00,2011-10-04 13:56:00,UNITED KINGDOM,228
15230.0,2,23,23,351.0,15.26086956521739,0.0,18.0,2011-04-13 11:04:00,2011-04-14 14:39:00,UNITED KINGDOM,1
15232.0,2,31,26,686.0,22.129032258064516,0.0,18.0,2011-07-22 12:21:00,2011-08-18 16:27:00,UNITED KINGDOM,27
15234.0,1,14,14,196.0,14.0,0.0,18.0,2011-03-08 08:53:00,2011-03-08 08:53:00,UNITED KINGDOM,0
15235.0,12,142,130,1316.0,9.267605633802816,0.0,18.0,2010-12-01 17:22:00,2011-05-06 09:44:00,UNITED KINGDOM,155
15236.0,1,15,15,269.0,17.933333333333334,0.0,18.0,2011-02-14 10:52:00,2011-02-14 10:52:00,UNITED KINGDOM,0
15237.0,4,99,94,1071.0,10.818181818181818,0.0,18.0,2011-04-26 15:04:00,2011-12-08 09:46:00,UNITED KINGDOM,225
15238.0,3,50,49,692.0,13.84,125.0,125.0,2011-06-08 16:00:00,2011-11-10 14:28:00,UNITED KINGDOM,154
15239.0,2,49,48,594.0,12.122448979591837,0.0,18.0,2011-09-22 09:53:00,2011-11-29 14:14:00,UNITED KINGDOM,68
15240.0,5,78,58,1369.0,17.55128205128205,0.0,18.0,2011-02-01 08:23:00,2011-10-26 09:50:00,UNITED KINGDOM,267
15241.0,8,110,82,1818.0,16.527272727272727,15.0,15.0,2011-03-01 11:02:00,2011-10-04 09:05:00,UNITED KINGDOM,216
15243.0,1,22,22,185.0,8.409090909090908,0.0,18.0,2011-09-26 14:12:00,2011-09-26 14:12:00,UNITED KINGDOM,0
15244.0,2,34,31,405.0,11.911764705882353,0.0,18.0,2011-04-05 15:12:00,2011-10-05 13:19:00,UNITED KINGDOM,182
15245.0,3,89,55,1784.0,20.04494382022472,0.0,18.0,2011-03-23 13:42:00,2011-07-28 18:56:00,UNITED KINGDOM,127
15246.0,2,33,32,247.0,7.484848484848484,0.0,18.0,2010-12-16 09:46:00,2011-04-15 14:45:00,UNITED KINGDOM,120
15247.0,1,6,6,160.0,26.666666666666668,0.0,18.0,2011-08-09 12:52:00,2011-08-09 12:52:00,UNITED KINGDOM,0
15249.0,13,350,212,3577.0,10.22,0.0,18.0,2011-03-28 12:49:00,2011-11-08 11:45:00,UNITED KINGDOM,224
15251.0,11,111,97,6171.0,55.5945945945946,0.0,18.0,2011-04-12 10:38:00,2011-11-30 15:02:00,UNITED KINGDOM,232
15252.0,2,44,44,522.0,11.863636363636363,0.0,18.0,2011-06-09 14:15:00,2011-11-03 13:30:00,UNITED KINGDOM,146
15253.0,5,53,52,866.0,16.339622641509433,0.0,18.0,2011-06-23 12:19:00,2011-11-23 16:22:00,UNITED KINGDOM,153
15254.0,1,18,18,275.0,15.277777777777779,0.0,18.0,2011-08-04 15:04:00,2011-08-04 15:04:00,UNITED KINGDOM,0
15255.0,1,47,47,489.0,10.404255319148936,0.0,18.0,2011-10-04 12:43:00,2011-10-04 12:43:00,UNITED KINGDOM,0
15256.0,1,6,6,55.0,9.166666666666666,0.0,18.0,2011-07-14 11:47:00,2011-07-14 11:47:00,UNITED KINGDOM,0
15257.0,1,7,7,46.0,6.571428571428571,165.0,165.0,2011-03-01 12:58:00,2011-03-01 12:58:00,UNITED KINGDOM,0
15258.0,2,34,32,142.0,4.176470588235294,0.0,18.0,2011-05-06 14:16:00,2011-06-24 12:30:00,UNITED KINGDOM,48
15260.0,7,77,62,885.0,11.493506493506494,0.0,18.0,2010-12-02 12:09:00,2011-08-31 13:55:00,UNITED KINGDOM,272
15261.0,1,19,19,270.0,14.210526315789474,0.0,18.0,2011-07-27 15:20:00,2011-07-27 15:20:00,UNITED KINGDOM,0
15262.0,1,10,10,73.0,7.3,0.0,18.0,2011-01-20 12:16:00,2011-01-20 12:16:00,UNITED KINGDOM,0
15263.0,1,12,12,89.0,7.416666666666667,0.0,18.0,2011-08-25 10:26:00,2011-08-25 10:26:00,UNITED KINGDOM,0
15264.0,1,23,23,265.0,11.521739130434783,0.0,18.0,2011-10-06 13:49:00,2011-10-06 13:49:00,UNITED KINGDOM,0
15265.0,2,82,76,612.0,7.463414634146342,0.0,18.0,2011-04-18 12:16:00,2011-07-11 14:46:00,UNITED KINGDOM,84
15266.0,1,6,6,18.0,3.0,0.0,18.0,2011-01-05 13:40:00,2011-01-05 13:40:00,UNITED KINGDOM,0
15267.0,5,11,8,944.0,85.81818181818181,0.0,18.0,2011-06-10 10:24:00,2011-11-17 15:59:00,UNITED KINGDOM,160
15269.0,1,2,2,26.0,13.0,145.0,145.0,2011-11-16 09:32:00,2011-11-16 09:32:00,UNITED KINGDOM,0
15270.0,7,41,22,1521.0,37.09756097560975,145.0,145.0,2011-02-02 13:25:00,2011-11-24 09:24:00,UNITED KINGDOM,294
15271.0,15,264,185,1251.0,4.738636363636363,0.0,18.0,2010-12-09 13:47:00,2011-12-02 14:11:00,UNITED KINGDOM,358
15272.0,2,63,63,310.0,4.920634920634921,0.0,18.0,2011-09-14 16:36:00,2011-10-13 12:59:00,UNITED KINGDOM,28
15274.0,2,47,44,619.0,13.170212765957446,0.0,18.0,2011-11-21 14:17:00,2011-12-05 16:57:00,UNITED KINGDOM,14
15275.0,1,41,41,498.0,12.146341463414634,0.0,18.0,2011-11-02 11:20:00,2011-11-02 11:20:00,UNITED KINGDOM,0
15276.0,1,49,49,61.0,1.2448979591836735,0.0,18.0,2011-10-04 16:39:00,2011-10-04 16:39:00,UNITED KINGDOM,0
15277.0,1,12,12,205.0,17.083333333333332,0.0,18.0,2011-10-24 10:08:00,2011-10-24 10:08:00,UNITED KINGDOM,0
15279.0,1,19,19,189.0,9.947368421052632,0.0,18.0,2010-12-20 10:48:00,2010-12-20 10:48:00,UNITED KINGDOM,0
15280.0,1,16,16,154.0,9.625,0.0,18.0,2011-06-20 17:14:00,2011-06-20 17:14:00,UNITED KINGDOM,0
15281.0,9,139,121,1211.0,8.712230215827338,0.0,18.0,2011-01-10 15:51:00,2011-10-12 09:10:00,UNITED KINGDOM,274
15286.0,1,3,3,55.0,18.333333333333332,0.0,18.0,2011-10-21 11:08:00,2011-10-21 11:08:00,UNITED KINGDOM,0
15287.0,2,20,17,433.0,21.65,0.0,18.0,2011-09-30 12:30:00,2011-11-17 15:34:00,UNITED KINGDOM,48
15288.0,5,88,80,775.0,8.806818181818182,0.0,18.0,2010-12-09 13:59:00,2011-10-27 16:58:00,UNITED KINGDOM,322
15289.0,3,58,43,1008.0,17.379310344827587,0.0,18.0,2011-04-04 12:44:00,2011-11-10 13:49:00,UNITED KINGDOM,220
15290.0,18,204,94,4501.0,22.063725490196077,15.0,15.0,2010-12-15 16:03:00,2011-12-05 11:39:00,UNITED KINGDOM,354
15291.0,15,103,62,2103.0,20.41747572815534,45.0,45.0,2010-12-01 09:32:00,2011-11-14 11:02:00,UNITED KINGDOM,348
15292.0,1,24,23,55.0,2.2916666666666665,0.0,18.0,2011-05-22 15:00:00,2011-05-22 15:00:00,UNITED KINGDOM,0
15296.0,6,193,138,1762.0,9.129533678756477,0.0,18.0,2011-01-17 11:57:00,2011-10-20 11:47:00,UNITED KINGDOM,275
15297.0,3,39,30,292.0,7.487179487179487,0.0,18.0,2011-10-07 09:42:00,2011-11-29 16:32:00,UNITED KINGDOM,53
15298.0,12,192,118,3116.0,16.229166666666668,0.0,18.0,2010-12-08 13:55:00,2011-12-07 17:17:00,UNITED KINGDOM,364
15299.0,7,7,7,2948.0,421.14285714285717,600.0,600.0,2010-12-02 16:48:00,2011-10-03 14:19:00,UNITED KINGDOM,304
15300.0,1,28,28,292.0,10.428571428571429,0.0,18.0,2011-10-06 17:08:00,2011-10-06 17:08:00,UNITED KINGDOM,0
15301.0,12,242,167,2751.0,11.367768595041323,0.0,18.0,2010-12-06 12:21:00,2011-10-20 09:57:00,UNITED KINGDOM,317
15303.0,1,31,31,248.0,8.0,0.0,18.0,2011-02-22 13:59:00,2011-02-22 13:59:00,UNITED KINGDOM,0
15304.0,8,23,8,104.0,4.521739130434782,0.0,18.0,2010-12-06 11:42:00,2011-10-10 10:23:00,UNITED KINGDOM,307
15306.0,3,58,57,810.0,13.96551724137931,0.0,18.0,2011-07-14 15:22:00,2011-10-06 12:56:00,UNITED KINGDOM,83
15307.0,1,12,12,37.0,3.0833333333333335,0.0,18.0,2011-09-05 11:38:00,2011-09-05 11:38:00,UNITED KINGDOM,0
15308.0,1,19,19,175.0,9.210526315789474,0.0,18.0,2011-03-10 13:08:00,2011-03-10 13:08:00,UNITED KINGDOM,0
15311.0,91,2366,576,38147.0,16.12299239222316,0.0,18.0,2010-12-01 09:41:00,2011-12-09 12:00:00,UNITED KINGDOM,373
15312.0,4,47,42,516.0,10.97872340425532,0.0,18.0,2010-12-20 12:51:00,2011-09-25 13:10:00,UNITED KINGDOM,279
15313.0,1,1,1,25.0,25.0,0.0,18.0,2011-08-21 16:02:00,2011-08-21 16:02:00,UNITED KINGDOM,0
15314.0,1,24,24,313.0,13.041666666666666,0.0,18.0,2011-05-24 14:39:00,2011-05-24 14:39:00,UNITED KINGDOM,0
15315.0,2,37,35,862.0,23.2972972972973,0.0,18.0,2011-08-15 15:17:00,2011-10-06 12:51:00,UNITED KINGDOM,51
15316.0,1,1,1,100.0,100.0,0.0,18.0,2011-01-17 11:34:00,2011-01-17 11:34:00,UNITED KINGDOM,0
15318.0,1,33,33,642.0,19.454545454545453,0.0,18.0,2011-12-06 11:30:00,2011-12-06 11:30:00,UNITED KINGDOM,0
15319.0,1,16,16,175.0,10.9375,0.0,18.0,2011-03-01 12:48:00,2011-03-01 12:48:00,UNITED KINGDOM,0
15320.0,1,36,36,326.0,9.055555555555555,0.0,18.0,2011-10-26 13:27:00,2011-10-26 13:27:00,UNITED KINGDOM,0
15321.0,3,95,84,1181.0,12.43157894736842,0.0,18.0,2011-02-21 11:10:00,2011-09-30 09:40:00,UNITED KINGDOM,220
15322.0,1,42,42,416.0,9.904761904761905,0.0,18.0,2011-09-15 09:34:00,2011-09-15 09:34:00,UNITED KINGDOM,0
15325.0,1,48,47,231.0,4.8125,0.0,18.0,2011-08-28 11:55:00,2011-08-28 11:55:00,UNITED KINGDOM,0
15326.0,1,29,29,386.0,13.310344827586206,0.0,18.0,2011-01-10 11:38:00,2011-01-10 11:38:00,UNITED KINGDOM,0
15327.0,1,10,10,116.0,11.6,0.0,18.0,2011-10-18 11:55:00,2011-10-18 11:55:00,UNITED KINGDOM,0
15329.0,3,57,52,486.0,8.526315789473685,0.0,18.0,2011-06-21 10:37:00,2011-10-31 15:36:00,UNITED KINGDOM,132
15330.0,2,13,10,1312.0,100.92307692307692,0.0,18.0,2011-10-10 12:30:00,2011-11-07 17:50:00,UNITED KINGDOM,28
15332.0,4,35,29,652.0,18.62857142857143,0.0,18.0,2010-12-05 12:00:00,2010-12-08 14:43:00,LITHUANIA,3
15333.0,1,16,16,344.0,21.5,0.0,18.0,2011-05-15 13:27:00,2011-05-15 13:27:00,UNITED KINGDOM,0
15334.0,3,98,67,273.0,2.7857142857142856,0.0,18.0,2011-06-19 13:51:00,2011-07-06 11:22:00,UNITED KINGDOM,16
15335.0,1,35,34,79.0,2.257142857142857,0.0,18.0,2011-10-17 12:50:00,2011-10-17 12:50:00,UNITED KINGDOM,0
15339.0,2,86,77,416.0,4.837209302325581,0.0,18.0,2011-01-25 13:15:00,2011-10-04 12:51:00,UNITED KINGDOM,251
15341.0,1,17,17,812.0,47.76470588235294,0.0,18.0,2011-09-20 09:40:00,2011-09-20 09:40:00,UNITED KINGDOM,0
15342.0,1,24,24,283.0,11.791666666666666,0.0,18.0,2011-08-02 10:19:00,2011-08-02 10:19:00,UNITED KINGDOM,0
15343.0,1,21,21,84.0,4.0,0.0,18.0,2011-09-13 13:55:00,2011-09-13 13:55:00,UNITED KINGDOM,0
15344.0,3,26,21,116.0,4.461538461538462,0.0,18.0,2011-09-26 14:48:00,2011-12-09 10:45:00,UNITED KINGDOM,73
15345.0,1,20,20,81.0,4.05,0.0,18.0,2011-10-25 11:28:00,2011-10-25 11:28:00,UNITED KINGDOM,0
15346.0,1,17,17,144.0,8.470588235294118,0.0,18.0,2011-01-11 11:18:00,2011-01-11 11:18:00,UNITED KINGDOM,0
15347.0,1,5,5,130.0,26.0,0.0,18.0,2010-12-08 15:25:00,2010-12-08 15:25:00,UNITED KINGDOM,0
15348.0,1,9,9,84.0,9.333333333333334,0.0,18.0,2011-09-28 13:17:00,2011-09-28 13:17:00,UNITED KINGDOM,0
15349.0,2,71,66,321.0,4.52112676056338,0.0,18.0,2011-06-05 15:46:00,2011-07-04 16:06:00,UNITED KINGDOM,29
15350.0,1,5,5,51.0,10.2,0.0,18.0,2010-12-01 13:33:00,2010-12-01 13:33:00,UNITED KINGDOM,0
15351.0,7,219,160,742.0,3.3881278538812785,0.0,18.0,2010-12-05 11:49:00,2011-11-27 12:52:00,UNITED KINGDOM,357
15353.0,2,61,59,341.0,5.590163934426229,0.0,18.0,2010-12-07 11:49:00,2011-03-30 12:15:00,UNITED KINGDOM,113
15355.0,2,14,9,45.0,3.2142857142857144,0.0,18.0,2011-10-17 15:22:00,2011-11-10 13:44:00,UNITED KINGDOM,23
15356.0,10,499,217,1643.0,3.2925851703406814,0.0,18.0,2010-12-06 14:05:00,2011-11-08 13:11:00,UNITED KINGDOM,336
15358.0,22,551,302,7050.0,12.79491833030853,0.0,18.0,2010-12-09 10:04:00,2011-12-05 09:04:00,UNITED KINGDOM,360
15360.0,1,13,13,223.0,17.153846153846153,0.0,18.0,2011-10-31 09:35:00,2011-10-31 09:35:00,UNITED KINGDOM,0
15361.0,1,7,7,336.0,48.0,0.0,18.0,2010-12-13 09:52:00,2010-12-13 09:52:00,UNITED KINGDOM,0
15363.0,1,16,16,144.0,9.0,0.0,18.0,2010-12-02 12:28:00,2010-12-02 12:28:00,UNITED KINGDOM,0
15364.0,2,29,29,493.0,17.0,0.0,18.0,2011-03-30 13:39:00,2011-09-05 09:46:00,UNITED KINGDOM,158
15365.0,7,114,65,1084.0,9.508771929824562,0.0,18.0,2011-01-28 13:08:00,2011-11-14 08:29:00,UNITED KINGDOM,289
15366.0,2,44,37,621.0,14.113636363636363,0.0,18.0,2010-12-16 15:59:00,2011-09-25 15:01:00,UNITED KINGDOM,282
15367.0,4,95,91,1057.0,11.126315789473685,0.0,18.0,2011-03-09 13:53:00,2011-10-13 14:13:00,UNITED KINGDOM,218
15368.0,1,4,4,230.0,57.5,0.0,18.0,2011-11-18 14:42:00,2011-11-18 14:42:00,UNITED KINGDOM,0
15370.0,7,94,64,830.0,8.829787234042554,0.0,18.0,2011-01-11 11:32:00,2011-10-30 10:58:00,UNITED KINGDOM,291
15372.0,1,27,27,2924.0,108.29629629629629,0.0,18.0,2011-07-25 16:39:00,2011-07-25 16:39:00,UNITED KINGDOM,0
15373.0,12,132,75,500.0,3.787878787878788,21.0,21.0,2010-12-03 14:40:00,2011-12-01 15:05:00,UNITED KINGDOM,363
15374.0,1,3,3,126.0,42.0,0.0,18.0,2011-08-03 09:59:00,2011-08-03 09:59:00,UNITED KINGDOM,0
15376.0,3,116,100,615.0,5.301724137931035,0.0,18.0,2011-05-01 13:45:00,2011-10-30 15:04:00,UNITED KINGDOM,182
15379.0,7,194,146,2305.0,11.881443298969073,0.0,18.0,2010-12-16 13:02:00,2011-06-23 13:13:00,UNITED KINGDOM,189
15380.0,5,36,22,376.0,10.444444444444445,0.0,18.0,2010-12-09 15:01:00,2011-12-01 12:13:00,UNITED KINGDOM,356
15381.0,2,8,8,171.0,21.375,0.0,18.0,2011-03-16 13:44:00,2011-05-10 11:55:00,UNITED KINGDOM,54
15382.0,6,302,200,4012.0,13.28476821192053,0.0,18.0,2011-02-17 12:01:00,2011-11-25 10:58:00,UNITED KINGDOM,280
15384.0,2,41,34,596.0,14.536585365853659,0.0,18.0,2010-12-15 11:34:00,2011-06-23 10:57:00,UNITED KINGDOM,189
15385.0,1,12,12,161.0,13.416666666666666,0.0,18.0,2011-10-30 15:11:00,2011-10-30 15:11:00,UNITED KINGDOM,0
15386.0,1,31,31,446.0,14.387096774193548,0.0,18.0,2011-06-06 13:47:00,2011-06-06 13:47:00,UNITED KINGDOM,0
15389.0,1,1,1,400.0,400.0,0.0,18.0,2011-06-20 16:18:00,2011-06-20 16:18:00,UNITED KINGDOM,0
15392.0,4,84,74,1277.0,15.202380952380953,0.0,18.0,2010-12-14 15:50:00,2011-12-05 11:01:00,UNITED KINGDOM,355
15393.0,2,12,10,150.0,12.5,0.0,18.0,2011-03-03 16:58:00,2011-11-23 16:48:00,UNITED KINGDOM,264
15394.0,4,85,56,910.0,10.705882352941176,0.0,18.0,2010-12-16 12:46:00,2011-11-30 11:49:00,UNITED KINGDOM,348
15395.0,1,7,7,17.0,2.4285714285714284,0.0,18.0,2011-01-18 12:40:00,2011-01-18 12:40:00,UNITED KINGDOM,0
15396.0,1,14,14,122.0,8.714285714285714,0.0,18.0,2011-08-19 10:56:00,2011-08-19 10:56:00,UNITED KINGDOM,0
15397.0,1,6,6,20.0,3.3333333333333335,0.0,18.0,2011-02-23 09:25:00,2011-02-23 09:25:00,UNITED KINGDOM,0
15398.0,2,73,60,769.0,10.534246575342467,0.0,18.0,2011-09-22 14:56:00,2011-11-23 16:47:00,UNITED KINGDOM,62
15399.0,3,50,45,611.0,12.22,0.0,18.0,2011-09-21 15:57:00,2011-12-08 13:04:00,UNITED KINGDOM,77
15400.0,5,12,10,390.0,32.5,0.0,18.0,2011-03-06 11:27:00,2011-09-08 13:57:00,UNITED KINGDOM,186
15402.0,2,42,35,694.0,16.523809523809526,0.0,18.0,2011-05-27 13:32:00,2011-07-14 12:17:00,UNITED KINGDOM,47
15405.0,1,8,8,193.0,24.125,0.0,18.0,2011-06-03 14:44:00,2011-06-03 14:44:00,UNITED KINGDOM,0
15406.0,2,53,51,254.0,4.7924528301886795,0.0,18.0,2011-02-11 16:19:00,2011-11-08 13:22:00,UNITED KINGDOM,269
15407.0,4,148,142,552.0,3.72972972972973,195.0,195.0,2011-02-07 13:18:00,2011-11-06 11:55:00,UNITED KINGDOM,271
15408.0,1,34,34,106.0,3.1176470588235294,0.0,18.0,2011-03-20 15:02:00,2011-03-20 15:02:00,UNITED KINGDOM,0
15410.0,8,122,48,1200.0,9.836065573770492,0.0,18.0,2011-03-23 10:15:00,2011-09-16 14:47:00,UNITED KINGDOM,177
15411.0,4,98,86,529.0,5.3979591836734695,0.0,18.0,2011-06-10 12:30:00,2011-11-13 15:19:00,UNITED KINGDOM,156
15412.0,1,10,10,108.0,10.8,0.0,18.0,2011-06-21 15:24:00,2011-06-21 15:24:00,UNITED KINGDOM,0
15414.0,3,39,37,443.0,11.35897435897436,15.0,15.0,2011-04-11 13:45:00,2011-11-30 09:50:00,UNITED KINGDOM,232
15415.0,1,47,46,551.0,11.72340425531915,0.0,18.0,2011-01-30 14:13:00,2011-01-30 14:13:00,UNITED KINGDOM,0
15416.0,4,192,165,2090.0,10.885416666666666,0.0,18.0,2011-03-02 08:41:00,2011-10-06 09:38:00,UNITED KINGDOM,218
15417.0,1,28,28,284.0,10.142857142857142,0.0,18.0,2011-09-15 15:26:00,2011-09-15 15:26:00,UNITED KINGDOM,0
15419.0,1,8,8,230.0,28.75,0.0,18.0,2011-11-15 09:23:00,2011-11-15 09:23:00,UNITED KINGDOM,0
15421.0,4,53,42,500.0,9.433962264150944,0.0,18.0,2011-02-02 14:36:00,2011-10-12 09:20:00,UNITED KINGDOM,251
15422.0,2,6,6,38.0,6.333333333333333,0.0,18.0,2011-01-20 14:17:00,2011-01-20 16:17:00,UNITED KINGDOM,0
15423.0,1,2,2,101.0,50.5,0.0,18.0,2011-11-01 14:01:00,2011-11-01 14:01:00,UNITED KINGDOM,0
15424.0,2,17,17,554.0,32.588235294117645,0.0,18.0,2011-03-30 13:00:00,2011-03-30 13:02:00,UNITED KINGDOM,0
15426.0,5,275,219,656.0,2.3854545454545453,25.0,25.0,2010-12-05 13:55:00,2011-11-20 15:36:00,UNITED KINGDOM,350
15427.0,3,292,233,967.0,3.3116438356164384,0.0,18.0,2011-10-23 14:47:00,2011-11-06 14:29:00,UNITED KINGDOM,13
15428.0,1,6,6,102.0,17.0,0.0,18.0,2011-11-24 16:54:00,2011-11-24 16:54:00,UNITED KINGDOM,0
15429.0,2,82,77,380.0,4.634146341463414,0.0,18.0,2011-09-25 13:42:00,2011-11-13 12:28:00,UNITED KINGDOM,48
15432.0,1,10,10,65.0,6.5,0.0,18.0,2011-11-16 16:30:00,2011-11-16 16:30:00,UNITED KINGDOM,0
15433.0,2,41,40,534.0,13.024390243902438,0.0,18.0,2011-03-17 14:12:00,2011-05-10 10:45:00,UNITED KINGDOM,53
15434.0,5,55,40,647.0,11.763636363636364,0.0,18.0,2011-05-23 14:18:00,2011-12-01 13:33:00,UNITED KINGDOM,191
15435.0,1,29,29,54.0,1.8620689655172413,0.0,18.0,2011-11-17 16:39:00,2011-11-17 16:39:00,UNITED KINGDOM,0
15436.0,3,291,244,574.0,1.9725085910652922,0.0,18.0,2011-04-19 16:52:00,2011-11-27 16:05:00,UNITED KINGDOM,221
15437.0,1,45,44,79.0,1.7555555555555555,0.0,18.0,2011-03-22 13:11:00,2011-03-22 13:11:00,UNITED KINGDOM,0
15438.0,1,25,25,59.0,2.36,0.0,18.0,2011-07-31 14:19:00,2011-07-31 14:19:00,UNITED KINGDOM,0
15440.0,3,62,50,197.0,3.1774193548387095,0.0,18.0,2011-05-15 11:30:00,2011-10-16 12:16:00,UNITED KINGDOM,154
15442.0,1,2,2,120.0,60.0,0.0,18.0,2011-04-05 12:24:00,2011-04-05 12:24:00,UNITED KINGDOM,0
15443.0,7,372,238,1639.0,4.405913978494624,0.0,18.0,2011-01-23 13:25:00,2011-12-08 10:40:00,UNITED KINGDOM,318
15444.0,2,214,190,759.0,3.546728971962617,0.0,18.0,2011-10-30 16:12:00,2011-11-30 17:37:00,UNITED KINGDOM,31
15445.0,1,5,5,58.0,11.6,0.0,18.0,2011-03-20 15:06:00,2011-03-20 15:06:00,UNITED KINGDOM,0
15447.0,1,9,9,85.0,9.444444444444445,0.0,18.0,2011-01-13 11:26:00,2011-01-13 11:26:00,UNITED KINGDOM,0
15448.0,1,28,28,232.0,8.285714285714286,0.0,18.0,2011-01-31 10:42:00,2011-01-31 10:42:00,UNITED KINGDOM,0
15449.0,3,60,47,812.0,13.533333333333333,0.0,18.0,2011-03-23 10:43:00,2011-11-13 15:02:00,UNITED KINGDOM,235
15450.0,1,30,30,376.0,12.533333333333333,0.0,18.0,2011-11-09 17:11:00,2011-11-09 17:11:00,UNITED KINGDOM,0
15452.0,3,56,46,280.0,5.0,0.0,18.0,2011-03-20 15:21:00,2011-11-10 12:13:00,UNITED KINGDOM,234
15453.0,7,279,170,837.0,3.0,0.0,18.0,2011-06-05 12:37:00,2011-12-08 10:59:00,UNITED KINGDOM,185
15454.0,1,25,23,86.0,3.44,0.0,18.0,2010-12-12 14:21:00,2010-12-12 14:21:00,UNITED KINGDOM,0
15456.0,3,58,48,633.0,10.913793103448276,0.0,18.0,2010-12-15 15:34:00,2011-03-01 13:51:00,UNITED KINGDOM,75
15457.0,1,58,56,132.0,2.2758620689655173,0.0,18.0,2011-03-22 15:31:00,2011-03-22 15:31:00,UNITED KINGDOM,0
15458.0,1,7,7,156.0,22.285714285714285,0.0,18.0,2011-11-14 13:08:00,2011-11-14 13:08:00,UNITED KINGDOM,0
15460.0,1,56,53,107.0,1.9107142857142858,0.0,18.0,2010-12-20 16:08:00,2010-12-20 16:08:00,UNITED KINGDOM,0
15462.0,3,11,9,172.0,15.636363636363637,0.0,18.0,2011-06-05 15:36:00,2011-09-06 13:11:00,UNITED KINGDOM,92
15463.0,1,7,7,106.0,15.142857142857142,0.0,18.0,2011-11-10 12:57:00,2011-11-10 12:57:00,UNITED KINGDOM,0
15464.0,1,155,153,348.0,2.2451612903225806,0.0,18.0,2011-01-05 15:56:00,2011-01-05 15:56:00,UNITED KINGDOM,0
15465.0,18,97,43,1257.0,12.958762886597938,0.0,18.0,2010-12-05 10:12:00,2011-11-20 10:11:00,UNITED KINGDOM,349
15466.0,1,57,56,246.0,4.315789473684211,0.0,18.0,2011-09-15 14:08:00,2011-09-15 14:08:00,UNITED KINGDOM,0
15467.0,3,52,41,310.0,5.961538461538462,0.0,18.0,2011-07-10 14:42:00,2011-11-30 14:17:00,UNITED KINGDOM,142
15468.0,2,24,24,155.0,6.458333333333333,0.0,18.0,2011-10-19 13:38:00,2011-10-19 13:49:00,UNITED KINGDOM,0
15469.0,2,24,24,153.0,6.375,0.0,18.0,2011-08-11 16:54:00,2011-10-20 16:21:00,UNITED KINGDOM,69
15471.0,1,73,67,256.0,3.506849315068493,0.0,18.0,2011-12-07 14:12:00,2011-12-07 14:12:00,UNITED KINGDOM,0
15472.0,1,76,76,251.0,3.3026315789473686,0.0,18.0,2011-08-18 15:17:00,2011-08-18 15:17:00,UNITED KINGDOM,0
15473.0,7,11,4,672.0,61.09090909090909,0.0,18.0,2011-10-10 11:12:00,2011-11-25 15:15:00,UNITED KINGDOM,46
15475.0,1,29,29,319.0,11.0,0.0,18.0,2011-09-23 15:20:00,2011-09-23 15:20:00,UNITED KINGDOM,0
15478.0,2,44,34,575.0,13.068181818181818,0.0,18.0,2011-10-14 11:09:00,2011-10-30 14:19:00,UNITED KINGDOM,16
15480.0,1,45,45,303.0,6.733333333333333,0.0,18.0,2011-08-15 14:32:00,2011-08-15 14:32:00,MALTA,0
15482.0,12,97,47,5004.0,51.58762886597938,69.0,3.2857142857142856,2010-12-16 10:08:00,2011-11-24 10:46:00,UNITED KINGDOM,343
15483.0,4,84,74,291.0,3.4642857142857144,0.0,18.0,2011-03-18 12:26:00,2011-07-01 13:07:00,UNITED KINGDOM,105
15484.0,4,187,135,3150.0,16.844919786096256,0.0,18.0,2011-09-22 13:31:00,2011-12-08 15:03:00,UNITED KINGDOM,77
15485.0,3,85,59,1281.0,15.070588235294117,0.0,18.0,2010-12-01 13:23:00,2011-11-09 14:31:00,UNITED KINGDOM,343
15488.0,1,2,2,73.0,36.5,15.0,15.0,2011-09-08 10:11:00,2011-09-08 10:11:00,UNITED KINGDOM,0
15489.0,3,50,47,608.0,12.16,0.0,18.0,2011-05-12 12:54:00,2011-11-17 08:53:00,UNITED KINGDOM,188
15491.0,6,154,109,1646.0,10.688311688311689,15.0,15.0,2011-04-18 10:04:00,2011-09-05 15:56:00,UNITED KINGDOM,140
15492.0,2,35,32,483.0,13.8,0.0,18.0,2011-09-26 14:02:00,2011-11-11 14:53:00,UNITED KINGDOM,46
15493.0,5,289,175,551.0,1.9065743944636677,0.0,18.0,2011-03-14 11:44:00,2011-11-07 12:04:00,UNITED KINGDOM,238
15494.0,2,122,120,1139.0,9.336065573770492,0.0,18.0,2011-08-10 15:29:00,2011-11-18 14:51:00,UNITED KINGDOM,99
15497.0,2,15,14,624.0,41.6,0.0,18.0,2011-01-24 10:01:00,2011-11-22 11:51:00,UNITED KINGDOM,302
15498.0,27,512,362,6105.0,11.923828125,0.0,18.0,2010-12-08 12:29:00,2011-12-07 12:48:00,UNITED KINGDOM,364
15500.0,4,68,63,572.0,8.411764705882353,0.0,18.0,2011-09-19 13:47:00,2011-12-01 13:47:00,UNITED KINGDOM,73
15502.0,12,213,167,4236.0,19.887323943661972,120.0,120.0,2010-12-05 15:40:00,2011-11-24 12:48:00,UNITED KINGDOM,353
15503.0,1,66,66,70.0,1.0606060606060606,0.0,18.0,2010-12-12 10:57:00,2010-12-12 10:57:00,UNITED KINGDOM,0
15504.0,1,13,13,33.0,2.5384615384615383,0.0,18.0,2011-09-19 13:45:00,2011-09-19 13:45:00,UNITED KINGDOM,0
15505.0,5,97,90,2390.0,24.63917525773196,0.0,18.0,2011-07-07 13:33:00,2011-10-18 07:56:00,UNITED KINGDOM,102
15506.0,3,161,121,842.0,5.229813664596273,0.0,18.0,2011-07-24 11:45:00,2011-11-17 12:11:00,UNITED KINGDOM,116
15507.0,1,45,41,160.0,3.5555555555555554,0.0,18.0,2011-06-21 11:19:00,2011-06-21 11:19:00,UNITED KINGDOM,0
15508.0,6,92,78,440.0,4.782608695652174,0.0,18.0,2011-04-18 15:31:00,2011-06-03 15:43:00,UNITED KINGDOM,46
15510.0,1,1,1,2.0,2.0,125.0,125.0,2011-01-13 12:10:00,2011-01-13 12:10:00,UNITED KINGDOM,0
15511.0,5,158,117,269.0,1.7025316455696202,0.0,18.0,2011-09-15 15:05:00,2011-11-28 09:43:00,UNITED KINGDOM,73
15512.0,2,7,7,68.0,9.714285714285714,0.0,18.0,2010-12-15 12:01:00,2011-07-07 10:20:00,UNITED KINGDOM,203
15513.0,19,308,190,5709.0,18.535714285714285,165.0,165.0,2010-12-01 11:22:00,2011-11-06 14:36:00,UNITED KINGDOM,340
15514.0,11,166,96,2098.0,12.63855421686747,0.0,18.0,2010-12-10 13:50:00,2011-11-27 14:40:00,UNITED KINGDOM,352
15516.0,3,15,15,27.0,1.8,0.0,18.0,2011-10-24 11:33:00,2011-10-26 10:51:00,UNITED KINGDOM,1
15517.0,1,27,27,293.0,10.851851851851851,0.0,18.0,2011-04-20 14:02:00,2011-04-20 14:02:00,UNITED KINGDOM,0
15518.0,8,210,136,1263.0,6.014285714285714,0.0,18.0,2011-01-11 12:55:00,2011-10-06 13:05:00,UNITED KINGDOM,268
15520.0,1,18,18,314.0,17.444444444444443,0.0,18.0,2011-12-08 10:58:00,2011-12-08 10:58:00,UNITED KINGDOM,0
15521.0,8,185,119,1836.0,9.924324324324324,125.0,125.0,2011-03-30 09:15:00,2011-10-30 13:42:00,UNITED KINGDOM,214
15522.0,2,56,47,572.0,10.214285714285714,0.0,18.0,2011-09-13 12:26:00,2011-11-07 11:26:00,UNITED KINGDOM,54
15523.0,1,10,10,132.0,13.2,0.0,18.0,2011-09-16 16:29:00,2011-09-16 16:29:00,UNITED KINGDOM,0
15524.0,1,1,1,4.0,4.0,110.0,110.0,2011-11-15 12:09:00,2011-11-15 12:09:00,UNITED KINGDOM,0
15525.0,3,156,133,387.0,2.480769230769231,0.0,18.0,2010-12-01 13:17:00,2011-12-07 14:43:00,UNITED KINGDOM,371
15526.0,2,4,4,24.0,6.0,0.0,18.0,2011-11-06 15:01:00,2011-11-06 15:04:00,UNITED KINGDOM,0
15527.0,8,162,129,991.0,6.117283950617284,0.0,18.0,2010-12-20 14:15:00,2011-11-21 12:17:00,UNITED KINGDOM,335
15528.0,1,26,26,123.0,4.730769230769231,0.0,18.0,2011-03-30 16:14:00,2011-03-30 16:14:00,UNITED KINGDOM,0
15529.0,11,662,422,3455.0,5.219033232628399,0.0,18.0,2010-12-08 12:24:00,2011-11-17 11:29:00,UNITED KINGDOM,343
15530.0,4,107,90,938.0,8.766355140186915,0.0,18.0,2011-04-07 11:16:00,2011-11-18 12:25:00,UNITED KINGDOM,225
15531.0,2,219,196,1085.0,4.954337899543379,0.0,18.0,2011-11-09 17:47:00,2011-12-01 18:43:00,UNITED KINGDOM,22
15532.0,4,251,208,515.0,2.051792828685259,0.0,18.0,2010-12-16 16:45:00,2011-11-14 14:51:00,UNITED KINGDOM,332
15533.0,3,83,73,289.0,3.4819277108433737,0.0,18.0,2011-09-11 15:41:00,2011-11-20 15:35:00,UNITED KINGDOM,69
15535.0,4,72,55,135.0,1.875,0.0,18.0,2011-01-16 12:35:00,2011-06-19 16:02:00,UNITED KINGDOM,154
15537.0,1,24,24,29.0,1.2083333333333333,0.0,18.0,2011-06-29 13:10:00,2011-06-29 13:10:00,UNITED KINGDOM,0
15539.0,1,41,41,410.0,10.0,0.0,18.0,2011-12-02 13:36:00,2011-12-02 13:36:00,UNITED KINGDOM,0
15540.0,1,15,15,200.0,13.333333333333334,2.0,1.0,2011-11-28 13:51:00,2011-11-28 13:51:00,UNITED KINGDOM,0
15541.0,1,29,29,49.0,1.6896551724137931,0.0,18.0,2011-08-17 14:58:00,2011-08-17 14:58:00,UNITED KINGDOM,0
15543.0,1,28,26,86.0,3.0714285714285716,0.0,18.0,2011-02-24 15:26:00,2011-02-24 15:26:00,UNITED KINGDOM,0
15544.0,9,259,127,3109.0,12.003861003861005,0.0,18.0,2010-12-02 12:47:00,2011-11-30 16:43:00,UNITED KINGDOM,363
15545.0,2,80,78,162.0,2.025,0.0,18.0,2010-12-03 17:28:00,2011-10-16 13:24:00,UNITED KINGDOM,316
15547.0,14,695,440,3999.0,5.753956834532374,0.0,18.0,2010-12-12 13:26:00,2011-12-02 12:52:00,UNITED KINGDOM,354
15549.0,3,114,104,694.0,6.087719298245614,0.0,18.0,2011-01-27 15:38:00,2011-09-23 16:22:00,UNITED KINGDOM,239
15550.0,4,61,44,295.0,4.836065573770492,0.0,18.0,2011-02-11 12:49:00,2011-12-05 15:38:00,UNITED KINGDOM,297
15551.0,1,29,29,218.0,7.517241379310345,0.0,18.0,2011-11-03 12:37:00,2011-11-03 12:37:00,UNITED KINGDOM,0
15552.0,1,17,16,60.0,3.5294117647058822,0.0,18.0,2011-05-06 14:47:00,2011-05-06 14:47:00,UNITED KINGDOM,0
15553.0,1,55,51,449.0,8.163636363636364,0.0,18.0,2011-10-10 14:02:00,2011-10-10 14:02:00,UNITED KINGDOM,0
15554.0,1,14,14,74.0,5.285714285714286,0.0,18.0,2011-03-07 09:00:00,2011-03-07 09:00:00,UNITED KINGDOM,0
15555.0,16,887,406,4427.0,4.99098083427283,0.0,18.0,2010-12-05 14:45:00,2011-11-27 16:19:00,UNITED KINGDOM,357
15556.0,1,31,31,236.0,7.612903225806452,0.0,18.0,2011-11-15 16:08:00,2011-11-15 16:08:00,UNITED KINGDOM,0
15557.0,1,19,16,213.0,11.210526315789474,0.0,18.0,2011-11-11 12:46:00,2011-11-11 12:46:00,UNITED KINGDOM,0
15561.0,4,27,27,267.0,9.88888888888889,0.0,18.0,2011-05-08 11:38:00,2011-11-28 11:07:00,UNITED KINGDOM,203
15562.0,1,1,1,39.0,39.0,0.0,18.0,2010-12-23 09:55:00,2010-12-23 09:55:00,UNITED KINGDOM,0
15563.0,4,113,88,1501.0,13.283185840707965,1.0,1.0,2010-12-16 11:27:00,2011-11-17 14:50:00,UNITED KINGDOM,336
15565.0,2,8,8,60.0,7.5,0.0,18.0,2011-09-30 10:44:00,2011-10-20 14:33:00,UNITED KINGDOM,20
15567.0,1,7,7,223.0,31.857142857142858,0.0,18.0,2011-11-21 10:48:00,2011-11-21 10:48:00,UNITED KINGDOM,0
15568.0,3,53,27,461.0,8.69811320754717,0.0,18.0,2011-09-27 14:37:00,2011-12-07 11:27:00,UNITED KINGDOM,70
15569.0,5,31,27,666.0,21.483870967741936,0.0,18.0,2011-01-11 13:26:00,2011-08-28 10:15:00,UNITED KINGDOM,228
15570.0,12,319,233,2063.0,6.467084639498433,0.0,18.0,2010-12-05 12:57:00,2011-12-02 14:47:00,UNITED KINGDOM,362
15571.0,4,57,47,264.0,4.631578947368421,0.0,18.0,2011-09-22 13:15:00,2011-11-28 10:02:00,UNITED KINGDOM,66
15572.0,7,212,166,1213.0,5.721698113207547,195.0,195.0,2011-03-06 14:44:00,2011-12-05 10:09:00,UNITED KINGDOM,273
15573.0,2,97,88,355.0,3.6597938144329896,0.0,18.0,2011-09-15 12:16:00,2011-11-08 11:38:00,UNITED KINGDOM,53
15574.0,4,152,131,332.0,2.1842105263157894,0.0,18.0,2010-12-02 15:46:00,2011-06-15 12:01:00,UNITED KINGDOM,194
15576.0,1,43,43,394.0,9.162790697674419,0.0,18.0,2011-11-02 12:03:00,2011-11-02 12:03:00,UNITED KINGDOM,0
15577.0,3,39,39,89.0,2.282051282051282,0.0,18.0,2011-02-07 13:32:00,2011-07-11 17:03:00,UNITED KINGDOM,154
15578.0,1,13,13,52.0,4.0,0.0,18.0,2011-06-30 13:03:00,2011-06-30 13:03:00,UNITED KINGDOM,0
15579.0,2,48,45,117.0,2.4375,0.0,18.0,2011-01-30 12:09:00,2011-10-02 12:45:00,UNITED KINGDOM,245
15581.0,13,147,134,284.0,1.9319727891156462,2750.0,916.6666666666666,2010-12-08 14:38:00,2011-08-11 09:38:00,UNITED KINGDOM,245
15582.0,3,44,39,453.0,10.295454545454545,0.0,18.0,2011-05-03 13:36:00,2011-11-15 09:55:00,UNITED KINGDOM,195
15584.0,4,122,88,313.0,2.5655737704918034,0.0,18.0,2011-06-30 16:39:00,2011-11-16 10:55:00,UNITED KINGDOM,138
15585.0,1,31,31,320.0,10.32258064516129,0.0,18.0,2011-06-16 08:38:00,2011-06-16 08:38:00,UNITED KINGDOM,0
15587.0,4,9,3,312.0,34.666666666666664,0.0,18.0,2010-12-23 09:59:00,2011-10-20 13:37:00,UNITED KINGDOM,301
15589.0,3,29,28,243.0,8.379310344827585,0.0,18.0,2011-02-02 10:46:00,2011-03-29 09:54:00,UNITED KINGDOM,54
15592.0,1,24,24,354.0,14.75,0.0,18.0,2011-10-24 08:59:00,2011-10-24 08:59:00,UNITED KINGDOM,0
15593.0,1,5,5,60.0,12.0,0.0,18.0,2011-09-30 11:46:00,2011-09-30 11:46:00,UNITED KINGDOM,0
15594.0,5,103,85,983.0,9.54368932038835,0.0,18.0,2011-04-19 10:08:00,2011-11-24 08:53:00,UNITED KINGDOM,218
15596.0,5,77,51,561.0,7.285714285714286,0.0,18.0,2010-12-09 16:10:00,2011-08-31 10:55:00,UNITED KINGDOM,264
15597.0,1,22,22,279.0,12.681818181818182,0.0,18.0,2011-11-04 13:26:00,2011-11-04 13:26:00,UNITED KINGDOM,0
15598.0,1,14,14,160.0,11.428571428571429,0.0,18.0,2011-10-17 16:04:00,2011-10-17 16:04:00,UNITED KINGDOM,0
15599.0,2,52,50,718.0,13.807692307692308,0.0,18.0,2011-05-19 13:05:00,2011-11-13 11:44:00,UNITED KINGDOM,177
15601.0,14,410,230,4983.0,12.153658536585366,0.0,18.0,2010-12-02 10:39:00,2011-11-28 15:15:00,UNITED KINGDOM,361
15602.0,9,47,31,1141.0,24.27659574468085,0.0,0.0,2010-12-06 15:35:00,2011-12-01 14:14:00,UNITED KINGDOM,359
15603.0,1,2,2,96.0,48.0,0.0,18.0,2011-09-22 10:04:00,2011-09-22 10:04:00,UNITED KINGDOM,0
15604.0,1,17,17,159.0,9.352941176470589,0.0,18.0,2011-10-18 14:47:00,2011-10-18 14:47:00,UNITED KINGDOM,0
15605.0,5,67,61,441.0,6.582089552238806,0.0,18.0,2010-12-01 13:38:00,2011-11-03 14:17:00,UNITED KINGDOM,337
15606.0,9,77,48,892.0,11.584415584415584,0.0,18.0,2011-01-19 12:07:00,2011-10-09 15:47:00,UNITED KINGDOM,263
15607.0,1,13,13,202.0,15.538461538461538,0.0,18.0,2011-01-07 12:44:00,2011-01-07 12:44:00,UNITED KINGDOM,0
15608.0,4,60,59,714.0,11.9,0.0,18.0,2011-08-11 09:56:00,2011-11-11 13:20:00,UNITED KINGDOM,92
15609.0,1,16,16,148.0,9.25,0.0,18.0,2011-06-08 13:00:00,2011-06-08 13:00:00,UNITED KINGDOM,0
15610.0,1,6,6,66.0,11.0,0.0,18.0,2011-10-19 10:36:00,2011-10-19 10:36:00,UNITED KINGDOM,0
15611.0,13,43,23,504.0,11.720930232558139,21.0,10.5,2011-01-09 11:32:00,2011-11-30 12:36:00,UNITED KINGDOM,325
15612.0,2,6,4,52.0,8.666666666666666,15.0,15.0,2011-10-09 12:49:00,2011-11-03 14:52:00,UNITED KINGDOM,25
15615.0,23,423,187,5508.0,13.02127659574468,0.0,18.0,2010-12-15 16:21:00,2011-11-29 14:42:00,UNITED KINGDOM,348
15618.0,4,45,39,454.0,10.088888888888889,0.0,18.0,2011-07-26 10:13:00,2011-11-07 08:34:00,UNITED KINGDOM,103
15619.0,1,3,3,136.0,45.333333333333336,0.0,18.0,2011-11-29 08:14:00,2011-11-29 08:14:00,UNITED KINGDOM,0
15620.0,3,100,92,915.0,9.15,0.0,18.0,2010-12-16 14:34:00,2011-10-14 12:41:00,UNITED KINGDOM,301
15621.0,4,16,12,501.0,31.3125,0.0,18.0,2011-11-18 11:49:00,2011-12-05 14:01:00,UNITED KINGDOM,17
15622.0,9,185,169,1674.0,9.04864864864865,25.0,25.0,2011-03-02 13:42:00,2011-10-27 16:44:00,UNITED KINGDOM,239
15623.0,1,19,19,125.0,6.578947368421052,0.0,18.0,2011-07-21 17:26:00,2011-07-21 17:26:00,UNITED KINGDOM,0
15624.0,4,34,26,357.0,10.5,0.0,18.0,2011-03-28 13:32:00,2011-08-15 11:38:00,UNITED KINGDOM,139
15625.0,4,64,44,1188.0,18.5625,0.0,18.0,2011-04-18 14:01:00,2011-08-28 10:21:00,UNITED KINGDOM,131
15626.0,2,49,49,766.0,15.63265306122449,0.0,18.0,2011-01-14 10:10:00,2011-09-26 10:03:00,UNITED KINGDOM,254
15628.0,9,155,85,1894.0,12.219354838709677,0.0,18.0,2010-12-08 09:51:00,2011-12-05 10:24:00,UNITED KINGDOM,362
15630.0,2,60,57,800.0,13.333333333333334,0.0,18.0,2011-05-19 10:16:00,2011-10-25 15:36:00,UNITED KINGDOM,159
15632.0,8,167,107,2109.0,12.62874251497006,0.0,18.0,2011-03-10 08:29:00,2011-11-24 09:51:00,UNITED KINGDOM,259
15634.0,1,15,15,99.0,6.6,0.0,18.0,2011-11-22 16:28:00,2011-11-22 16:28:00,UNITED KINGDOM,0
15636.0,2,25,21,284.0,11.36,0.0,18.0,2011-03-02 14:50:00,2011-09-11 11:17:00,UNITED KINGDOM,192
15637.0,1,15,15,128.0,8.533333333333333,0.0,18.0,2011-10-18 08:28:00,2011-10-18 08:28:00,UNITED KINGDOM,0
15639.0,1,25,25,323.0,12.92,0.0,18.0,2011-07-28 14:30:00,2011-07-28 14:30:00,UNITED KINGDOM,0
15640.0,15,476,242,6572.0,13.806722689075631,0.0,18.0,2010-12-02 15:40:00,2011-12-05 14:35:00,UNITED KINGDOM,367
15641.0,4,118,101,1542.0,13.067796610169491,0.0,18.0,2010-12-15 14:45:00,2011-08-26 14:04:00,UNITED KINGDOM,253
15643.0,3,33,31,246.0,7.454545454545454,0.0,18.0,2011-03-02 14:34:00,2011-06-01 07:38:00,UNITED KINGDOM,90
15644.0,4,232,166,550.0,2.3706896551724137,0.0,18.0,2011-03-23 15:37:00,2011-06-26 14:54:00,UNITED KINGDOM,94
15645.0,1,52,50,256.0,4.923076923076923,0.0,18.0,2011-11-21 11:55:00,2011-11-21 11:55:00,UNITED KINGDOM,0
15646.0,3,35,35,394.0,11.257142857142858,0.0,18.0,2010-12-02 16:59:00,2011-07-05 09:53:00,UNITED KINGDOM,214
15648.0,2,24,23,218.0,9.083333333333334,0.0,18.0,2011-03-17 18:59:00,2011-05-19 15:53:00,UNITED KINGDOM,62
15649.0,2,2,1,192.0,96.0,0.0,18.0,2010-12-07 10:06:00,2011-01-07 13:34:00,UNITED KINGDOM,31
15651.0,3,32,27,479.0,14.96875,0.0,18.0,2011-03-24 08:56:00,2011-11-03 08:41:00,UNITED KINGDOM,223
15652.0,1,21,21,208.0,9.904761904761905,0.0,18.0,2011-09-09 14:22:00,2011-09-09 14:22:00,UNITED KINGDOM,0
15653.0,2,6,4,1200.0,200.0,0.0,18.0,2011-08-16 09:50:00,2011-09-08 10:49:00,UNITED KINGDOM,23
15654.0,2,21,15,475.0,22.61904761904762,15.0,15.0,2011-11-13 15:15:00,2011-11-30 13:08:00,UNITED KINGDOM,16
15655.0,1,34,34,324.0,9.529411764705882,0.0,18.0,2011-04-10 15:25:00,2011-04-10 15:25:00,UNITED KINGDOM,0
15656.0,4,47,46,343.0,7.297872340425532,0.0,18.0,2011-02-28 15:32:00,2011-10-25 14:56:00,UNITED KINGDOM,238
15657.0,1,1,1,24.0,24.0,0.0,18.0,2011-11-17 12:19:00,2011-11-17 12:19:00,UNITED KINGDOM,0
15658.0,5,48,40,242.0,5.041666666666667,0.0,18.0,2010-12-02 10:53:00,2011-06-02 15:22:00,UNITED KINGDOM,182
15659.0,1,11,11,111.0,10.090909090909092,0.0,18.0,2011-10-27 09:23:00,2011-10-27 09:23:00,UNITED KINGDOM,0
15660.0,9,90,58,1050.0,11.666666666666666,0.0,18.0,2010-12-09 09:49:00,2011-11-14 16:58:00,UNITED KINGDOM,340
15661.0,2,5,4,236.0,47.2,0.0,18.0,2011-01-05 12:32:00,2011-01-26 13:56:00,UNITED KINGDOM,21
15663.0,1,9,9,106.0,11.777777777777779,0.0,18.0,2011-08-25 15:50:00,2011-08-25 15:50:00,UNITED KINGDOM,0
15664.0,1,17,17,157.0,9.235294117647058,0.0,18.0,2011-10-20 10:57:00,2011-10-20 10:57:00,UNITED KINGDOM,0
15665.0,2,115,92,1654.0,14.382608695652173,0.0,18.0,2011-04-10 15:09:00,2011-06-24 14:57:00,UNITED KINGDOM,74
15667.0,1,13,13,240.0,18.46153846153846,0.0,18.0,2011-10-31 10:56:00,2011-10-31 10:56:00,UNITED KINGDOM,0
15668.0,1,1,1,72.0,72.0,0.0,18.0,2011-05-06 10:39:00,2011-05-06 10:39:00,UNITED KINGDOM,0
15669.0,4,33,31,342.0,10.363636363636363,0.0,18.0,2011-03-21 09:13:00,2011-10-30 16:03:00,UNITED KINGDOM,223
15670.0,1,12,12,91.0,7.583333333333333,0.0,18.0,2011-02-16 10:50:00,2011-02-16 10:50:00,UNITED KINGDOM,0
15671.0,7,78,52,1699.0,21.78205128205128,30.0,15.0,2011-03-14 09:37:00,2011-11-21 12:43:00,UNITED KINGDOM,252
15673.0,4,138,108,1451.0,10.514492753623188,0.0,18.0,2011-01-16 16:25:00,2011-09-12 16:12:00,UNITED KINGDOM,238
15674.0,5,114,88,1275.0,11.18421052631579,0.0,18.0,2011-03-30 09:19:00,2011-09-27 15:17:00,UNITED KINGDOM,181
15675.0,3,21,20,527.0,25.095238095238095,0.0,18.0,2011-03-04 14:21:00,2011-09-19 13:48:00,UNITED KINGDOM,198
15676.0,3,202,189,2252.0,11.148514851485148,15.0,15.0,2011-03-01 10:19:00,2011-11-21 12:40:00,UNITED KINGDOM,265
15677.0,1,33,33,319.0,9.666666666666666,0.0,18.0,2011-10-21 15:36:00,2011-10-21 15:36:00,UNITED KINGDOM,0
15678.0,1,12,12,184.0,15.333333333333334,0.0,18.0,2011-10-18 09:25:00,2011-10-18 09:25:00,UNITED KINGDOM,0
15679.0,4,110,98,1170.0,10.636363636363637,0.0,18.0,2011-06-10 08:24:00,2011-11-15 16:19:00,UNITED KINGDOM,158
15680.0,3,78,62,952.0,12.205128205128204,0.0,18.0,2010-12-08 14:43:00,2011-11-30 13:46:00,UNITED KINGDOM,356
15681.0,5,53,32,816.0,15.39622641509434,0.0,18.0,2011-03-04 13:46:00,2011-11-14 16:30:00,UNITED KINGDOM,255
15683.0,1,10,10,131.0,13.1,0.0,18.0,2011-08-14 12:56:00,2011-08-14 12:56:00,UNITED KINGDOM,0
15687.0,9,166,120,1310.0,7.891566265060241,0.0,18.0,2011-01-13 15:13:00,2011-12-01 08:33:00,UNITED KINGDOM,321
15689.0,2,9,8,84.0,9.333333333333334,0.0,18.0,2010-12-13 09:57:00,2011-08-12 09:37:00,UNITED KINGDOM,241
15690.0,2,19,19,408.0,21.473684210526315,0.0,18.0,2011-08-31 11:40:00,2011-12-05 15:59:00,UNITED KINGDOM,96
15691.0,1,2,2,72.0,36.0,0.0,18.0,2011-04-01 15:13:00,2011-04-01 15:13:00,UNITED KINGDOM,0
15692.0,1,12,12,138.0,11.5,0.0,18.0,2011-11-11 14:12:00,2011-11-11 14:12:00,UNITED KINGDOM,0
15694.0,14,78,42,1677.0,21.5,15.0,15.0,2010-12-02 07:49:00,2011-12-09 09:44:00,UNITED KINGDOM,372
15695.0,2,22,22,212.0,9.636363636363637,0.0,18.0,2011-03-18 08:31:00,2011-03-18 08:32:00,UNITED KINGDOM,0
15696.0,8,168,141,1015.0,6.041666666666667,0.0,18.0,2011-01-17 11:24:00,2011-11-06 14:02:00,UNITED KINGDOM,293
15699.0,1,18,18,113.0,6.277777777777778,0.0,18.0,2011-11-22 08:26:00,2011-11-22 08:26:00,UNITED KINGDOM,0
15700.0,2,86,85,357.0,4.151162790697675,0.0,18.0,2011-06-19 15:36:00,2011-06-20 16:53:00,UNITED KINGDOM,1
15701.0,4,230,193,912.0,3.965217391304348,0.0,18.0,2011-08-21 12:36:00,2011-12-07 14:39:00,UNITED KINGDOM,108
15703.0,1,5,5,66.0,13.2,0.0,18.0,2011-03-20 10:51:00,2011-03-20 10:51:00,UNITED KINGDOM,0
15704.0,4,117,79,1028.0,8.786324786324787,0.0,18.0,2011-05-08 12:42:00,2011-07-22 13:35:00,UNITED KINGDOM,75
15705.0,1,6,6,62.0,10.333333333333334,0.0,18.0,2011-05-22 15:37:00,2011-05-22 15:37:00,UNITED KINGDOM,0
15706.0,4,55,50,321.0,5.836363636363636,0.0,18.0,2011-08-15 14:32:00,2011-10-07 10:09:00,UNITED KINGDOM,52
15707.0,4,205,127,594.0,2.897560975609756,0.0,18.0,2011-09-14 14:19:00,2011-11-04 14:35:00,UNITED KINGDOM,51
15708.0,7,273,125,1217.0,4.457875457875458,0.0,18.0,2010-12-05 11:12:00,2011-10-30 10:54:00,UNITED KINGDOM,328
15709.0,1,6,6,121.0,20.166666666666668,0.0,18.0,2011-03-01 10:38:00,2011-03-01 10:38:00,UNITED KINGDOM,0
15712.0,5,53,41,486.0,9.169811320754716,0.0,18.0,2011-02-25 11:32:00,2011-11-30 14:09:00,UNITED KINGDOM,278
15713.0,2,19,18,150.0,7.894736842105263,0.0,18.0,2010-12-08 15:16:00,2011-07-19 13:34:00,UNITED KINGDOM,222
15714.0,2,34,34,186.0,5.470588235294118,0.0,18.0,2011-09-23 11:25:00,2011-11-28 11:26:00,UNITED KINGDOM,66
15716.0,4,117,101,738.0,6.3076923076923075,0.0,18.0,2010-12-05 12:26:00,2011-07-17 11:59:00,UNITED KINGDOM,223
15717.0,1,7,7,70.0,10.0,0.0,18.0,2011-04-19 13:21:00,2011-04-19 13:21:00,UNITED KINGDOM,0
15719.0,13,931,307,2718.0,2.9194414607948445,0.0,18.0,2011-01-06 12:31:00,2011-11-07 12:29:00,UNITED KINGDOM,304
15720.0,1,128,128,281.0,2.1953125,0.0,18.0,2011-11-15 14:48:00,2011-11-15 14:48:00,UNITED KINGDOM,0
15721.0,1,84,80,388.0,4.619047619047619,0.0,18.0,2011-11-28 12:14:00,2011-11-28 12:14:00,UNITED KINGDOM,0
15722.0,5,67,45,1023.0,15.26865671641791,0.0,18.0,2011-02-22 12:24:00,2011-11-04 11:43:00,UNITED KINGDOM,254
15723.0,1,38,37,73.0,1.9210526315789473,0.0,18.0,2010-12-10 11:12:00,2010-12-10 11:12:00,UNITED KINGDOM,0
15724.0,2,11,11,73.0,6.636363636363637,0.0,18.0,2011-02-28 10:40:00,2011-05-22 14:40:00,UNITED KINGDOM,83
15725.0,1,32,32,221.0,6.90625,0.0,18.0,2011-11-24 14:51:00,2011-11-24 14:51:00,UNITED KINGDOM,0
15727.0,7,301,216,3063.0,10.17607973421927,250.0,125.0,2010-12-15 15:47:00,2011-11-23 12:36:00,UNITED KINGDOM,342
15729.0,1,5,5,28.0,5.6,0.0,18.0,2011-05-11 12:36:00,2011-05-11 12:36:00,UNITED KINGDOM,0
15730.0,3,70,68,689.0,9.842857142857143,0.0,18.0,2011-05-17 12:43:00,2011-10-05 12:31:00,UNITED KINGDOM,140
15732.0,2,14,13,215.0,15.357142857142858,0.0,18.0,2010-12-02 15:00:00,2011-05-11 14:24:00,UNITED KINGDOM,159
15733.0,1,10,10,62.0,6.2,0.0,18.0,2011-03-02 09:05:00,2011-03-02 09:05:00,UNITED KINGDOM,0
15734.0,2,26,25,346.0,13.307692307692308,0.0,18.0,2011-05-23 14:59:00,2011-08-17 10:50:00,UNITED KINGDOM,85
15737.0,8,71,60,597.0,8.408450704225352,15.0,15.0,2011-04-11 10:01:00,2011-11-25 11:21:00,UNITED KINGDOM,228
15738.0,16,173,48,2982.0,17.23699421965318,0.0,18.0,2010-12-02 12:50:00,2011-11-21 08:26:00,UNITED KINGDOM,353
15739.0,1,8,8,472.0,59.0,0.0,18.0,2011-10-04 13:42:00,2011-10-04 13:42:00,UNITED KINGDOM,0
15740.0,1,9,9,152.0,16.88888888888889,0.0,18.0,2011-10-21 14:29:00,2011-10-21 14:29:00,UNITED KINGDOM,0
15743.0,4,86,59,214.0,2.488372093023256,0.0,18.0,2011-06-08 10:14:00,2011-11-23 17:19:00,UNITED KINGDOM,168
15744.0,1,3,3,120.0,40.0,0.0,18.0,2011-09-23 09:52:00,2011-09-23 09:52:00,UNITED KINGDOM,0
15745.0,4,62,57,421.0,6.790322580645161,0.0,18.0,2011-04-17 13:04:00,2011-11-20 13:45:00,UNITED KINGDOM,217
15746.0,1,28,28,178.0,6.357142857142857,0.0,18.0,2011-07-28 15:21:00,2011-07-28 15:21:00,UNITED KINGDOM,0
15747.0,3,90,53,466.0,5.177777777777778,0.0,18.0,2011-06-20 11:30:00,2011-11-27 12:26:00,UNITED KINGDOM,160
15748.0,1,20,19,50.0,2.5,0.0,18.0,2011-10-30 12:51:00,2011-10-30 12:51:00,UNITED KINGDOM,0
15749.0,3,10,5,18028.0,1802.8,0.0,18.0,2011-01-11 12:55:00,2011-04-18 13:20:00,UNITED KINGDOM,97
15750.0,8,291,215,1783.0,6.1271477663230245,0.0,18.0,2010-12-08 10:36:00,2011-12-07 12:34:00,UNITED KINGDOM,364
15752.0,7,405,236,1960.0,4.839506172839506,0.0,18.0,2010-12-02 09:43:00,2011-10-31 11:37:00,UNITED KINGDOM,333
15753.0,1,1,1,144.0,144.0,0.0,18.0,2011-02-08 12:41:00,2011-02-08 12:41:00,UNITED KINGDOM,0
15754.0,3,28,24,199.0,7.107142857142857,0.0,18.0,2011-04-07 12:24:00,2011-10-19 14:40:00,UNITED KINGDOM,195
15755.0,6,141,127,1427.0,10.120567375886525,0.0,18.0,2011-02-18 11:53:00,2011-11-29 14:57:00,UNITED KINGDOM,284
15756.0,4,191,160,241.0,1.2617801047120418,0.0,18.0,2011-04-04 14:00:00,2011-10-09 13:30:00,UNITED KINGDOM,187
15757.0,2,45,43,491.0,10.911111111111111,0.0,18.0,2011-05-06 11:40:00,2011-10-05 12:14:00,UNITED KINGDOM,152
15758.0,1,9,9,47.0,5.222222222222222,0.0,18.0,2011-11-15 10:48:00,2011-11-15 10:48:00,UNITED KINGDOM,0
15759.0,3,7,5,60.0,8.571428571428571,0.0,18.0,2010-12-16 15:29:00,2011-05-05 15:13:00,UNITED KINGDOM,139
15762.0,2,37,37,251.0,6.783783783783784,0.0,18.0,2011-09-23 15:17:00,2011-10-05 16:15:00,UNITED KINGDOM,12
15763.0,2,61,58,271.0,4.442622950819672,0.0,18.0,2011-09-23 12:10:00,2011-11-08 09:44:00,UNITED KINGDOM,45
15764.0,6,180,150,2050.0,11.38888888888889,0.0,18.0,2011-03-08 09:23:00,2011-09-12 17:58:00,UNITED KINGDOM,188
15766.0,1,11,11,170.0,15.454545454545455,0.0,18.0,2011-10-06 17:03:00,2011-10-06 17:03:00,UNITED KINGDOM,0
15768.0,3,27,23,244.0,9.037037037037036,125.0,125.0,2011-04-28 09:20:00,2011-08-16 10:48:00,UNITED KINGDOM,110
15769.0,26,130,29,29672.0,228.24615384615385,0.0,18.0,2010-12-03 15:16:00,2011-12-02 13:52:00,UNITED KINGDOM,363
15773.0,1,10,10,311.0,31.1,0.0,18.0,2011-12-04 12:48:00,2011-12-04 12:48:00,UNITED KINGDOM,0
15774.0,1,25,25,87.0,3.48,0.0,18.0,2011-10-02 12:04:00,2011-10-02 12:04:00,UNITED KINGDOM,0
15775.0,1,7,7,68.0,9.714285714285714,0.0,18.0,2011-04-08 12:56:00,2011-04-08 12:56:00,UNITED KINGDOM,0
15776.0,1,18,18,138.0,7.666666666666667,0.0,18.0,2011-07-29 13:46:00,2011-07-29 13:46:00,UNITED KINGDOM,0
15777.0,4,21,18,378.0,18.0,0.0,18.0,2010-12-13 16:38:00,2011-04-12 16:43:00,UNITED KINGDOM,120
15780.0,3,29,26,220.0,7.586206896551724,0.0,18.0,2010-12-17 11:43:00,2011-06-09 12:01:00,UNITED KINGDOM,174
15781.0,3,20,20,180.0,9.0,0.0,18.0,2011-02-07 09:15:00,2011-11-14 14:57:00,UNITED KINGDOM,280
15782.0,3,43,34,864.0,20.093023255813954,0.0,18.0,2011-09-11 14:29:00,2011-11-30 10:49:00,UNITED KINGDOM,79
15783.0,1,14,14,212.0,15.142857142857142,0.0,18.0,2011-11-29 09:50:00,2011-11-29 09:50:00,UNITED KINGDOM,0
15785.0,5,83,60,1612.0,19.42168674698795,0.0,18.0,2011-02-17 14:17:00,2011-11-07 11:33:00,UNITED KINGDOM,262
15786.0,3,266,257,3340.0,12.556390977443609,0.0,18.0,2011-08-17 13:33:00,2011-10-24 14:13:00,UNITED KINGDOM,68
15787.0,3,200,157,534.0,2.67,0.0,18.0,2011-10-09 13:11:00,2011-11-13 14:55:00,UNITED KINGDOM,35
15789.0,1,25,25,438.0,17.52,0.0,18.0,2010-12-16 14:35:00,2010-12-16 14:35:00,UNITED KINGDOM,0
15790.0,1,34,34,113.0,3.323529411764706,0.0,18.0,2011-11-29 14:53:00,2011-11-29 14:53:00,UNITED KINGDOM,0
15791.0,2,75,67,731.0,9.746666666666666,0.0,18.0,2011-05-19 15:15:00,2011-10-27 10:14:00,UNITED KINGDOM,160
15793.0,3,12,7,553.0,46.083333333333336,0.0,18.0,2011-03-16 10:45:00,2011-11-25 09:31:00,UNITED KINGDOM,253
15795.0,1,42,42,581.0,13.833333333333334,0.0,18.0,2011-07-13 10:43:00,2011-07-13 10:43:00,UNITED KINGDOM,0
15796.0,8,132,70,860.0,6.515151515151516,1.0,1.0,2011-02-10 15:40:00,2011-12-08 19:55:00,UNITED KINGDOM,301
15797.0,4,8,8,873.0,109.125,15.0,15.0,2011-01-24 15:47:00,2011-08-18 17:04:00,UNITED KINGDOM,206
15799.0,3,98,94,955.0,9.744897959183673,0.0,18.0,2011-01-09 15:13:00,2011-09-25 12:46:00,UNITED KINGDOM,258
15800.0,2,117,116,332.0,2.8376068376068377,0.0,18.0,2011-04-07 12:39:00,2011-08-24 14:23:00,UNITED KINGDOM,139
15801.0,3,64,61,570.0,8.90625,0.0,18.0,2011-08-22 09:53:00,2011-10-24 13:52:00,UNITED KINGDOM,63
15802.0,1,1,1,1.0,1.0,0.0,18.0,2011-07-20 11:38:00,2011-07-20 11:38:00,UNITED KINGDOM,0
15803.0,1,8,8,290.0,36.25,0.0,18.0,2011-10-19 14:56:00,2011-10-19 14:56:00,UNITED KINGDOM,0
15804.0,13,263,170,2567.0,9.760456273764259,125.0,62.5,2011-05-25 10:12:00,2011-12-09 12:31:00,UNITED KINGDOM,198
15805.0,17,299,221,3367.0,11.26086956521739,0.0,18.0,2010-12-10 09:33:00,2011-11-16 16:32:00,UNITED KINGDOM,341
15806.0,3,31,24,602.0,19.419354838709676,0.0,18.0,2011-03-08 09:24:00,2011-10-24 14:35:00,UNITED KINGDOM,230
15807.0,3,48,48,430.0,8.958333333333334,0.0,18.0,2011-09-23 14:43:00,2011-10-20 14:10:00,UNITED KINGDOM,26
15808.0,4,195,142,1305.0,6.6923076923076925,0.0,18.0,2010-12-05 13:05:00,2011-02-06 14:33:00,UNITED KINGDOM,63
15809.0,5,35,31,301.0,8.6,0.0,18.0,2011-02-10 11:16:00,2011-11-03 16:40:00,UNITED KINGDOM,266
15810.0,4,89,69,861.0,9.674157303370787,0.0,18.0,2011-02-16 09:11:00,2011-09-22 09:38:00,UNITED KINGDOM,218
15811.0,6,133,117,1071.0,8.052631578947368,0.0,18.0,2010-12-09 15:29:00,2011-11-17 15:31:00,UNITED KINGDOM,343
15812.0,5,41,37,922.0,22.48780487804878,0.0,18.0,2011-01-26 12:12:00,2011-08-24 14:19:00,UNITED KINGDOM,210
15813.0,2,40,40,603.0,15.075,0.0,18.0,2011-04-14 09:09:00,2011-05-16 08:13:00,UNITED KINGDOM,31
15814.0,4,72,63,1271.0,17.65277777777778,0.0,18.0,2011-10-20 09:04:00,2011-11-23 08:17:00,UNITED KINGDOM,33
15815.0,5,49,33,1856.0,37.87755102040816,0.0,18.0,2011-03-25 08:43:00,2011-10-07 12:42:00,UNITED KINGDOM,196
15819.0,4,123,96,1357.0,11.032520325203253,0.0,18.0,2011-03-08 09:45:00,2011-10-21 14:50:00,UNITED KINGDOM,227
15820.0,1,17,17,128.0,7.529411764705882,0.0,18.0,2011-01-24 12:00:00,2011-01-24 12:00:00,UNITED KINGDOM,0
15821.0,2,62,57,202.0,3.2580645161290325,0.0,18.0,2011-10-09 13:28:00,2011-10-26 15:48:00,UNITED KINGDOM,17
15822.0,2,33,28,375.0,11.363636363636363,0.0,18.0,2010-12-15 13:38:00,2011-12-06 14:50:00,UNITED KINGDOM,356
15823.0,1,1,1,1.0,1.0,15.0,15.0,2010-12-02 15:08:00,2010-12-02 15:08:00,UNITED KINGDOM,0
15825.0,1,20,20,220.0,11.0,125.0,125.0,2011-06-20 13:27:00,2011-06-20 13:27:00,UNITED KINGDOM,0
15826.0,3,68,64,963.0,14.161764705882353,0.0,18.0,2011-05-13 10:44:00,2011-10-14 16:05:00,UNITED KINGDOM,154
15827.0,14,115,73,882.0,7.6695652173913045,0.0,18.0,2010-12-02 13:06:00,2011-09-27 15:35:00,UNITED KINGDOM,299
15829.0,2,51,44,996.0,19.529411764705884,0.0,18.0,2011-07-22 10:23:00,2011-09-01 16:45:00,UNITED KINGDOM,41
15830.0,1,39,39,415.0,10.64102564102564,0.0,18.0,2011-11-02 10:40:00,2011-11-02 10:40:00,UNITED KINGDOM,0
15831.0,3,66,63,1092.0,16.545454545454547,50.0,50.0,2011-01-19 14:52:00,2011-10-12 13:14:00,UNITED KINGDOM,265
15832.0,1,54,54,465.0,8.61111111111111,0.0,18.0,2011-03-30 15:29:00,2011-03-30 15:29:00,UNITED KINGDOM,0
15834.0,4,269,242,961.0,3.5724907063197024,250.0,125.0,2011-03-07 17:52:00,2011-09-30 14:41:00,UNITED KINGDOM,206
15835.0,4,50,47,439.0,8.78,0.0,18.0,2011-01-13 10:35:00,2011-10-26 15:47:00,UNITED KINGDOM,286
15836.0,1,10,10,26.0,2.6,25.0,25.0,2011-10-20 17:13:00,2011-10-20 17:13:00,UNITED KINGDOM,0
15837.0,1,24,24,189.0,7.875,0.0,18.0,2011-10-06 09:01:00,2011-10-06 09:01:00,UNITED KINGDOM,0
15838.0,19,167,54,18368.0,109.9880239520958,0.0,18.0,2010-12-07 11:26:00,2011-11-28 14:00:00,UNITED KINGDOM,356
15839.0,3,62,56,675.0,10.887096774193548,0.0,18.0,2011-07-14 16:35:00,2011-11-06 13:54:00,UNITED KINGDOM,114
15840.0,2,27,26,396.0,14.666666666666666,0.0,18.0,2011-06-20 11:42:00,2011-10-12 09:08:00,UNITED KINGDOM,113
15841.0,4,47,36,942.0,20.04255319148936,0.0,18.0,2011-01-05 11:25:00,2011-09-28 12:15:00,UNITED KINGDOM,266
15843.0,1,8,8,27.0,3.375,0.0,18.0,2011-02-09 10:19:00,2011-02-09 10:19:00,UNITED KINGDOM,0
15844.0,1,11,11,134.0,12.181818181818182,0.0,18.0,2011-10-24 15:19:00,2011-10-24 15:19:00,UNITED KINGDOM,0
15845.0,8,138,98,1926.0,13.956521739130435,0.0,18.0,2011-01-06 17:19:00,2011-11-22 09:42:00,UNITED KINGDOM,319
15847.0,2,22,22,449.0,20.40909090909091,0.0,18.0,2011-02-24 16:46:00,2011-11-01 14:41:00,UNITED KINGDOM,249
15850.0,2,93,87,298.0,3.204301075268817,0.0,18.0,2011-06-24 14:16:00,2011-11-20 14:14:00,UNITED KINGDOM,148
15852.0,2,22,22,48.0,2.1818181818181817,0.0,18.0,2011-05-26 13:26:00,2011-06-06 11:22:00,UNITED KINGDOM,10
15853.0,1,30,29,135.0,4.5,0.0,18.0,2011-10-19 10:38:00,2011-10-19 10:38:00,UNITED KINGDOM,0
15854.0,12,138,105,926.0,6.7101449275362315,0.0,18.0,2010-12-13 11:47:00,2011-12-05 13:39:00,UNITED KINGDOM,357
15855.0,5,80,59,470.0,5.875,0.0,18.0,2011-03-21 12:32:00,2011-07-26 10:20:00,UNITED KINGDOM,126
15856.0,27,628,300,10866.0,17.302547770700638,0.0,18.0,2010-12-09 13:34:00,2011-12-05 17:09:00,UNITED KINGDOM,361
15857.0,1,14,14,308.0,22.0,0.0,18.0,2011-11-21 12:18:00,2011-11-21 12:18:00,UNITED KINGDOM,0
15858.0,5,188,145,1163.0,6.1861702127659575,0.0,18.0,2010-12-07 14:31:00,2011-11-24 12:48:00,UNITED KINGDOM,351
15860.0,8,139,106,437.0,3.143884892086331,0.0,18.0,2010-12-06 11:38:00,2011-10-30 11:25:00,UNITED KINGDOM,327
15861.0,8,540,343,2528.0,4.681481481481481,165.0,165.0,2011-03-17 20:12:00,2011-11-27 15:59:00,UNITED KINGDOM,254
15862.0,4,147,142,585.0,3.979591836734694,0.0,18.0,2010-12-01 11:21:00,2011-12-01 13:28:00,UNITED KINGDOM,365
15863.0,2,18,18,19.0,1.0555555555555556,0.0,18.0,2011-05-31 11:36:00,2011-11-14 12:49:00,UNITED KINGDOM,167
15864.0,6,20,16,1192.0,59.6,0.0,18.0,2011-01-27 16:43:00,2011-11-17 13:32:00,UNITED KINGDOM,293
15865.0,3,40,37,368.0,9.2,0.0,18.0,2011-05-10 11:44:00,2011-10-30 12:43:00,UNITED KINGDOM,173
15866.0,1,43,43,124.0,2.883720930232558,0.0,18.0,2011-08-30 14:09:00,2011-08-30 14:09:00,UNITED KINGDOM,0
15867.0,15,459,303,2052.0,4.470588235294118,0.0,18.0,2010-12-05 14:17:00,2011-12-04 13:32:00,UNITED KINGDOM,363
15869.0,2,15,13,175.0,11.666666666666666,0.0,18.0,2011-03-07 17:19:00,2011-03-07 17:23:00,UNITED KINGDOM,0
15870.0,1,74,68,333.0,4.5,0.0,18.0,2011-11-07 10:58:00,2011-11-07 10:58:00,UNITED KINGDOM,0
15872.0,2,108,101,187.0,1.7314814814814814,0.0,18.0,2011-11-25 11:54:00,2011-11-25 11:55:00,UNITED KINGDOM,0
15874.0,7,120,110,2534.0,21.116666666666667,375.0,125.0,2011-02-28 13:28:00,2011-10-07 12:31:00,UNITED KINGDOM,220
15877.0,2,126,122,368.0,2.9206349206349205,0.0,18.0,2011-11-22 11:18:00,2011-12-08 11:53:00,UNITED KINGDOM,16
15880.0,1,96,95,202.0,2.1041666666666665,0.0,18.0,2010-12-05 13:00:00,2010-12-05 13:00:00,UNITED KINGDOM,0
15881.0,5,29,26,260.0,8.96551724137931,0.0,18.0,2010-12-10 13:32:00,2011-01-31 16:59:00,UNITED KINGDOM,52
15882.0,4,23,23,276.0,12.0,0.0,18.0,2010-12-06 13:01:00,2011-05-25 11:35:00,UNITED KINGDOM,169
15883.0,2,49,42,223.0,4.551020408163265,0.0,18.0,2011-11-06 14:50:00,2011-12-07 17:05:00,UNITED KINGDOM,31
15885.0,3,18,18,111.0,6.166666666666667,30.0,15.0,2011-02-03 15:28:00,2011-09-08 10:43:00,UNITED KINGDOM,216
15886.0,1,12,12,147.0,12.25,0.0,18.0,2011-10-10 14:25:00,2011-10-10 14:25:00,UNITED KINGDOM,0
15888.0,1,12,11,76.0,6.333333333333333,0.0,18.0,2011-09-20 12:30:00,2011-09-20 12:30:00,UNITED KINGDOM,0
15889.0,2,85,79,206.0,2.4235294117647057,0.0,18.0,2010-12-05 15:12:00,2011-07-06 11:10:00,UNITED KINGDOM,212
15891.0,1,60,60,418.0,6.966666666666667,0.0,18.0,2011-04-27 12:35:00,2011-04-27 12:35:00,UNITED KINGDOM,0
15894.0,2,37,35,164.0,4.4324324324324325,0.0,18.0,2010-12-05 14:06:00,2011-03-31 13:50:00,UNITED KINGDOM,115
15895.0,1,11,11,94.0,8.545454545454545,0.0,18.0,2011-07-13 10:27:00,2011-07-13 10:27:00,UNITED KINGDOM,0
15897.0,2,22,17,223.0,10.136363636363637,0.0,18.0,2011-05-29 13:32:00,2011-05-29 13:50:00,UNITED KINGDOM,0
15898.0,5,84,70,567.0,6.75,0.0,18.0,2010-12-06 11:01:00,2011-12-08 15:23:00,UNITED KINGDOM,367
15899.0,1,4,4,39.0,9.75,0.0,18.0,2010-12-06 10:36:00,2010-12-06 10:36:00,UNITED KINGDOM,0
15900.0,1,47,44,216.0,4.595744680851064,0.0,18.0,2011-11-16 12:19:00,2011-11-16 12:19:00,UNITED KINGDOM,0
15901.0,3,111,102,379.0,3.4144144144144146,0.0,18.0,2011-07-08 12:18:00,2011-11-23 12:43:00,UNITED KINGDOM,138
15903.0,7,74,46,2410.0,32.567567567567565,0.0,18.0,2011-02-17 14:04:00,2011-11-30 08:08:00,UNITED KINGDOM,285
15904.0,1,30,30,84.0,2.8,0.0,18.0,2011-12-01 14:50:00,2011-12-01 14:50:00,UNITED KINGDOM,0
15906.0,7,150,113,544.0,3.6266666666666665,0.0,18.0,2011-03-29 13:28:00,2011-11-20 12:24:00,UNITED KINGDOM,235
15907.0,3,226,176,478.0,2.1150442477876106,0.0,18.0,2011-05-13 13:01:00,2011-12-06 12:21:00,UNITED KINGDOM,206
15909.0,1,7,7,98.0,14.0,0.0,18.0,2011-06-19 10:38:00,2011-06-19 10:38:00,UNITED KINGDOM,0
15910.0,8,266,216,1013.0,3.808270676691729,0.0,18.0,2011-01-27 11:55:00,2011-12-09 10:51:00,UNITED KINGDOM,315
15912.0,2,19,19,185.0,9.736842105263158,0.0,18.0,2011-04-20 17:10:00,2011-06-14 14:29:00,UNITED KINGDOM,54
15916.0,8,151,124,752.0,4.9801324503311255,0.0,18.0,2010-12-08 13:07:00,2011-11-23 13:46:00,UNITED KINGDOM,350
15917.0,1,12,12,42.0,3.5,0.0,18.0,2011-04-06 10:40:00,2011-04-06 10:40:00,UNITED KINGDOM,0
15918.0,2,40,33,153.0,3.825,0.0,18.0,2011-03-13 15:55:00,2011-06-02 11:42:00,UNITED KINGDOM,80
15919.0,2,122,104,385.0,3.1557377049180326,0.0,18.0,2010-12-06 11:26:00,2011-11-20 11:28:00,UNITED KINGDOM,349
15920.0,4,60,53,99.0,1.65,0.0,18.0,2011-07-08 15:16:00,2011-07-08 15:31:00,UNITED KINGDOM,0
15921.0,1,24,24,162.0,6.75,0.0,18.0,2011-06-20 11:03:00,2011-06-20 11:03:00,UNITED KINGDOM,0
15922.0,1,11,11,138.0,12.545454545454545,0.0,18.0,2010-12-01 13:51:00,2010-12-01 13:51:00,UNITED KINGDOM,0
15923.0,1,21,21,122.0,5.809523809523809,0.0,18.0,2010-12-02 12:16:00,2010-12-02 12:16:00,UNITED KINGDOM,0
15925.0,1,12,12,93.0,7.75,0.0,18.0,2011-05-29 15:35:00,2011-05-29 15:35:00,UNITED KINGDOM,0
15930.0,1,21,21,139.0,6.619047619047619,0.0,18.0,2011-10-03 14:52:00,2011-10-03 14:52:00,UNITED KINGDOM,0
15932.0,8,115,91,2325.0,20.217391304347824,0.0,18.0,2011-02-23 14:50:00,2011-12-05 17:13:00,UNITED KINGDOM,285
15933.0,3,74,63,885.0,11.95945945945946,0.0,18.0,2011-09-14 12:05:00,2011-11-18 13:14:00,UNITED KINGDOM,65
15935.0,2,12,12,115.0,9.583333333333334,0.0,18.0,2011-04-12 09:35:00,2011-04-14 13:27:00,UNITED KINGDOM,2
15937.0,1,7,7,73.0,10.428571428571429,0.0,18.0,2011-10-06 15:48:00,2011-10-06 15:48:00,UNITED KINGDOM,0
15938.0,5,18,13,240.0,13.333333333333334,0.0,18.0,2011-01-20 10:11:00,2011-08-19 12:56:00,UNITED KINGDOM,211
15939.0,15,76,29,4728.0,62.21052631578947,15.0,15.0,2011-01-12 12:43:00,2011-09-11 11:30:00,UNITED KINGDOM,241
15940.0,1,1,1,4.0,4.0,0.0,18.0,2011-02-01 16:18:00,2011-02-01 16:18:00,UNITED KINGDOM,0
15942.0,1,14,14,232.0,16.571428571428573,0.0,18.0,2011-07-29 09:01:00,2011-07-29 09:01:00,UNITED KINGDOM,0
15944.0,1,6,6,50.0,8.333333333333334,0.0,18.0,2011-03-08 10:33:00,2011-03-08 10:33:00,UNITED KINGDOM,0
15945.0,1,2,2,52.0,26.0,0.0,18.0,2010-12-09 13:14:00,2010-12-09 13:14:00,UNITED KINGDOM,0
15947.0,1,29,29,898.0,30.96551724137931,0.0,18.0,2011-09-18 10:46:00,2011-09-18 10:46:00,UNITED KINGDOM,0
15948.0,2,60,51,567.0,9.45,0.0,18.0,2011-10-27 08:35:00,2011-12-01 15:32:00,UNITED KINGDOM,35
15949.0,2,19,12,284.0,14.947368421052632,0.0,18.0,2011-09-29 17:34:00,2011-11-23 09:09:00,UNITED KINGDOM,54
15950.0,4,97,87,719.0,7.412371134020619,0.0,18.0,2010-12-15 11:56:00,2011-11-08 11:09:00,UNITED KINGDOM,327
15951.0,2,41,36,313.0,7.634146341463414,0.0,18.0,2011-02-27 11:57:00,2011-12-01 08:34:00,UNITED KINGDOM,276
15952.0,4,84,66,391.0,4.654761904761905,0.0,18.0,2011-04-28 12:55:00,2011-11-06 11:18:00,UNITED KINGDOM,191
15953.0,8,97,63,891.0,9.185567010309278,0.0,18.0,2010-12-05 15:15:00,2011-11-24 15:32:00,UNITED KINGDOM,354
15955.0,14,183,137,2135.0,11.666666666666666,0.0,18.0,2010-12-02 11:22:00,2011-11-15 14:15:00,UNITED KINGDOM,348
15957.0,1,42,40,211.0,5.023809523809524,0.0,18.0,2011-11-08 12:14:00,2011-11-08 12:14:00,UNITED KINGDOM,0
15958.0,1,7,7,33.0,4.714285714285714,0.0,18.0,2011-09-26 13:41:00,2011-09-26 13:41:00,UNITED KINGDOM,0
15963.0,2,28,26,298.0,10.642857142857142,0.0,18.0,2011-10-25 13:05:00,2011-11-20 11:33:00,UNITED KINGDOM,25
15965.0,4,111,88,434.0,3.90990990990991,0.0,18.0,2010-12-07 13:18:00,2011-11-22 16:44:00,UNITED KINGDOM,350
15967.0,2,80,73,205.0,2.5625,0.0,18.0,2011-01-25 11:57:00,2011-11-16 15:41:00,UNITED KINGDOM,295
15969.0,3,20,20,124.0,6.2,0.0,18.0,2011-06-07 12:19:00,2011-12-07 11:06:00,UNITED KINGDOM,182
15970.0,1,11,11,116.0,10.545454545454545,0.0,18.0,2011-02-09 12:08:00,2011-02-09 12:08:00,UNITED KINGDOM,0
15971.0,12,35,10,1717.0,49.05714285714286,0.0,18.0,2011-02-01 16:47:00,2011-11-22 12:50:00,UNITED KINGDOM,293
15973.0,1,4,4,106.0,26.5,0.0,18.0,2010-12-08 11:42:00,2010-12-08 11:42:00,UNITED KINGDOM,0
15974.0,7,176,141,2262.0,12.852272727272727,0.0,18.0,2011-02-24 10:10:00,2011-10-31 13:13:00,UNITED KINGDOM,249
15975.0,1,24,24,243.0,10.125,0.0,18.0,2011-09-16 13:33:00,2011-09-16 13:33:00,UNITED KINGDOM,0
15976.0,2,96,83,275.0,2.8645833333333335,0.0,18.0,2011-05-03 17:12:00,2011-06-27 13:00:00,UNITED KINGDOM,54
15977.0,2,65,48,1016.0,15.63076923076923,0.0,18.0,2011-10-31 16:24:00,2011-11-22 13:29:00,UNITED KINGDOM,21
15978.0,1,49,49,888.0,18.122448979591837,0.0,18.0,2011-09-23 15:21:00,2011-09-23 15:21:00,UNITED KINGDOM,0
15980.0,3,43,40,1560.0,36.27906976744186,0.0,18.0,2011-03-30 15:05:00,2011-09-12 09:41:00,UNITED KINGDOM,165
15981.0,8,97,56,1866.0,19.237113402061855,0.0,18.0,2011-02-01 13:50:00,2011-11-15 08:00:00,UNITED KINGDOM,286
15983.0,4,112,82,886.0,7.910714285714286,0.0,18.0,2010-12-01 12:15:00,2011-11-17 17:34:00,UNITED KINGDOM,351
15984.0,10,258,218,1815.0,7.034883720930233,0.0,18.0,2010-12-06 13:21:00,2011-12-07 12:16:00,UNITED KINGDOM,365
15985.0,2,37,29,1086.0,29.35135135135135,0.0,18.0,2011-04-17 11:04:00,2011-08-08 16:31:00,UNITED KINGDOM,113
15986.0,1,14,14,268.0,19.142857142857142,0.0,18.0,2011-11-09 15:17:00,2011-11-09 15:17:00,UNITED KINGDOM,0
15987.0,7,128,110,1533.0,11.9765625,0.0,18.0,2010-12-06 08:34:00,2011-11-27 15:38:00,UNITED KINGDOM,356
15988.0,1,26,26,180.0,6.923076923076923,0.0,18.0,2011-11-20 13:23:00,2011-11-20 13:23:00,UNITED KINGDOM,0
15990.0,2,52,52,443.0,8.51923076923077,0.0,18.0,2011-02-25 15:35:00,2011-10-26 15:58:00,UNITED KINGDOM,243
15992.0,1,3,3,17.0,5.666666666666667,0.0,18.0,2011-12-06 11:00:00,2011-12-06 11:00:00,UNITED KINGDOM,0
15993.0,7,543,335,2037.0,3.751381215469613,0.0,18.0,2011-10-26 16:21:00,2011-12-01 10:45:00,UNITED KINGDOM,35
15994.0,1,32,31,173.0,5.40625,0.0,18.0,2011-10-16 12:28:00,2011-10-16 12:28:00,UNITED KINGDOM,0
15996.0,6,127,103,380.0,2.9921259842519685,0.0,18.0,2010-12-08 15:59:00,2011-09-12 15:14:00,UNITED KINGDOM,277
15998.0,5,504,373,2032.0,4.031746031746032,0.0,18.0,2010-12-12 13:32:00,2011-11-03 12:45:00,UNITED KINGDOM,325
16000.0,3,9,9,5110.0,567.7777777777778,0.0,18.0,2011-12-07 12:14:00,2011-12-07 12:17:00,UNITED KINGDOM,0
16003.0,5,103,82,1185.0,11.504854368932039,250.0,125.0,2010-12-15 12:09:00,2011-11-10 09:57:00,UNITED KINGDOM,329
16005.0,4,201,173,280.0,1.3930348258706469,0.0,18.0,2011-03-14 11:46:00,2011-11-27 13:47:00,UNITED KINGDOM,258
16006.0,1,8,8,84.0,10.5,0.0,18.0,2011-05-12 13:12:00,2011-05-12 13:12:00,UNITED KINGDOM,0
16007.0,4,381,224,1388.0,3.643044619422572,0.0,18.0,2011-05-08 13:32:00,2011-10-23 11:05:00,UNITED KINGDOM,167
16008.0,3,33,29,323.0,9.787878787878787,0.0,18.0,2011-05-19 10:54:00,2011-11-16 10:32:00,UNITED KINGDOM,180
16009.0,4,82,68,366.0,4.463414634146342,0.0,18.0,2011-07-03 11:26:00,2011-11-17 16:51:00,UNITED KINGDOM,137
16010.0,3,79,60,202.0,2.5569620253164556,0.0,18.0,2010-12-12 12:18:00,2011-04-08 10:14:00,UNITED KINGDOM,116
16011.0,16,210,100,2035.0,9.69047619047619,0.0,18.0,2010-12-08 16:34:00,2011-12-01 16:31:00,UNITED KINGDOM,357
16012.0,3,94,87,799.0,8.5,0.0,18.0,2011-07-07 18:02:00,2011-11-04 13:25:00,UNITED KINGDOM,119
16013.0,47,139,31,15536.0,111.76978417266187,0.0,18.0,2010-12-03 13:09:00,2011-12-06 10:36:00,UNITED KINGDOM,367
16014.0,3,138,123,258.0,1.8695652173913044,15.0,15.0,2011-02-21 17:42:00,2011-11-02 12:04:00,UNITED KINGDOM,253
16015.0,3,181,146,907.0,5.011049723756906,0.0,18.0,2011-10-21 12:56:00,2011-12-06 10:58:00,UNITED KINGDOM,45
16016.0,8,224,157,602.0,2.6875,0.0,18.0,2010-12-08 12:36:00,2011-12-06 14:35:00,UNITED KINGDOM,363
16017.0,1,32,26,102.0,3.1875,0.0,18.0,2011-10-23 12:56:00,2011-10-23 12:56:00,UNITED KINGDOM,0
16018.0,2,28,26,190.0,6.785714285714286,0.0,18.0,2011-06-12 13:52:00,2011-10-31 14:13:00,UNITED KINGDOM,141
16019.0,9,160,134,1733.0,10.83125,0.0,18.0,2010-12-10 12:29:00,2011-10-24 11:51:00,UNITED KINGDOM,317
16020.0,3,46,42,487.0,10.58695652173913,0.0,18.0,2011-10-05 13:54:00,2011-11-23 11:18:00,UNITED KINGDOM,48
16022.0,1,71,68,255.0,3.591549295774648,0.0,18.0,2011-03-24 13:16:00,2011-03-24 13:16:00,UNITED KINGDOM,0
16023.0,3,101,90,358.0,3.5445544554455446,0.0,18.0,2011-03-18 13:32:00,2011-10-24 16:34:00,UNITED KINGDOM,220
16024.0,1,63,61,397.0,6.301587301587301,0.0,18.0,2011-11-27 13:26:00,2011-11-27 13:26:00,UNITED KINGDOM,0
16025.0,1,28,28,338.0,12.071428571428571,0.0,18.0,2011-11-10 11:45:00,2011-11-10 11:45:00,UNITED KINGDOM,0
16026.0,1,32,30,243.0,7.59375,0.0,18.0,2011-10-27 13:53:00,2011-10-27 13:53:00,UNITED KINGDOM,0
16027.0,6,16,11,1147.0,71.6875,165.0,165.0,2011-02-10 12:19:00,2011-09-09 10:47:00,UNITED KINGDOM,210
16029.0,63,241,45,40108.0,166.4232365145228,0.0,18.0,2010-12-01 09:57:00,2011-11-01 10:27:00,UNITED KINGDOM,335
16030.0,1,29,28,283.0,9.758620689655173,0.0,18.0,2011-02-03 11:28:00,2011-02-03 11:28:00,UNITED KINGDOM,0
16031.0,2,98,91,421.0,4.295918367346939,0.0,18.0,2011-04-06 14:23:00,2011-09-08 13:07:00,UNITED KINGDOM,154
16033.0,20,1128,540,3529.0,3.12854609929078,0.0,18.0,2010-12-05 10:36:00,2011-12-04 12:44:00,UNITED KINGDOM,364
16034.0,3,22,18,242.0,11.0,0.0,18.0,2011-01-11 11:54:00,2011-05-27 16:17:00,UNITED KINGDOM,136
16036.0,2,55,55,716.0,13.018181818181818,0.0,18.0,2011-03-21 13:01:00,2011-09-13 14:53:00,UNITED KINGDOM,176
16037.0,3,39,37,428.0,10.974358974358974,0.0,18.0,2010-12-16 10:18:00,2011-03-15 09:13:00,UNITED KINGDOM,88
16038.0,3,26,24,244.0,9.384615384615385,0.0,18.0,2011-05-22 11:29:00,2011-12-02 12:40:00,UNITED KINGDOM,194
16040.0,3,65,57,684.0,10.523076923076923,0.0,18.0,2011-03-16 09:58:00,2011-10-05 13:47:00,UNITED KINGDOM,203
16041.0,3,6,6,1584.0,264.0,0.0,18.0,2011-07-21 16:27:00,2011-11-09 12:25:00,UNITED KINGDOM,110
16042.0,5,70,68,743.0,10.614285714285714,0.0,18.0,2011-01-11 13:25:00,2011-11-17 17:50:00,UNITED KINGDOM,310
16043.0,4,39,30,503.0,12.897435897435898,0.0,18.0,2011-01-26 11:14:00,2011-11-02 12:50:00,UNITED KINGDOM,280
16045.0,4,83,71,897.0,10.80722891566265,0.0,18.0,2011-02-22 14:55:00,2011-08-12 12:41:00,UNITED KINGDOM,170
16048.0,2,8,8,144.0,18.0,0.0,18.0,2010-12-01 15:27:00,2010-12-01 15:28:00,UNITED KINGDOM,0
16049.0,3,299,248,763.0,2.551839464882943,2.0,2.0,2011-09-25 14:33:00,2011-10-30 13:19:00,UNITED KINGDOM,34
16050.0,1,10,10,278.0,27.8,0.0,18.0,2011-06-19 11:44:00,2011-06-19 11:44:00,UNITED KINGDOM,0
16052.0,1,34,34,282.0,8.294117647058824,0.0,18.0,2011-10-16 15:13:00,2011-10-16 15:13:00,UNITED KINGDOM,0
16053.0,2,84,81,1793.0,21.345238095238095,0.0,18.0,2011-08-09 14:57:00,2011-11-07 11:21:00,UNITED KINGDOM,89
16054.0,1,70,70,380.0,5.428571428571429,0.0,18.0,2011-07-17 13:08:00,2011-07-17 13:08:00,UNITED KINGDOM,0
16055.0,1,8,8,22.0,2.75,0.0,18.0,2011-05-03 09:26:00,2011-05-03 09:26:00,UNITED KINGDOM,0
16056.0,1,66,66,345.0,5.2272727272727275,0.0,18.0,2011-10-25 15:19:00,2011-10-25 15:19:00,UNITED KINGDOM,0
16057.0,7,121,109,863.0,7.132231404958677,0.0,18.0,2011-02-28 10:35:00,2011-11-23 15:23:00,UNITED KINGDOM,268
16059.0,6,178,126,641.0,3.601123595505618,0.0,18.0,2010-12-07 10:36:00,2011-10-05 09:56:00,UNITED KINGDOM,301
16062.0,4,64,51,800.0,12.5,0.0,18.0,2010-12-10 12:00:00,2011-11-30 12:15:00,UNITED KINGDOM,355
16063.0,1,23,23,262.0,11.391304347826088,0.0,18.0,2011-03-24 14:55:00,2011-03-24 14:56:00,UNITED KINGDOM,0
16065.0,1,73,71,228.0,3.1232876712328768,0.0,18.0,2010-12-09 13:03:00,2010-12-09 13:03:00,UNITED KINGDOM,0
16066.0,5,101,77,935.0,9.257425742574258,0.0,18.0,2011-08-07 14:33:00,2011-11-23 11:54:00,UNITED KINGDOM,107
16070.0,2,33,32,457.0,13.848484848484848,0.0,18.0,2011-11-07 16:36:00,2011-11-17 15:50:00,UNITED KINGDOM,9
16071.0,1,21,21,180.0,8.571428571428571,0.0,18.0,2011-10-26 11:14:00,2011-10-26 11:14:00,UNITED KINGDOM,0
16072.0,1,23,23,140.0,6.086956521739131,0.0,18.0,2011-02-24 14:32:00,2011-02-24 14:32:00,UNITED KINGDOM,0
16073.0,1,1,1,48.0,48.0,0.0,18.0,2011-02-15 15:41:00,2011-02-15 15:41:00,UNITED KINGDOM,0
16076.0,10,129,71,1435.0,11.124031007751938,0.0,18.0,2011-05-15 12:31:00,2011-12-06 14:59:00,UNITED KINGDOM,205
16078.0,1,1,1,16.0,16.0,0.0,18.0,2011-03-01 09:47:00,2011-03-01 09:47:00,UNITED KINGDOM,0
16079.0,3,21,18,864.0,41.142857142857146,0.0,18.0,2011-10-30 13:06:00,2011-11-23 12:48:00,UNITED KINGDOM,23
16080.0,2,10,10,128.0,12.8,0.0,18.0,2011-03-10 14:44:00,2011-09-19 10:42:00,UNITED KINGDOM,192
16081.0,5,223,176,1473.0,6.605381165919282,0.0,18.0,2010-12-08 11:16:00,2011-10-14 13:06:00,UNITED KINGDOM,310
16083.0,2,31,31,908.0,29.29032258064516,0.0,18.0,2010-12-14 11:51:00,2011-08-31 10:47:00,UNITED KINGDOM,259
16084.0,1,38,38,216.0,5.684210526315789,0.0,18.0,2011-02-13 16:05:00,2011-02-13 16:05:00,UNITED KINGDOM,0
16085.0,5,167,123,636.0,3.808383233532934,0.0,18.0,2011-01-23 12:07:00,2011-11-16 13:24:00,UNITED KINGDOM,297
16086.0,5,39,24,511.0,13.102564102564102,0.0,18.0,2010-12-07 13:45:00,2011-10-11 13:09:00,UNITED KINGDOM,307
16091.0,2,18,16,154.0,8.555555555555555,0.0,18.0,2011-05-25 09:18:00,2011-07-08 08:45:00,UNITED KINGDOM,43
16092.0,3,51,37,628.0,12.313725490196079,0.0,18.0,2011-03-30 15:38:00,2011-08-17 10:46:00,UNITED KINGDOM,139
16093.0,1,1,1,20.0,20.0,0.0,18.0,2011-08-25 11:09:00,2011-08-25 11:09:00,UNITED KINGDOM,0
16094.0,4,63,48,647.0,10.26984126984127,0.0,18.0,2011-05-04 13:57:00,2011-11-28 12:45:00,UNITED KINGDOM,207
16096.0,1,12,12,155.0,12.916666666666666,125.0,125.0,2011-03-20 13:38:00,2011-03-20 13:38:00,UNITED KINGDOM,0
16097.0,1,10,10,87.0,8.7,0.0,18.0,2011-04-13 13:47:00,2011-04-13 13:47:00,UNITED KINGDOM,0
16098.0,7,67,34,613.0,9.149253731343284,0.0,18.0,2010-12-01 09:45:00,2011-09-13 09:59:00,UNITED KINGDOM,286
16099.0,3,39,29,434.0,11.128205128205128,0.0,18.0,2011-04-28 08:34:00,2011-10-20 13:13:00,UNITED KINGDOM,175
16101.0,1,76,76,757.0,9.960526315789474,0.0,18.0,2011-09-30 10:18:00,2011-09-30 10:18:00,UNITED KINGDOM,0
16102.0,3,57,41,942.0,16.526315789473685,0.0,18.0,2011-08-03 12:50:00,2011-10-28 13:19:00,UNITED KINGDOM,86
16103.0,6,48,30,558.0,11.625,2.0,1.0,2011-04-20 12:28:00,2011-12-02 14:16:00,UNITED KINGDOM,226
16104.0,1,28,28,122.0,4.357142857142857,0.0,18.0,2011-10-09 10:23:00,2011-10-09 10:23:00,UNITED KINGDOM,0
16105.0,1,13,13,330.0,25.384615384615383,0.0,18.0,2011-04-05 10:13:00,2011-04-05 10:13:00,UNITED KINGDOM,0
16106.0,1,6,6,74.0,12.333333333333334,0.0,18.0,2011-10-05 10:37:00,2011-10-05 10:37:00,UNITED KINGDOM,0
16107.0,7,31,16,1176.0,37.935483870967744,0.0,18.0,2011-06-09 18:42:00,2011-11-22 09:40:00,UNITED KINGDOM,165
16108.0,1,48,48,615.0,12.8125,0.0,18.0,2011-09-16 11:48:00,2011-09-16 11:48:00,UNITED KINGDOM,0
16109.0,2,18,18,612.0,34.0,0.0,18.0,2011-02-04 12:37:00,2011-05-05 09:17:00,UNITED KINGDOM,89
16110.0,3,341,282,719.0,2.1085043988269794,0.0,18.0,2011-02-01 14:01:00,2011-10-25 14:35:00,UNITED KINGDOM,266
16112.0,4,16,15,574.0,35.875,0.0,18.0,2011-01-05 11:47:00,2011-07-19 14:28:00,UNITED KINGDOM,195
16113.0,1,30,30,176.0,5.866666666666666,0.0,18.0,2011-06-09 16:16:00,2011-06-09 16:16:00,UNITED KINGDOM,0
16114.0,1,8,8,43.0,5.375,0.0,18.0,2011-06-22 10:13:00,2011-06-22 10:13:00,UNITED KINGDOM,0
16115.0,8,279,171,994.0,3.5627240143369177,0.0,18.0,2011-02-20 12:14:00,2011-11-30 11:32:00,UNITED KINGDOM,282
16116.0,1,34,34,248.0,7.294117647058823,0.0,18.0,2011-05-12 12:01:00,2011-05-12 12:01:00,UNITED KINGDOM,0
16117.0,1,30,30,130.0,4.333333333333333,0.0,18.0,2011-06-03 11:42:00,2011-06-03 11:42:00,UNITED KINGDOM,0
16119.0,2,16,14,240.0,15.0,0.0,18.0,2011-09-28 10:15:00,2011-12-01 15:11:00,UNITED KINGDOM,64
16120.0,4,30,26,878.0,29.266666666666666,0.0,18.0,2011-10-11 14:10:00,2011-10-11 14:22:00,UNITED KINGDOM,0
16121.0,2,204,171,576.0,2.823529411764706,0.0,18.0,2011-05-08 11:52:00,2011-10-13 12:59:00,UNITED KINGDOM,158
16122.0,4,38,25,1128.0,29.68421052631579,0.0,18.0,2010-12-08 11:41:00,2011-09-27 15:34:00,UNITED KINGDOM,293
16123.0,1,16,16,170.0,10.625,0.0,18.0,2011-10-19 09:18:00,2011-10-19 09:18:00,UNITED KINGDOM,0
16124.0,1,11,11,48.0,4.363636363636363,0.0,18.0,2011-01-26 14:45:00,2011-01-26 14:45:00,UNITED KINGDOM,0
16125.0,1,13,13,124.0,9.538461538461538,0.0,18.0,2010-12-07 15:48:00,2010-12-07 15:48:00,UNITED KINGDOM,0
16126.0,4,117,58,2125.0,18.162393162393162,0.0,18.0,2011-02-16 11:18:00,2011-11-10 16:03:00,UNITED KINGDOM,267
16127.0,1,40,40,323.0,8.075,0.0,18.0,2011-10-31 13:58:00,2011-10-31 13:58:00,UNITED KINGDOM,0
16128.0,5,89,76,988.0,11.101123595505618,0.0,18.0,2011-03-02 12:21:00,2011-11-22 11:14:00,UNITED KINGDOM,264
16131.0,6,78,55,1802.0,23.102564102564102,0.0,18.0,2011-04-14 08:32:00,2011-10-19 11:53:00,UNITED KINGDOM,188
16133.0,33,339,219,8888.0,26.218289085545724,160.0,40.0,2011-01-25 15:55:00,2011-12-06 11:24:00,UNITED KINGDOM,314
16134.0,2,35,34,371.0,10.6,0.0,18.0,2010-12-15 14:00:00,2011-11-18 10:05:00,UNITED KINGDOM,337
16135.0,1,21,21,209.0,9.952380952380953,0.0,18.0,2011-03-22 12:30:00,2011-03-22 12:30:00,UNITED KINGDOM,0
16136.0,3,37,35,440.0,11.891891891891891,0.0,18.0,2011-03-07 09:52:00,2011-10-11 09:10:00,UNITED KINGDOM,217
16139.0,3,31,25,330.0,10.64516129032258,0.0,18.0,2011-05-17 10:23:00,2011-11-21 08:37:00,UNITED KINGDOM,187
16140.0,2,35,32,730.0,20.857142857142858,0.0,18.0,2010-12-03 14:40:00,2011-10-05 12:15:00,UNITED KINGDOM,305
16141.0,1,30,30,238.0,7.933333333333334,0.0,18.0,2011-09-12 13:11:00,2011-09-12 13:11:00,UNITED KINGDOM,0
16142.0,1,37,37,422.0,11.405405405405405,0.0,18.0,2011-04-04 10:16:00,2011-04-04 10:16:00,UNITED KINGDOM,0
16143.0,6,117,77,919.0,7.854700854700854,125.0,125.0,2010-12-05 15:18:00,2011-12-06 14:13:00,UNITED KINGDOM,365
16144.0,1,1,1,16.0,16.0,0.0,18.0,2011-04-07 10:09:00,2011-04-07 10:09:00,UNITED KINGDOM,0
16145.0,11,224,135,3123.0,13.941964285714286,0.0,18.0,2010-12-15 09:09:00,2011-12-01 10:33:00,UNITED KINGDOM,351
16146.0,3,29,26,427.0,14.724137931034482,0.0,18.0,2011-04-21 15:25:00,2011-07-05 14:20:00,UNITED KINGDOM,74
16147.0,1,22,22,246.0,11.181818181818182,0.0,18.0,2011-07-29 09:57:00,2011-07-29 09:57:00,UNITED KINGDOM,0
16148.0,1,1,1,72.0,72.0,0.0,18.0,2011-02-16 14:01:00,2011-02-16 14:01:00,UNITED KINGDOM,0
16149.0,2,18,18,308.0,17.11111111111111,0.0,18.0,2011-07-20 14:54:00,2011-12-05 11:29:00,UNITED KINGDOM,137
16150.0,5,117,91,1047.0,8.948717948717949,0.0,18.0,2010-12-02 18:27:00,2011-10-28 12:39:00,UNITED KINGDOM,329
16152.0,1,29,29,642.0,22.137931034482758,0.0,18.0,2011-03-16 09:47:00,2011-03-16 09:47:00,UNITED KINGDOM,0
16153.0,5,89,78,1073.0,12.0561797752809,0.0,18.0,2010-12-20 09:22:00,2011-10-21 10:50:00,UNITED KINGDOM,305
16156.0,9,128,108,1273.0,9.9453125,0.0,18.0,2011-02-02 12:02:00,2011-12-01 12:42:00,UNITED KINGDOM,302
16157.0,3,18,12,347.0,19.27777777777778,0.0,18.0,2011-09-28 11:48:00,2011-11-24 11:41:00,UNITED KINGDOM,56
16159.0,1,14,14,236.0,16.857142857142858,0.0,18.0,2011-03-03 12:27:00,2011-03-03 12:27:00,UNITED KINGDOM,0
16160.0,2,20,20,1162.0,58.1,0.0,18.0,2011-09-15 10:53:00,2011-10-05 14:19:00,UNITED KINGDOM,20
16161.0,19,471,290,2583.0,5.484076433121019,45.0,15.0,2010-12-06 10:03:00,2011-12-08 12:10:00,UNITED KINGDOM,367
16162.0,1,2,2,4.0,2.0,0.0,18.0,2011-04-01 15:03:00,2011-04-01 15:03:00,UNITED KINGDOM,0
16163.0,2,6,5,192.0,32.0,0.0,18.0,2010-12-09 16:28:00,2011-04-21 15:15:00,UNITED KINGDOM,132
16164.0,3,34,27,433.0,12.735294117647058,0.0,18.0,2011-10-28 09:12:00,2011-11-22 15:04:00,UNITED KINGDOM,25
16168.0,27,98,57,1892.0,19.306122448979593,0.0,18.0,2010-12-05 11:38:00,2011-11-29 12:45:00,UNITED KINGDOM,359
16169.0,4,85,71,1325.0,15.588235294117647,0.0,18.0,2011-09-25 11:33:00,2011-12-01 15:28:00,UNITED KINGDOM,67
16170.0,6,125,106,1770.0,14.16,0.0,18.0,2011-04-05 13:42:00,2011-10-20 08:21:00,UNITED KINGDOM,197
16171.0,1,3,3,24.0,8.0,0.0,18.0,2011-10-11 14:51:00,2011-10-11 14:51:00,UNITED KINGDOM,0
16172.0,5,69,52,787.0,11.405797101449275,0.0,18.0,2011-04-12 12:02:00,2011-09-05 13:22:00,UNITED KINGDOM,146
16173.0,6,84,70,575.0,6.845238095238095,0.0,18.0,2011-09-02 15:23:00,2011-11-24 10:53:00,UNITED KINGDOM,82
16174.0,3,23,19,651.0,28.304347826086957,0.0,18.0,2011-07-11 09:23:00,2011-08-05 13:26:00,UNITED KINGDOM,25
16175.0,4,58,45,533.0,9.189655172413794,0.0,18.0,2011-04-13 14:38:00,2011-09-06 14:32:00,UNITED KINGDOM,145
16177.0,1,15,15,95.0,6.333333333333333,0.0,18.0,2011-10-20 12:57:00,2011-10-20 12:57:00,UNITED KINGDOM,0
16178.0,1,8,8,94.0,11.75,0.0,18.0,2011-07-24 16:05:00,2011-07-24 16:05:00,UNITED KINGDOM,0
16179.0,1,11,11,99.0,9.0,0.0,18.0,2011-10-10 09:41:00,2011-10-10 09:41:00,UNITED KINGDOM,0
16180.0,8,162,92,5867.0,36.21604938271605,0.0,18.0,2011-04-01 10:23:00,2011-08-31 16:28:00,UNITED KINGDOM,152
16181.0,1,11,11,152.0,13.818181818181818,0.0,18.0,2011-09-27 13:38:00,2011-09-27 13:38:00,UNITED KINGDOM,0
16182.0,4,28,18,3791.0,135.39285714285714,0.0,18.0,2011-02-18 10:11:00,2011-09-28 13:23:00,UNITED KINGDOM,222
16183.0,1,15,15,113.0,7.533333333333333,0.0,18.0,2011-10-03 14:59:00,2011-10-03 14:59:00,UNITED KINGDOM,0
16184.0,6,45,26,561.0,12.466666666666667,0.0,18.0,2011-05-12 13:33:00,2011-10-06 17:43:00,UNITED KINGDOM,147
16185.0,2,31,31,260.0,8.387096774193548,0.0,18.0,2011-04-21 11:59:00,2011-11-23 09:41:00,UNITED KINGDOM,215
16186.0,12,218,92,3020.0,13.853211009174313,0.0,18.0,2010-12-02 14:40:00,2011-11-17 12:43:00,UNITED KINGDOM,349
16187.0,15,295,160,5048.0,17.11186440677966,0.0,18.0,2011-02-28 13:34:00,2011-11-08 09:50:00,UNITED KINGDOM,252
16188.0,4,67,65,782.0,11.671641791044776,0.0,18.0,2011-04-11 09:44:00,2011-10-26 12:19:00,UNITED KINGDOM,198
16189.0,2,11,9,134.0,12.181818181818182,0.0,18.0,2011-09-15 15:21:00,2011-11-24 11:47:00,UNITED KINGDOM,69
16190.0,1,6,6,88.0,14.666666666666666,0.0,18.0,2011-10-30 15:59:00,2011-10-30 15:59:00,UNITED KINGDOM,0
16191.0,13,134,66,3351.0,25.007462686567163,0.0,18.0,2010-12-14 12:38:00,2011-12-07 11:26:00,UNITED KINGDOM,357
16193.0,1,19,19,219.0,11.526315789473685,0.0,18.0,2011-04-17 11:45:00,2011-04-17 11:45:00,UNITED KINGDOM,0
16198.0,1,15,15,129.0,8.6,0.0,18.0,2011-09-25 14:58:00,2011-09-25 14:58:00,UNITED KINGDOM,0
16200.0,2,172,149,516.0,3.0,0.0,18.0,2011-06-28 15:47:00,2011-12-05 14:40:00,UNITED KINGDOM,159
16201.0,4,111,74,1286.0,11.585585585585585,0.0,18.0,2011-08-22 10:47:00,2011-12-06 16:02:00,UNITED KINGDOM,106
16202.0,1,18,18,191.0,10.61111111111111,0.0,18.0,2010-12-14 10:43:00,2010-12-14 10:43:00,UNITED KINGDOM,0
16203.0,4,35,27,262.0,7.485714285714286,0.0,18.0,2010-12-02 15:39:00,2011-10-12 12:31:00,UNITED KINGDOM,313
16204.0,1,50,45,218.0,4.36,0.0,18.0,2011-11-16 13:40:00,2011-11-16 13:40:00,UNITED KINGDOM,0
16205.0,4,97,75,516.0,5.319587628865979,0.0,18.0,2011-06-13 11:33:00,2011-11-09 09:32:00,UNITED KINGDOM,148
16206.0,4,63,52,272.0,4.317460317460317,0.0,18.0,2011-01-16 11:07:00,2011-10-16 10:41:00,UNITED KINGDOM,272
16207.0,1,19,19,140.0,7.368421052631579,25.0,25.0,2011-11-14 13:51:00,2011-11-14 13:51:00,UNITED KINGDOM,0
16208.0,2,66,62,333.0,5.045454545454546,0.0,18.0,2011-02-23 13:37:00,2011-10-26 11:36:00,UNITED KINGDOM,244
16209.0,5,46,38,1179.0,25.630434782608695,15.0,15.0,2011-04-07 12:23:00,2011-09-12 11:58:00,UNITED KINGDOM,157
16210.0,18,123,75,7559.0,61.45528455284553,10.0,10.0,2010-12-01 12:27:00,2011-12-08 12:36:00,UNITED KINGDOM,372
16211.0,1,23,23,154.0,6.695652173913044,0.0,18.0,2011-09-12 12:11:00,2011-09-12 12:11:00,UNITED KINGDOM,0
16212.0,2,41,40,244.0,5.951219512195122,0.0,18.0,2011-03-01 12:51:00,2011-11-20 13:00:00,UNITED KINGDOM,264
16213.0,1,6,6,48.0,8.0,0.0,18.0,2011-09-22 10:03:00,2011-09-22 10:03:00,UNITED KINGDOM,0
16214.0,3,44,36,420.0,9.545454545454545,0.0,18.0,2011-03-15 13:23:00,2011-06-22 11:30:00,UNITED KINGDOM,98
16215.0,1,14,14,104.0,7.428571428571429,0.0,18.0,2011-09-20 10:18:00,2011-09-20 10:18:00,UNITED KINGDOM,0
16216.0,1,37,37,254.0,6.864864864864865,165.0,165.0,2011-03-17 15:34:00,2011-03-17 15:34:00,UNITED KINGDOM,0
16217.0,2,15,13,91.0,6.066666666666666,0.0,18.0,2011-03-02 15:28:00,2011-04-18 13:31:00,UNITED KINGDOM,46
16218.0,7,84,59,2088.0,24.857142857142858,0.0,18.0,2010-12-01 11:29:00,2011-11-10 09:59:00,UNITED KINGDOM,343
16221.0,3,95,90,714.0,7.515789473684211,0.0,18.0,2010-12-07 13:13:00,2011-11-03 11:43:00,UNITED KINGDOM,330
16222.0,1,122,120,325.0,2.6639344262295084,0.0,18.0,2011-01-25 13:38:00,2011-01-25 13:38:00,UNITED KINGDOM,0
16224.0,4,96,90,1116.0,11.625,0.0,18.0,2011-04-04 12:00:00,2011-10-13 17:51:00,UNITED KINGDOM,192
16225.0,5,134,109,493.0,3.6791044776119404,0.0,18.0,2011-03-07 12:17:00,2011-10-26 08:30:00,UNITED KINGDOM,232
16226.0,3,8,6,192.0,24.0,0.0,18.0,2011-04-18 12:58:00,2011-05-20 14:41:00,UNITED KINGDOM,32
16227.0,1,6,6,90.0,15.0,0.0,18.0,2011-04-28 13:33:00,2011-04-28 13:33:00,UNITED KINGDOM,0
16229.0,2,47,46,318.0,6.76595744680851,0.0,18.0,2011-05-11 10:18:00,2011-09-13 17:16:00,UNITED KINGDOM,125
16230.0,2,35,32,365.0,10.428571428571429,0.0,18.0,2011-05-03 15:12:00,2011-06-03 10:06:00,UNITED KINGDOM,30
16232.0,4,37,24,550.0,14.864864864864865,0.0,18.0,2011-05-08 14:05:00,2011-10-27 12:16:00,UNITED KINGDOM,171
16233.0,3,22,22,174.0,7.909090909090909,0.0,18.0,2010-12-08 12:51:00,2011-09-29 17:27:00,UNITED KINGDOM,295
16235.0,5,46,42,330.0,7.173913043478261,10.0,10.0,2011-01-11 15:42:00,2011-10-30 10:56:00,UNITED KINGDOM,291
16236.0,1,20,20,184.0,9.2,0.0,18.0,2011-09-22 14:10:00,2011-09-22 14:10:00,UNITED KINGDOM,0
16239.0,2,19,18,228.0,12.0,0.0,18.0,2011-06-03 09:30:00,2011-10-14 08:29:00,UNITED KINGDOM,132
16240.0,2,135,126,1641.0,12.155555555555555,145.0,145.0,2011-09-23 13:44:00,2011-11-15 14:30:00,UNITED KINGDOM,53
16241.0,13,655,351,1443.0,2.2030534351145037,0.0,18.0,2010-12-05 11:04:00,2011-11-30 11:08:00,UNITED KINGDOM,360
16242.0,7,292,187,1969.0,6.743150684931507,0.0,18.0,2011-03-07 17:04:00,2011-12-01 15:12:00,UNITED KINGDOM,268
16243.0,2,51,49,110.0,2.156862745098039,85.0,85.0,2011-10-16 12:09:00,2011-11-06 12:32:00,UNITED KINGDOM,21
16244.0,2,91,88,855.0,9.395604395604396,0.0,18.0,2010-12-02 11:41:00,2011-05-12 10:18:00,UNITED KINGDOM,160
16245.0,3,90,80,1014.0,11.266666666666667,0.0,18.0,2011-03-28 09:30:00,2011-11-16 10:14:00,UNITED KINGDOM,233
16247.0,1,16,16,182.0,11.375,0.0,18.0,2011-06-22 14:23:00,2011-06-22 14:23:00,UNITED KINGDOM,0
16248.0,1,7,7,78.0,11.142857142857142,0.0,18.0,2011-10-09 11:32:00,2011-10-09 11:32:00,UNITED KINGDOM,0
16249.0,5,69,67,950.0,13.768115942028986,0.0,18.0,2011-04-14 13:50:00,2011-10-18 10:07:00,UNITED KINGDOM,186
16250.0,2,24,22,208.0,8.666666666666666,0.0,18.0,2010-12-01 09:59:00,2011-03-23 15:07:00,UNITED KINGDOM,112
16253.0,2,123,114,3233.0,26.284552845528456,0.0,18.0,2011-03-29 13:33:00,2011-10-04 09:09:00,UNITED KINGDOM,188
16255.0,8,270,148,1767.0,6.544444444444444,0.0,18.0,2010-12-09 14:25:00,2011-11-23 12:40:00,UNITED KINGDOM,348
16256.0,1,13,13,581.0,44.69230769230769,0.0,18.0,2011-03-18 12:18:00,2011-03-18 12:18:00,UNITED KINGDOM,0
16257.0,1,2,2,2.0,1.0,25.0,25.0,2011-06-16 10:11:00,2011-06-16 10:11:00,UNITED KINGDOM,0
16258.0,5,135,111,2994.0,22.177777777777777,0.0,18.0,2011-05-04 14:33:00,2011-10-25 13:30:00,UNITED KINGDOM,173
16260.0,1,18,18,311.0,17.27777777777778,0.0,18.0,2011-10-20 09:40:00,2011-10-20 09:40:00,UNITED KINGDOM,0
16261.0,4,117,96,299.0,2.5555555555555554,0.0,18.0,2011-04-07 19:05:00,2011-11-22 17:23:00,UNITED KINGDOM,228
16265.0,9,258,167,2646.0,10.255813953488373,100.0,50.0,2010-12-10 10:21:00,2011-11-30 16:41:00,UNITED KINGDOM,355
16266.0,7,61,44,398.0,6.524590163934426,0.0,18.0,2011-05-17 14:50:00,2011-09-27 12:08:00,UNITED KINGDOM,132
16268.0,2,45,45,533.0,11.844444444444445,50.0,50.0,2011-09-29 18:30:00,2011-09-29 18:30:00,UNITED KINGDOM,0
16270.0,1,54,54,688.0,12.74074074074074,0.0,18.0,2010-12-21 14:26:00,2010-12-21 14:26:00,UNITED KINGDOM,0
16271.0,5,130,90,1024.0,7.876923076923077,15.0,15.0,2010-12-16 16:36:00,2011-12-07 12:45:00,UNITED KINGDOM,355
16272.0,1,25,25,224.0,8.96,0.0,18.0,2011-08-15 10:53:00,2011-08-15 10:54:00,UNITED KINGDOM,0
16274.0,1,65,64,153.0,2.353846153846154,0.0,18.0,2010-12-01 15:35:00,2010-12-01 15:35:00,UNITED KINGDOM,0
16275.0,1,33,33,336.0,10.181818181818182,0.0,18.0,2011-05-27 12:41:00,2011-05-27 12:41:00,UNITED KINGDOM,0
16276.0,1,6,6,420.0,70.0,0.0,18.0,2011-06-16 09:34:00,2011-06-16 09:34:00,UNITED KINGDOM,0
16278.0,1,23,23,114.0,4.956521739130435,110.0,110.0,2011-08-31 17:12:00,2011-08-31 17:12:00,UNITED KINGDOM,0
16279.0,3,106,102,1046.0,9.867924528301886,0.0,18.0,2011-06-16 11:50:00,2011-11-18 15:00:00,UNITED KINGDOM,155
16281.0,1,17,17,934.0,54.94117647058823,0.0,18.0,2011-09-28 14:57:00,2011-09-28 14:57:00,UNITED KINGDOM,0
16282.0,1,11,11,114.0,10.363636363636363,0.0,18.0,2011-01-04 11:42:00,2011-01-04 11:42:00,UNITED KINGDOM,0
16283.0,5,166,119,1236.0,7.445783132530121,0.0,18.0,2011-05-15 13:37:00,2011-12-04 12:08:00,UNITED KINGDOM,202
16284.0,2,103,87,535.0,5.194174757281553,0.0,18.0,2011-10-20 13:54:00,2011-11-08 16:12:00,UNITED KINGDOM,19
16287.0,1,8,8,298.0,37.25,0.0,18.0,2011-06-23 09:08:00,2011-06-23 09:08:00,UNITED KINGDOM,0
16292.0,1,17,17,191.0,11.235294117647058,0.0,18.0,2011-08-10 12:24:00,2011-08-10 12:24:00,UNITED KINGDOM,0
16293.0,10,118,103,982.0,8.322033898305085,0.0,18.0,2010-12-07 15:02:00,2011-11-18 09:58:00,UNITED KINGDOM,345
16295.0,4,79,70,841.0,10.645569620253164,0.0,18.0,2011-10-06 10:45:00,2011-11-30 08:17:00,UNITED KINGDOM,54
16297.0,1,20,20,206.0,10.3,0.0,18.0,2011-03-16 08:29:00,2011-03-16 08:29:00,UNITED KINGDOM,0
16298.0,3,27,22,198.0,7.333333333333333,25.0,25.0,2011-06-06 10:06:00,2011-11-17 11:59:00,UNITED KINGDOM,164
16302.0,1,11,11,158.0,14.363636363636363,0.0,18.0,2011-08-05 09:44:00,2011-08-05 09:44:00,UNITED KINGDOM,0
16303.0,3,162,119,2659.0,16.41358024691358,0.0,18.0,2011-01-10 14:16:00,2011-11-14 10:49:00,UNITED KINGDOM,307
16305.0,1,22,22,256.0,11.636363636363637,0.0,18.0,2011-07-24 12:18:00,2011-07-24 12:18:00,UNITED KINGDOM,0
16306.0,6,41,36,487.0,11.878048780487806,0.0,18.0,2010-12-07 15:18:00,2011-05-10 12:12:00,UNITED KINGDOM,153
16308.0,4,4,1,8000.0,2000.0,0.0,18.0,2011-03-23 14:46:00,2011-11-02 11:24:00,UNITED KINGDOM,223
16309.0,2,42,39,467.0,11.119047619047619,0.0,18.0,2011-04-13 11:46:00,2011-08-25 15:35:00,UNITED KINGDOM,134
16311.0,2,37,35,394.0,10.64864864864865,0.0,18.0,2011-10-21 13:13:00,2011-11-22 08:54:00,UNITED KINGDOM,31
16313.0,2,16,16,165.0,10.3125,0.0,18.0,2011-10-21 09:04:00,2011-12-06 13:02:00,UNITED KINGDOM,46
16315.0,1,14,14,75.0,5.357142857142857,0.0,18.0,2011-01-13 11:57:00,2011-01-13 11:57:00,UNITED KINGDOM,0
16316.0,8,151,122,1484.0,9.827814569536423,250.0,125.0,2010-12-16 14:26:00,2011-10-06 13:48:00,UNITED KINGDOM,293
16317.0,3,69,64,890.0,12.898550724637682,0.0,18.0,2011-02-15 14:30:00,2011-08-12 12:46:00,UNITED KINGDOM,177
16318.0,1,19,19,199.0,10.473684210526315,0.0,18.0,2011-11-04 13:05:00,2011-11-04 13:05:00,UNITED KINGDOM,0
16319.0,1,3,3,72.0,24.0,0.0,18.0,2011-05-06 11:27:00,2011-05-06 11:27:00,UNITED KINGDOM,0
16320.0,2,56,56,732.0,13.071428571428571,0.0,18.0,2011-05-10 15:31:00,2011-06-20 15:25:00,UNSPECIFIED,40
16321.0,5,12,7,135.0,11.25,0.0,18.0,2011-01-20 12:11:00,2011-09-28 14:55:00,AUSTRALIA,251
16322.0,2,37,28,231.0,6.243243243243243,0.0,18.0,2011-11-03 14:33:00,2011-12-08 15:41:00,UNITED KINGDOM,35
16323.0,1,1,1,50.0,50.0,0.0,18.0,2011-05-27 14:48:00,2011-05-27 14:48:00,UNITED KINGDOM,0
16324.0,3,111,100,270.0,2.4324324324324325,0.0,18.0,2011-06-15 14:26:00,2011-08-03 12:58:00,UNITED KINGDOM,48
16325.0,3,18,14,194.0,10.777777777777779,0.0,18.0,2011-04-08 09:20:00,2011-10-24 08:48:00,UNITED KINGDOM,198
16326.0,14,300,159,682.0,2.2733333333333334,0.0,18.0,2011-01-09 12:01:00,2011-12-04 10:11:00,UNITED KINGDOM,328
16327.0,6,317,143,2560.0,8.07570977917981,0.0,18.0,2010-12-05 12:43:00,2011-11-25 13:23:00,UNITED KINGDOM,355
16330.0,3,39,39,147.0,3.769230769230769,0.0,18.0,2011-08-19 17:08:00,2011-11-22 12:24:00,UNITED KINGDOM,94
16332.0,7,151,126,797.0,5.2781456953642385,0.0,18.0,2011-02-07 14:16:00,2011-11-11 14:22:00,UNITED KINGDOM,277
16333.0,22,45,9,32184.0,715.2,0.0,18.0,2011-02-03 10:50:00,2011-12-02 12:19:00,UNITED KINGDOM,302
16337.0,1,10,10,87.0,8.7,0.0,18.0,2011-11-03 10:03:00,2011-11-03 10:03:00,UNITED KINGDOM,0
16338.0,1,11,11,94.0,8.545454545454545,0.0,18.0,2011-07-05 13:56:00,2011-07-05 13:56:00,UNITED KINGDOM,0
16339.0,1,18,17,21.0,1.1666666666666667,0.0,18.0,2011-02-28 13:41:00,2011-02-28 13:41:00,UNITED KINGDOM,0
16340.0,1,141,124,486.0,3.4468085106382977,0.0,18.0,2011-08-24 14:53:00,2011-08-24 14:53:00,UNITED KINGDOM,0
16341.0,4,77,60,1398.0,18.155844155844157,0.0,18.0,2011-05-22 13:20:00,2011-11-15 09:12:00,UNITED KINGDOM,176
16342.0,4,15,10,157.0,10.466666666666667,0.0,18.0,2011-06-13 10:10:00,2011-09-25 14:36:00,UNITED KINGDOM,104
16343.0,2,43,29,175.0,4.069767441860465,0.0,18.0,2011-11-23 17:43:00,2011-11-23 17:45:00,UNITED KINGDOM,0
16344.0,1,2,1,18.0,9.0,0.0,18.0,2011-07-04 15:50:00,2011-07-04 15:50:00,UNITED KINGDOM,0
16345.0,1,37,35,288.0,7.783783783783784,50.0,50.0,2011-10-26 16:03:00,2011-10-26 16:03:00,UNITED KINGDOM,0
16347.0,2,85,61,341.0,4.011764705882353,50.0,25.0,2011-11-03 13:01:00,2011-11-28 13:14:00,UNITED KINGDOM,25
16348.0,7,222,158,805.0,3.626126126126126,0.0,18.0,2011-04-13 15:49:00,2011-11-07 15:44:00,UNITED KINGDOM,207
16349.0,1,9,9,9.0,1.0,0.0,18.0,2011-02-22 12:40:00,2011-02-22 12:40:00,UNITED KINGDOM,0
16350.0,4,57,41,545.0,9.56140350877193,0.0,18.0,2011-01-10 09:44:00,2011-11-18 15:53:00,UNITED KINGDOM,312
16351.0,1,8,8,90.0,11.25,0.0,18.0,2011-01-11 10:26:00,2011-01-11 10:26:00,UNITED KINGDOM,0
16352.0,2,28,28,300.0,10.714285714285714,0.0,18.0,2011-11-02 08:44:00,2011-11-22 10:32:00,UNITED KINGDOM,20
16353.0,23,94,51,2006.0,21.340425531914892,0.0,18.0,2010-12-05 12:09:00,2011-12-06 12:23:00,UNITED KINGDOM,366
16354.0,2,39,38,150.0,3.8461538461538463,0.0,18.0,2011-09-27 16:28:00,2011-10-07 14:28:00,UNITED KINGDOM,9
16356.0,3,31,20,93.0,3.0,0.0,18.0,2011-03-07 12:31:00,2011-05-26 11:51:00,UNITED KINGDOM,79
16357.0,3,34,31,246.0,7.235294117647059,0.0,18.0,2011-05-10 10:35:00,2011-11-06 16:04:00,UNITED KINGDOM,180
16358.0,4,109,83,1302.0,11.944954128440367,0.0,18.0,2011-06-08 15:05:00,2011-12-08 15:09:00,UNITED KINGDOM,183
16359.0,9,66,39,1183.0,17.924242424242426,250.0,125.0,2011-01-12 10:49:00,2011-12-02 17:04:00,UNITED KINGDOM,324
16360.0,6,636,365,2110.0,3.3176100628930816,0.0,18.0,2011-09-12 13:50:00,2011-12-05 12:16:00,UNITED KINGDOM,83
16361.0,4,104,87,418.0,4.019230769230769,0.0,18.0,2011-09-29 13:13:00,2011-11-30 12:32:00,UNITED KINGDOM,61
16362.0,5,77,58,340.0,4.415584415584416,0.0,18.0,2011-09-09 14:47:00,2011-11-07 13:01:00,UNITED KINGDOM,58
16363.0,1,5,5,52.0,10.4,0.0,18.0,2011-10-17 14:14:00,2011-10-17 14:14:00,UNITED KINGDOM,0
16364.0,2,52,48,279.0,5.365384615384615,0.0,18.0,2011-07-25 14:35:00,2011-11-28 11:27:00,UNITED KINGDOM,125
16365.0,9,51,46,504.0,9.882352941176471,0.0,18.0,2010-12-07 17:19:00,2011-11-22 11:24:00,UNITED KINGDOM,349
16366.0,1,18,18,256.0,14.222222222222221,0.0,18.0,2011-11-21 08:19:00,2011-11-21 08:19:00,UNITED KINGDOM,0
16367.0,2,127,123,643.0,5.062992125984252,0.0,18.0,2010-12-12 12:01:00,2011-11-02 13:13:00,UNITED KINGDOM,325
16368.0,2,69,58,251.0,3.63768115942029,0.0,18.0,2011-11-11 15:08:00,2011-12-07 13:12:00,UNITED KINGDOM,25
16369.0,3,117,91,1030.0,8.803418803418804,0.0,18.0,2011-05-27 09:39:00,2011-11-21 16:25:00,UNITED KINGDOM,178
16370.0,4,221,143,640.0,2.8959276018099547,0.0,18.0,2011-04-28 16:40:00,2011-09-18 15:55:00,UNITED KINGDOM,142
16372.0,2,92,86,158.0,1.7173913043478262,0.0,18.0,2011-11-06 12:50:00,2011-11-06 13:08:00,UNITED KINGDOM,0
16374.0,2,109,101,237.0,2.1743119266055047,0.0,18.0,2011-03-22 13:46:00,2011-10-04 15:21:00,UNITED KINGDOM,196
16376.0,2,122,104,691.0,5.663934426229508,0.0,18.0,2011-11-22 16:47:00,2011-12-01 11:38:00,UNITED KINGDOM,8
16377.0,1,5,5,1500.0,300.0,0.0,18.0,2011-03-17 15:41:00,2011-03-17 15:41:00,UNITED KINGDOM,0
16378.0,3,23,22,267.0,11.608695652173912,0.0,18.0,2011-02-02 12:42:00,2011-04-06 15:07:00,UNITED KINGDOM,63
16379.0,4,108,87,1410.0,13.055555555555555,0.0,18.0,2011-09-22 09:33:00,2011-12-05 15:38:00,UNITED KINGDOM,74
16380.0,1,31,28,1428.0,46.064516129032256,0.0,18.0,2011-10-09 15:40:00,2011-10-09 15:40:00,UNITED KINGDOM,0
16383.0,2,98,80,467.0,4.76530612244898,0.0,18.0,2011-03-16 13:00:00,2011-09-26 12:45:00,UNITED KINGDOM,193
16384.0,2,33,33,260.0,7.878787878787879,0.0,18.0,2011-03-21 10:13:00,2011-09-11 11:19:00,UNITED KINGDOM,174
16385.0,3,57,52,258.0,4.526315789473684,0.0,18.0,2010-12-08 12:56:00,2011-10-10 13:12:00,UNITED KINGDOM,306
16386.0,2,81,76,205.0,2.5308641975308643,0.0,18.0,2011-03-31 12:19:00,2011-11-11 12:28:00,UNITED KINGDOM,225
16387.0,1,4,4,44.0,11.0,0.0,18.0,2011-01-21 11:34:00,2011-01-21 11:34:00,UNITED KINGDOM,0
16389.0,4,34,33,1242.0,36.529411764705884,15.0,15.0,2011-03-01 15:47:00,2011-10-17 14:41:00,UNITED KINGDOM,229
16392.0,1,43,41,201.0,4.674418604651163,0.0,18.0,2011-03-15 12:11:00,2011-03-15 12:11:00,UNITED KINGDOM,0
16393.0,13,327,124,1573.0,4.81039755351682,0.0,18.0,2010-12-05 13:10:00,2011-12-07 12:51:00,UNITED KINGDOM,366
16394.0,5,83,62,2604.0,31.373493975903614,0.0,18.0,2011-02-23 10:58:00,2011-10-14 09:48:00,UNITED KINGDOM,232
16395.0,5,206,152,1472.0,7.145631067961165,0.0,18.0,2011-01-13 12:10:00,2011-10-10 12:50:00,UNITED KINGDOM,270
16398.0,2,82,76,758.0,9.24390243902439,0.0,18.0,2011-03-31 09:38:00,2011-07-08 15:16:00,UNITED KINGDOM,99
16399.0,2,72,68,263.0,3.6527777777777777,25.0,25.0,2011-04-18 13:46:00,2011-11-20 16:12:00,UNITED KINGDOM,216
16400.0,1,29,28,172.0,5.931034482758621,0.0,18.0,2011-09-06 12:27:00,2011-09-06 12:27:00,UNITED KINGDOM,0
16401.0,12,186,69,3882.0,20.870967741935484,0.0,18.0,2011-01-16 10:56:00,2011-12-08 18:15:00,UNITED KINGDOM,326
16402.0,2,57,55,146.0,2.56140350877193,0.0,18.0,2010-12-05 13:42:00,2011-03-20 12:25:00,UNITED KINGDOM,104
16403.0,1,10,10,114.0,11.4,0.0,18.0,2011-01-31 13:39:00,2011-01-31 13:39:00,UNITED KINGDOM,0
16404.0,1,23,23,157.0,6.826086956521739,0.0,18.0,2011-09-30 14:55:00,2011-09-30 14:55:00,UNITED KINGDOM,0
16405.0,2,5,3,187.0,37.4,0.0,18.0,2011-02-02 17:08:00,2011-02-10 15:24:00,UNITED KINGDOM,7
16406.0,1,59,55,117.0,1.9830508474576272,0.0,0.0,2011-11-21 11:57:00,2011-11-21 11:57:00,UNITED KINGDOM,0
16407.0,10,168,100,1093.0,6.505952380952381,0.0,18.0,2011-01-31 14:02:00,2011-11-27 11:05:00,UNITED KINGDOM,299
16409.0,5,231,147,1304.0,5.645021645021645,0.0,18.0,2011-01-26 14:51:00,2011-11-03 16:45:00,UNITED KINGDOM,281
16411.0,2,44,41,131.0,2.977272727272727,0.0,18.0,2010-12-05 13:26:00,2011-11-20 13:23:00,UNITED KINGDOM,349
16412.0,1,30,25,63.0,2.1,0.0,18.0,2011-10-17 12:35:00,2011-10-17 12:35:00,UNITED KINGDOM,0
16413.0,1,31,30,148.0,4.774193548387097,0.0,18.0,2011-10-14 12:08:00,2011-10-14 12:08:00,UNITED KINGDOM,0
16414.0,2,7,5,27.0,3.857142857142857,0.0,18.0,2011-03-04 13:27:00,2011-11-18 09:42:00,UNITED KINGDOM,258
16415.0,1,47,45,178.0,3.7872340425531914,0.0,18.0,2011-10-26 13:35:00,2011-10-26 13:35:00,UNITED KINGDOM,0
16416.0,3,71,59,672.0,9.464788732394366,0.0,18.0,2011-10-14 13:35:00,2011-11-13 12:50:00,UNITED KINGDOM,29
16418.0,3,95,76,280.0,2.9473684210526314,0.0,18.0,2011-04-27 16:54:00,2011-10-26 12:39:00,UNITED KINGDOM,181
16419.0,6,50,36,428.0,8.56,0.0,18.0,2011-02-01 12:25:00,2011-08-19 12:33:00,UNITED KINGDOM,199
16422.0,51,369,69,33704.0,91.33875338753387,0.0,18.0,2010-12-05 15:35:00,2011-11-22 14:00:00,UNITED KINGDOM,351
16423.0,1,18,18,230.0,12.777777777777779,0.0,18.0,2011-11-15 09:21:00,2011-11-15 09:21:00,UNITED KINGDOM,0
16424.0,1,5,5,88.0,17.6,0.0,18.0,2011-06-01 13:40:00,2011-06-01 13:40:00,UNITED KINGDOM,0
16425.0,1,21,21,199.0,9.476190476190476,0.0,18.0,2011-02-10 14:30:00,2011-02-10 14:30:00,UNITED KINGDOM,0
16426.0,10,352,211,1214.0,3.4488636363636362,0.0,18.0,2011-03-08 15:45:00,2011-12-07 14:01:00,UNITED KINGDOM,273
16427.0,2,9,8,156.0,17.333333333333332,0.0,18.0,2011-02-28 15:18:00,2011-03-21 17:10:00,UNITED KINGDOM,21
16429.0,1,2,2,9.0,4.5,0.0,18.0,2011-08-25 13:54:00,2011-08-25 13:54:00,UNITED KINGDOM,0
16430.0,1,6,6,103.0,17.166666666666668,0.0,18.0,2011-10-13 14:47:00,2011-10-13 14:47:00,UNITED KINGDOM,0
16431.0,3,76,51,442.0,5.815789473684211,0.0,18.0,2011-02-15 14:02:00,2011-05-10 14:09:00,UNITED KINGDOM,84
16432.0,1,8,8,276.0,34.5,0.0,18.0,2011-10-06 13:59:00,2011-10-06 13:59:00,UNITED KINGDOM,0
16433.0,1,17,17,106.0,6.235294117647059,0.0,18.0,2011-11-11 14:09:00,2011-11-11 14:09:00,UNITED KINGDOM,0
16434.0,7,107,88,760.0,7.102803738317757,0.0,18.0,2011-02-13 12:17:00,2011-11-10 14:28:00,UNITED KINGDOM,270
16438.0,5,132,73,463.0,3.507575757575758,0.0,18.0,2011-09-18 13:31:00,2011-12-04 10:51:00,UNITED KINGDOM,76
16440.0,5,282,187,2018.0,7.156028368794326,0.0,18.0,2011-05-09 12:25:00,2011-12-02 12:02:00,UNITED KINGDOM,206
16441.0,2,24,22,173.0,7.208333333333333,0.0,18.0,2011-02-21 17:35:00,2011-10-03 17:48:00,UNITED KINGDOM,224
16442.0,3,171,161,443.0,2.590643274853801,0.0,18.0,2010-12-14 10:46:00,2011-12-08 11:43:00,UNITED KINGDOM,359
16444.0,4,84,69,407.0,4.845238095238095,0.0,18.0,2011-03-20 12:14:00,2011-10-24 13:50:00,UNITED KINGDOM,218
16445.0,1,63,62,111.0,1.7619047619047619,0.0,18.0,2011-11-06 12:32:00,2011-11-06 12:32:00,UNITED KINGDOM,0
16446.0,2,3,3,80997.0,26999.0,0.0,18.0,2011-05-18 09:52:00,2011-12-09 09:15:00,UNITED KINGDOM,204
16447.0,1,34,34,221.0,6.5,0.0,18.0,2011-07-27 12:45:00,2011-07-27 12:45:00,UNITED KINGDOM,0
16448.0,1,19,19,76.0,4.0,0.0,18.0,2011-05-25 16:28:00,2011-05-25 16:28:00,UNITED KINGDOM,0
16449.0,2,40,40,367.0,9.175,0.0,18.0,2011-03-04 12:15:00,2011-05-26 10:25:00,UNITED KINGDOM,82
16450.0,1,11,11,200.0,18.181818181818183,0.0,18.0,2011-07-13 11:47:00,2011-07-13 11:47:00,UNITED KINGDOM,0
16451.0,1,14,14,120.0,8.571428571428571,0.0,18.0,2011-09-13 09:17:00,2011-09-13 09:17:00,UNITED KINGDOM,0
16454.0,2,2,2,3.0,1.5,1.0,1.0,2011-10-06 16:57:00,2011-10-26 11:40:00,UNITED KINGDOM,19
16455.0,7,99,69,988.0,9.97979797979798,0.0,18.0,2010-12-03 16:44:00,2011-10-07 12:17:00,UNITED KINGDOM,307
16456.0,5,110,82,1147.0,10.427272727272728,0.0,18.0,2010-12-01 14:11:00,2011-09-01 13:50:00,UNITED KINGDOM,273
16457.0,1,9,9,140.0,15.555555555555555,0.0,18.0,2011-05-05 13:19:00,2011-05-05 13:19:00,UNITED KINGDOM,0
16458.0,18,202,53,2154.0,10.663366336633663,0.0,18.0,2010-12-14 11:51:00,2011-12-07 09:34:00,UNITED KINGDOM,357
16460.0,3,132,128,876.0,6.636363636363637,0.0,18.0,2011-09-19 10:15:00,2011-11-11 13:46:00,UNITED KINGDOM,53
16461.0,1,32,31,48.0,1.5,0.0,18.0,2011-06-15 12:07:00,2011-06-15 12:07:00,UNITED KINGDOM,0
16462.0,3,3,1,16.0,5.333333333333333,0.0,18.0,2011-03-01 08:58:00,2011-09-27 10:24:00,UNITED KINGDOM,210
16463.0,4,82,74,1163.0,14.182926829268293,0.0,18.0,2011-05-19 14:45:00,2011-11-18 14:01:00,UNITED KINGDOM,182
16464.0,3,230,152,952.0,4.139130434782609,0.0,18.0,2011-07-20 13:53:00,2011-11-20 12:11:00,UNITED KINGDOM,122
16466.0,7,146,103,785.0,5.376712328767123,0.0,18.0,2011-02-20 11:39:00,2011-11-06 11:35:00,UNITED KINGDOM,258
16468.0,1,2,2,31.0,15.5,0.0,18.0,2011-09-26 14:13:00,2011-09-26 14:13:00,UNITED KINGDOM,0
16469.0,4,171,148,260.0,1.5204678362573099,0.0,18.0,2011-04-07 13:11:00,2011-11-16 12:25:00,UNITED KINGDOM,222
16470.0,4,164,120,522.0,3.182926829268293,0.0,18.0,2010-12-16 11:53:00,2011-10-19 12:11:00,UNITED KINGDOM,307
16471.0,1,13,13,141.0,10.846153846153847,0.0,18.0,2011-03-10 09:41:00,2011-03-10 09:41:00,UNITED KINGDOM,0
16473.0,3,18,18,196.0,10.88888888888889,0.0,18.0,2011-01-07 10:55:00,2011-06-28 09:10:00,UNITED KINGDOM,171
16474.0,7,337,237,909.0,2.6973293768545994,0.0,18.0,2011-07-17 14:51:00,2011-12-02 13:02:00,UNITED KINGDOM,137
16475.0,4,28,23,319.0,11.392857142857142,85.0,85.0,2011-03-11 09:39:00,2011-09-12 14:37:00,UNITED KINGDOM,185
16477.0,7,146,111,1415.0,9.691780821917808,0.0,18.0,2010-12-03 12:48:00,2011-10-07 09:44:00,UNITED KINGDOM,307
16478.0,3,17,15,224.0,13.176470588235293,0.0,18.0,2011-10-05 12:02:00,2011-11-14 15:51:00,UNITED KINGDOM,40
16479.0,2,35,34,102.0,2.914285714285714,0.0,18.0,2011-11-29 13:04:00,2011-11-29 13:40:00,UNITED KINGDOM,0
16480.0,1,53,51,455.0,8.584905660377359,0.0,18.0,2011-09-25 11:40:00,2011-09-25 11:40:00,UNITED KINGDOM,0
16482.0,1,18,18,346.0,19.22222222222222,0.0,18.0,2011-11-24 12:33:00,2011-11-24 12:33:00,UNITED KINGDOM,0
16483.0,1,19,19,44.0,2.3157894736842106,0.0,18.0,2011-05-31 13:08:00,2011-05-31 13:08:00,UNITED KINGDOM,0
16484.0,2,25,25,200.0,8.0,15.0,15.0,2011-06-02 10:39:00,2011-06-19 12:06:00,UNITED KINGDOM,17
16485.0,1,42,41,235.0,5.595238095238095,0.0,18.0,2011-09-23 15:50:00,2011-09-23 15:50:00,UNITED KINGDOM,0
16488.0,3,29,28,728.0,25.103448275862068,0.0,18.0,2011-07-14 11:46:00,2011-11-06 13:42:00,UNITED KINGDOM,115
16491.0,1,39,39,478.0,12.256410256410257,0.0,18.0,2011-10-24 10:18:00,2011-10-24 10:18:00,UNITED KINGDOM,0
16493.0,4,56,40,1164.0,20.785714285714285,0.0,18.0,2011-01-14 08:16:00,2011-09-21 11:10:00,UNITED KINGDOM,250
16494.0,1,50,47,675.0,13.5,0.0,18.0,2011-02-16 12:49:00,2011-02-16 12:49:00,UNITED KINGDOM,0
16495.0,3,88,78,328.0,3.727272727272727,0.0,18.0,2011-03-08 16:38:00,2011-12-06 13:20:00,UNITED KINGDOM,272
16496.0,3,95,92,1111.0,11.694736842105263,0.0,18.0,2011-01-27 09:42:00,2011-12-01 10:31:00,UNITED KINGDOM,308
16497.0,6,136,128,1396.0,10.264705882352942,0.0,18.0,2011-01-10 13:20:00,2011-10-21 10:55:00,UNITED KINGDOM,283
16498.0,2,15,15,45.0,3.0,0.0,18.0,2011-06-30 19:52:00,2011-07-01 15:07:00,UNITED KINGDOM,0
16499.0,2,19,18,127.0,6.684210526315789,0.0,18.0,2010-12-10 10:27:00,2010-12-14 13:31:00,UNITED KINGDOM,4
16500.0,6,11,8,123.0,11.181818181818182,165.0,165.0,2011-01-13 10:28:00,2011-12-05 12:04:00,UNITED KINGDOM,326
16503.0,4,84,72,569.0,6.773809523809524,0.0,18.0,2010-12-14 13:50:00,2011-08-25 11:46:00,UNITED KINGDOM,253
16504.0,1,83,76,510.0,6.144578313253012,0.0,18.0,2011-11-14 15:18:00,2011-11-14 15:18:00,UNITED KINGDOM,0
16505.0,1,4,4,576.0,144.0,0.0,18.0,2011-11-08 12:14:00,2011-11-08 12:14:00,UNITED KINGDOM,0
16506.0,2,3,3,42.0,14.0,0.0,18.0,2011-10-30 15:50:00,2011-11-20 12:17:00,UNITED KINGDOM,20
16509.0,1,13,13,64.0,4.923076923076923,0.0,18.0,2011-02-16 09:25:00,2011-02-16 09:25:00,UNITED KINGDOM,0
16510.0,1,13,13,92.0,7.076923076923077,0.0,18.0,2010-12-02 13:39:00,2010-12-02 13:39:00,UNITED KINGDOM,0
16511.0,3,159,135,405.0,2.547169811320755,0.0,18.0,2011-03-18 11:24:00,2011-11-18 10:41:00,UNITED KINGDOM,244
16513.0,4,35,33,407.0,11.628571428571428,0.0,18.0,2011-10-27 14:56:00,2011-12-05 10:18:00,UNITED KINGDOM,38
16515.0,5,111,89,826.0,7.441441441441442,0.0,18.0,2011-02-01 13:09:00,2011-10-18 13:10:00,UNITED KINGDOM,259
16516.0,1,6,6,58.0,9.666666666666666,0.0,18.0,2011-11-09 14:59:00,2011-11-09 14:59:00,UNITED KINGDOM,0
16517.0,1,17,17,96.0,5.647058823529412,0.0,18.0,2011-03-07 13:50:00,2011-03-07 13:50:00,UNITED KINGDOM,0
16518.0,2,40,36,327.0,8.175,0.0,18.0,2011-02-28 16:36:00,2011-10-09 15:04:00,UNITED KINGDOM,222
16519.0,2,13,13,54.0,4.153846153846154,0.0,18.0,2010-12-09 14:08:00,2011-11-14 15:41:00,UNITED KINGDOM,340
16520.0,3,156,129,558.0,3.576923076923077,0.0,18.0,2010-12-09 13:08:00,2011-06-06 13:24:00,UNITED KINGDOM,179
16523.0,21,289,154,4257.0,14.730103806228374,0.0,18.0,2011-01-28 12:06:00,2011-12-08 09:06:00,UNITED KINGDOM,313
16525.0,26,183,75,7397.0,40.4207650273224,0.0,18.0,2010-12-08 11:31:00,2011-12-07 15:07:00,UNITED KINGDOM,364
16526.0,1,15,15,106.0,7.066666666666666,0.0,18.0,2011-06-21 12:02:00,2011-06-21 12:02:00,UNITED KINGDOM,0
16527.0,1,14,14,106.0,7.571428571428571,0.0,18.0,2011-09-19 16:21:00,2011-09-19 16:21:00,UNITED KINGDOM,0
16528.0,1,17,17,171.0,10.058823529411764,0.0,18.0,2011-12-06 12:45:00,2011-12-06 12:45:00,UNITED KINGDOM,0
16529.0,1,30,30,198.0,6.6,0.0,18.0,2011-06-02 17:23:00,2011-06-02 17:23:00,UNITED KINGDOM,0
16531.0,7,77,68,915.0,11.883116883116884,0.0,18.0,2010-12-14 13:19:00,2011-11-17 16:29:00,UNITED KINGDOM,338
16532.0,3,4,2,2016.0,504.0,0.0,18.0,2011-01-05 12:37:00,2011-11-22 11:08:00,UNITED KINGDOM,320
16533.0,3,176,112,611.0,3.471590909090909,0.0,18.0,2011-10-02 15:07:00,2011-11-20 13:08:00,UNITED KINGDOM,48
16535.0,1,31,31,356.0,11.483870967741936,0.0,18.0,2011-12-04 15:18:00,2011-12-04 15:18:00,UNITED KINGDOM,0
16536.0,1,54,48,250.0,4.62962962962963,0.0,18.0,2011-08-21 15:54:00,2011-08-21 15:54:00,UNITED KINGDOM,0
16539.0,4,45,36,477.0,10.6,0.0,18.0,2010-12-01 15:40:00,2011-12-07 08:41:00,UNITED KINGDOM,370
16542.0,1,5,5,46.0,9.2,0.0,18.0,2011-10-17 10:47:00,2011-10-17 10:47:00,UNITED KINGDOM,0
16545.0,1,3,3,78.0,26.0,0.0,18.0,2011-06-28 10:37:00,2011-06-28 10:37:00,UNITED KINGDOM,0
16546.0,2,25,25,549.0,21.96,0.0,18.0,2010-12-02 12:07:00,2011-02-22 11:20:00,UNITED KINGDOM,81
16549.0,10,925,449,2294.0,2.48,0.0,18.0,2011-01-09 14:03:00,2011-11-29 15:06:00,UNITED KINGDOM,324
16550.0,5,251,163,1540.0,6.135458167330677,0.0,18.0,2010-12-06 13:53:00,2011-08-23 11:12:00,UNITED KINGDOM,259
16551.0,3,32,26,970.0,30.3125,0.0,18.0,2011-01-07 10:24:00,2011-09-05 09:38:00,UNITED KINGDOM,240
16552.0,2,17,17,219.0,12.882352941176471,0.0,18.0,2010-12-01 12:36:00,2011-04-11 10:04:00,UNITED KINGDOM,130
16553.0,12,84,62,4600.0,54.76190476190476,0.0,18.0,2010-12-14 13:58:00,2011-06-29 15:42:00,UNITED KINGDOM,197
16554.0,3,52,51,402.0,7.730769230769231,0.0,18.0,2011-01-12 12:41:00,2011-10-28 14:51:00,UNITED KINGDOM,289
16555.0,2,17,15,175.0,10.294117647058824,0.0,18.0,2011-08-22 12:32:00,2011-11-04 14:31:00,UNITED KINGDOM,74
16556.0,7,207,145,1890.0,9.130434782608695,0.0,18.0,2010-12-14 13:32:00,2011-10-04 11:36:00,UNITED KINGDOM,293
16557.0,2,11,11,111.0,10.090909090909092,0.0,18.0,2011-07-25 13:28:00,2011-11-15 14:04:00,UNITED KINGDOM,113
16558.0,20,460,265,5377.0,11.689130434782609,0.0,18.0,2010-12-08 12:01:00,2011-12-09 10:20:00,UNITED KINGDOM,365
16560.0,2,57,53,504.0,8.842105263157896,25.0,12.5,2010-12-16 14:36:00,2011-11-13 10:35:00,UNITED KINGDOM,331
16561.0,2,31,29,244.0,7.870967741935484,0.0,18.0,2011-10-11 09:53:00,2011-12-04 11:50:00,UNITED KINGDOM,54
16563.0,1,19,19,486.0,25.57894736842105,0.0,18.0,2011-10-17 11:51:00,2011-10-17 11:51:00,UNITED KINGDOM,0
16565.0,1,3,3,46.0,15.333333333333334,0.0,18.0,2010-12-10 15:21:00,2010-12-10 15:21:00,UNITED KINGDOM,0
16566.0,5,18,14,362.0,20.11111111111111,0.0,18.0,2011-02-20 10:29:00,2011-11-24 16:34:00,UNITED KINGDOM,277
16567.0,2,35,34,996.0,28.457142857142856,0.0,18.0,2011-01-07 09:31:00,2011-05-29 13:57:00,UNITED KINGDOM,142
16569.0,1,5,5,93.0,18.6,0.0,18.0,2011-12-06 15:32:00,2011-12-06 15:32:00,UNITED KINGDOM,0
16570.0,10,126,70,2112.0,16.761904761904763,0.0,18.0,2011-02-01 10:37:00,2011-11-24 17:02:00,UNITED KINGDOM,296
16571.0,3,87,74,1239.0,14.241379310344827,0.0,18.0,2011-03-03 09:41:00,2011-11-13 11:46:00,UNITED KINGDOM,255
16572.0,3,57,40,532.0,9.333333333333334,0.0,18.0,2011-03-09 12:04:00,2011-08-04 16:34:00,UNITED KINGDOM,148
16573.0,2,42,40,360.0,8.571428571428571,0.0,18.0,2011-02-22 15:14:00,2011-09-16 09:13:00,UNITED KINGDOM,205
16574.0,1,28,28,416.0,14.857142857142858,0.0,18.0,2011-09-29 13:39:00,2011-09-29 13:39:00,UNITED KINGDOM,0
16581.0,1,9,9,134.0,14.88888888888889,0.0,18.0,2011-06-10 10:05:00,2011-06-10 10:05:00,UNITED KINGDOM,0
16582.0,1,6,6,164.0,27.333333333333332,0.0,18.0,2011-08-18 17:02:00,2011-08-18 17:02:00,UNITED KINGDOM,0
16583.0,1,14,14,111.0,7.928571428571429,0.0,18.0,2010-12-01 12:03:00,2010-12-01 12:03:00,UNITED KINGDOM,0
16584.0,2,28,25,646.0,23.071428571428573,0.0,18.0,2011-03-30 13:14:00,2011-09-20 13:45:00,UNITED KINGDOM,174
16586.0,1,8,8,95.0,11.875,0.0,18.0,2011-04-05 09:32:00,2011-04-05 09:32:00,UNITED KINGDOM,0
16587.0,1,13,13,71.0,5.461538461538462,0.0,18.0,2011-04-21 15:51:00,2011-04-21 15:51:00,UNITED KINGDOM,0
16589.0,3,33,31,368.0,11.151515151515152,0.0,18.0,2011-07-01 13:31:00,2011-09-29 14:50:00,UNITED KINGDOM,90
16591.0,1,10,10,41.0,4.1,0.0,18.0,2011-10-02 10:43:00,2011-10-02 10:43:00,UNITED KINGDOM,0
16592.0,16,216,144,2927.0,13.550925925925926,0.0,18.0,2011-02-25 10:19:00,2011-12-05 13:49:00,UNITED KINGDOM,283
16593.0,3,27,24,116.0,4.296296296296297,0.0,18.0,2011-01-16 12:11:00,2011-10-20 12:41:00,UNITED KINGDOM,277
16594.0,1,53,53,64.0,1.2075471698113207,0.0,18.0,2011-09-25 14:08:00,2011-09-25 14:08:00,UNITED KINGDOM,0
16595.0,1,85,83,335.0,3.9411764705882355,0.0,18.0,2011-10-09 13:15:00,2011-10-09 13:15:00,UNITED KINGDOM,0
16596.0,2,12,12,97.0,8.083333333333334,0.0,18.0,2010-12-08 16:18:00,2011-11-24 10:02:00,UNITED KINGDOM,350
16597.0,1,7,7,184.0,26.285714285714285,0.0,18.0,2011-12-05 15:44:00,2011-12-05 15:44:00,UNITED KINGDOM,0
16598.0,1,10,10,73.0,7.3,0.0,18.0,2011-02-27 11:42:00,2011-02-27 11:42:00,UNITED KINGDOM,0
16600.0,6,62,50,1145.0,18.467741935483872,0.0,18.0,2011-01-05 12:13:00,2011-12-05 16:00:00,UNITED KINGDOM,334
16601.0,1,30,29,133.0,4.433333333333334,0.0,18.0,2011-10-30 11:09:00,2011-10-30 11:09:00,UNITED KINGDOM,0
16602.0,1,29,29,336.0,11.586206896551724,0.0,18.0,2011-11-03 15:54:00,2011-11-03 15:54:00,UNITED KINGDOM,0
16603.0,2,34,34,480.0,14.117647058823529,0.0,18.0,2011-09-09 13:02:00,2011-09-26 10:06:00,UNITED KINGDOM,16
16607.0,14,172,140,2859.0,16.622093023255815,420.0,210.0,2010-12-16 08:41:00,2011-11-22 10:24:00,UNITED KINGDOM,341
16609.0,7,276,158,2420.0,8.768115942028986,0.0,18.0,2011-04-01 10:11:00,2011-11-24 13:32:00,UNITED KINGDOM,237
16610.0,1,6,6,66.0,11.0,0.0,18.0,2011-05-04 13:13:00,2011-05-04 13:13:00,UNITED KINGDOM,0
16611.0,1,10,9,47.0,4.7,0.0,18.0,2011-06-06 15:46:00,2011-06-06 15:46:00,UNITED KINGDOM,0
16612.0,4,66,48,506.0,7.666666666666667,0.0,18.0,2011-02-01 10:38:00,2011-11-07 07:38:00,UNITED KINGDOM,278
16613.0,1,30,30,293.0,9.766666666666667,0.0,18.0,2011-09-30 15:52:00,2011-09-30 15:52:00,UNITED KINGDOM,0
16614.0,1,26,26,223.0,8.576923076923077,0.0,18.0,2011-06-10 11:36:00,2011-06-10 11:36:00,UNITED KINGDOM,0
16616.0,2,33,31,370.0,11.212121212121213,0.0,18.0,2011-07-05 13:38:00,2011-11-24 16:31:00,UNITED KINGDOM,142
16617.0,1,5,5,91.0,18.2,0.0,18.0,2011-04-18 10:35:00,2011-04-18 10:35:00,UNITED KINGDOM,0
16618.0,5,96,79,1363.0,14.197916666666666,0.0,18.0,2011-01-21 11:55:00,2011-11-08 13:52:00,UNITED KINGDOM,291
16619.0,1,14,14,133.0,9.5,0.0,18.0,2011-03-21 08:18:00,2011-03-21 08:18:00,UNITED KINGDOM,0
16620.0,2,9,9,88.0,9.777777777777779,0.0,18.0,2011-03-24 10:37:00,2011-12-06 12:19:00,UNITED KINGDOM,257
16621.0,4,29,22,302.0,10.413793103448276,0.0,18.0,2011-03-07 11:32:00,2011-10-19 11:38:00,UNITED KINGDOM,226
16623.0,1,5,5,39.0,7.8,0.0,18.0,2011-04-08 10:09:00,2011-04-08 10:09:00,UNITED KINGDOM,0
16624.0,2,48,44,488.0,10.166666666666666,0.0,18.0,2011-05-26 14:20:00,2011-09-20 12:39:00,UNITED KINGDOM,116
16625.0,1,23,23,164.0,7.130434782608695,0.0,18.0,2011-03-10 12:50:00,2011-03-10 12:50:00,UNITED KINGDOM,0
16626.0,17,179,87,2690.0,15.027932960893855,0.0,18.0,2011-03-18 12:27:00,2011-12-09 11:56:00,UNITED KINGDOM,265
16627.0,1,20,20,162.0,8.1,0.0,18.0,2011-09-21 14:38:00,2011-09-21 14:38:00,UNITED KINGDOM,0
16628.0,5,117,79,1205.0,10.2991452991453,0.0,18.0,2011-04-19 08:55:00,2011-11-10 12:45:00,UNITED KINGDOM,205
16629.0,2,60,58,489.0,8.15,0.0,18.0,2011-09-04 16:12:00,2011-09-27 10:34:00,UNITED KINGDOM,22
16633.0,6,152,115,1138.0,7.4868421052631575,15.0,15.0,2011-04-19 14:36:00,2011-11-22 13:41:00,UNITED KINGDOM,216
16634.0,2,9,9,82.0,9.11111111111111,0.0,18.0,2010-12-02 17:41:00,2011-05-01 12:09:00,UNITED KINGDOM,149
16637.0,4,69,66,927.0,13.434782608695652,0.0,18.0,2011-04-28 10:20:00,2011-11-07 13:17:00,UNITED KINGDOM,193
16638.0,10,94,92,1255.0,13.351063829787234,0.0,18.0,2010-12-06 10:19:00,2011-11-17 11:09:00,UNITED KINGDOM,346
16639.0,3,50,48,510.0,10.2,0.0,18.0,2011-04-18 09:31:00,2011-11-08 13:20:00,UNITED KINGDOM,204
16641.0,1,12,12,256.0,21.333333333333332,0.0,18.0,2011-08-26 12:49:00,2011-08-26 12:49:00,UNITED KINGDOM,0
16642.0,2,34,32,479.0,14.088235294117647,0.0,18.0,2011-05-16 12:35:00,2011-12-05 11:31:00,UNITED KINGDOM,202
16643.0,1,27,27,269.0,9.962962962962964,0.0,18.0,2011-04-08 08:24:00,2011-04-08 08:24:00,UNITED KINGDOM,0
16644.0,2,62,62,826.0,13.32258064516129,0.0,18.0,2011-05-11 12:53:00,2011-06-15 12:39:00,UNITED KINGDOM,34
16647.0,2,14,12,146.0,10.428571428571429,0.0,18.0,2011-05-19 09:31:00,2011-06-23 11:47:00,UNITED KINGDOM,35
16648.0,1,19,19,281.0,14.789473684210526,0.0,18.0,2011-10-28 08:58:00,2011-10-28 08:58:00,UNITED KINGDOM,0
16650.0,1,24,24,372.0,15.5,0.0,18.0,2011-09-29 09:51:00,2011-09-29 09:51:00,UNITED KINGDOM,0
16652.0,7,118,74,3283.0,27.822033898305083,0.0,18.0,2011-03-11 13:13:00,2011-10-12 09:38:00,UNITED KINGDOM,214
16653.0,2,69,67,733.0,10.623188405797102,0.0,18.0,2011-09-29 13:38:00,2011-11-23 14:51:00,UNITED KINGDOM,55
16654.0,4,29,29,282.0,9.724137931034482,0.0,18.0,2010-12-06 15:09:00,2011-07-21 15:23:00,UNITED KINGDOM,227
16655.0,6,258,208,2363.0,9.15891472868217,0.0,18.0,2011-01-12 10:16:00,2011-11-22 11:25:00,UNITED KINGDOM,314
16656.0,15,73,14,8894.0,121.83561643835617,0.0,18.0,2010-12-10 11:23:00,2011-11-17 14:43:00,UNITED KINGDOM,342
16657.0,4,192,158,1130.0,5.885416666666667,0.0,18.0,2011-03-30 12:02:00,2011-11-30 11:48:00,UNITED KINGDOM,244
16658.0,1,8,8,40.0,5.0,0.0,18.0,2010-12-06 13:47:00,2010-12-06 13:47:00,UNITED KINGDOM,0
16659.0,1,2,2,72.0,36.0,0.0,18.0,2011-06-03 15:03:00,2011-06-03 15:03:00,UNITED KINGDOM,0
16660.0,4,16,16,571.0,35.6875,0.0,18.0,2011-01-24 12:44:00,2011-11-23 14:53:00,UNITED KINGDOM,303
16665.0,1,9,9,59.0,6.555555555555555,0.0,18.0,2010-12-12 14:03:00,2010-12-12 14:03:00,UNITED KINGDOM,0
16666.0,1,32,30,233.0,7.28125,0.0,18.0,2011-11-20 14:01:00,2011-11-20 14:01:00,UNITED KINGDOM,0
16667.0,2,52,52,236.0,4.538461538461538,0.0,18.0,2011-02-28 12:57:00,2011-10-02 15:26:00,UNITED KINGDOM,216
16668.0,6,20,9,318.0,15.9,0.0,18.0,2011-02-28 12:46:00,2011-11-24 17:43:00,UNITED KINGDOM,269
16669.0,3,156,141,881.0,5.647435897435898,0.0,18.0,2011-09-22 14:13:00,2011-11-16 12:26:00,UNITED KINGDOM,54
16670.0,11,252,181,2556.0,10.142857142857142,0.0,18.0,2010-12-16 10:30:00,2011-11-23 09:34:00,UNITED KINGDOM,341
16671.0,3,6,3,875.0,145.83333333333334,0.0,18.0,2011-06-28 11:20:00,2011-11-11 13:40:00,UNITED KINGDOM,136
16672.0,20,114,22,2832.0,24.842105263157894,0.0,18.0,2011-03-18 10:15:00,2011-12-07 16:29:00,UNITED KINGDOM,264
16674.0,2,93,89,181.0,1.946236559139785,0.0,18.0,2011-09-02 13:59:00,2011-10-16 11:31:00,UNITED KINGDOM,43
16676.0,4,89,75,636.0,7.146067415730337,0.0,18.0,2011-01-06 13:00:00,2011-11-06 12:01:00,UNITED KINGDOM,303
16678.0,12,163,93,2397.0,14.705521472392638,0.0,18.0,2011-03-02 09:24:00,2011-12-07 12:17:00,UNITED KINGDOM,280
16679.0,1,3,3,29.0,9.666666666666666,0.0,18.0,2010-12-08 13:51:00,2010-12-08 13:51:00,UNITED KINGDOM,0
16680.0,1,10,10,94.0,9.4,0.0,18.0,2011-10-27 17:35:00,2011-10-27 17:35:00,UNITED KINGDOM,0
16681.0,6,44,18,1407.0,31.977272727272727,0.0,18.0,2011-03-31 13:46:00,2011-09-28 11:11:00,UNITED KINGDOM,180
16682.0,5,30,15,1040.0,34.666666666666664,0.0,18.0,2011-06-05 11:02:00,2011-12-05 12:13:00,UNITED KINGDOM,183
16684.0,28,277,121,50255.0,181.4259927797834,0.0,18.0,2010-12-16 17:34:00,2011-12-05 14:06:00,UNITED KINGDOM,353
16685.0,2,62,60,396.0,6.387096774193548,0.0,18.0,2011-10-09 13:44:00,2011-10-09 13:58:00,UNITED KINGDOM,0
16686.0,7,544,410,1977.0,3.6341911764705883,0.0,18.0,2010-12-19 14:41:00,2011-10-23 13:49:00,UNITED KINGDOM,307
16688.0,4,62,52,804.0,12.96774193548387,0.0,18.0,2011-10-10 12:23:00,2011-12-08 15:24:00,UNITED KINGDOM,59
16689.0,2,13,12,330.0,25.384615384615383,0.0,18.0,2011-09-18 13:29:00,2011-09-25 11:39:00,UNITED KINGDOM,6
16690.0,2,12,10,138.0,11.5,0.0,18.0,2011-05-22 10:53:00,2011-09-28 15:02:00,UNITED KINGDOM,129
16692.0,2,3,2,152.0,50.666666666666664,150.0,150.0,2011-02-23 15:41:00,2011-03-28 14:46:00,UNITED KINGDOM,32
16693.0,2,59,58,203.0,3.440677966101695,0.0,18.0,2011-03-13 11:06:00,2011-10-02 11:10:00,UNITED KINGDOM,203
16696.0,4,10,7,146.0,14.6,0.0,18.0,2011-04-05 15:20:00,2011-07-27 14:23:00,UNITED KINGDOM,112
16697.0,1,21,20,27.0,1.2857142857142858,0.0,18.0,2011-04-12 17:12:00,2011-04-12 17:12:00,UNITED KINGDOM,0
16698.0,2,5,4,840.0,168.0,0.0,18.0,2011-03-31 13:33:00,2011-04-27 10:52:00,UNITED KINGDOM,26
16700.0,13,308,165,4024.0,13.064935064935066,0.0,18.0,2010-12-08 16:34:00,2011-12-01 11:00:00,UNITED KINGDOM,357
16701.0,13,144,100,6393.0,44.395833333333336,0.0,18.0,2010-12-13 11:51:00,2011-12-01 11:10:00,UNITED KINGDOM,352
16705.0,20,270,136,5476.0,20.28148148148148,0.0,18.0,2010-12-16 10:51:00,2011-12-09 12:08:00,UNITED KINGDOM,358
16706.0,3,123,108,249.0,2.024390243902439,0.0,18.0,2011-08-17 15:53:00,2011-11-02 13:50:00,UNITED KINGDOM,76
16708.0,1,27,27,285.0,10.555555555555555,0.0,18.0,2011-10-25 12:20:00,2011-10-25 12:20:00,UNITED KINGDOM,0
16709.0,5,79,65,851.0,10.772151898734178,0.0,18.0,2011-03-03 10:55:00,2011-09-16 10:56:00,UNITED KINGDOM,197
16710.0,10,394,272,1823.0,4.626903553299492,0.0,18.0,2010-12-06 13:13:00,2011-11-20 14:50:00,UNITED KINGDOM,349
16711.0,5,22,18,833.0,37.86363636363637,0.0,18.0,2010-12-17 12:43:00,2011-12-06 16:32:00,UNITED KINGDOM,354
16712.0,11,438,259,1730.0,3.949771689497717,0.0,18.0,2011-03-08 15:07:00,2011-11-30 13:48:00,UNITED KINGDOM,266
16713.0,15,619,345,4271.0,6.89983844911147,0.0,18.0,2010-12-08 13:01:00,2011-11-21 12:36:00,UNITED KINGDOM,347
16714.0,3,87,77,589.0,6.7701149425287355,140.0,70.0,2011-01-26 13:40:00,2011-05-05 11:09:00,UNITED KINGDOM,98
16715.0,1,19,19,642.0,33.78947368421053,0.0,18.0,2011-09-22 18:15:00,2011-09-22 18:15:00,UNITED KINGDOM,0
16716.0,2,2,1,120.0,60.0,0.0,18.0,2011-02-01 15:35:00,2011-03-18 10:03:00,UNITED KINGDOM,44
16717.0,6,198,179,1860.0,9.393939393939394,0.0,18.0,2010-12-08 16:48:00,2011-11-16 12:16:00,UNITED KINGDOM,342
16718.0,1,44,41,407.0,9.25,0.0,18.0,2010-12-05 13:03:00,2010-12-05 13:03:00,UNITED KINGDOM,0
16719.0,7,196,109,1175.0,5.994897959183674,0.0,18.0,2010-12-06 12:06:00,2011-11-25 09:27:00,UNITED KINGDOM,353
16720.0,1,25,25,180.0,7.2,0.0,18.0,2011-11-13 16:22:00,2011-11-13 16:22:00,UNITED KINGDOM,0
16721.0,1,37,37,172.0,4.648648648648648,0.0,18.0,2011-03-22 16:08:00,2011-03-22 16:08:00,UNITED KINGDOM,0
16722.0,13,225,98,5001.0,22.226666666666667,0.0,18.0,2010-12-06 12:59:00,2011-11-22 13:28:00,UNITED KINGDOM,351
16723.0,2,42,37,398.0,9.476190476190476,165.0,165.0,2011-08-24 11:31:00,2011-09-09 13:01:00,UNITED KINGDOM,16
16725.0,7,145,110,288.0,1.986206896551724,0.0,18.0,2010-12-03 16:02:00,2011-02-10 16:52:00,UNITED KINGDOM,69
16726.0,5,178,121,945.0,5.308988764044944,0.0,18.0,2010-12-13 13:28:00,2011-11-13 14:53:00,UNITED KINGDOM,335
16727.0,1,44,41,167.0,3.7954545454545454,0.0,18.0,2010-12-10 13:48:00,2010-12-10 13:48:00,UNITED KINGDOM,0
16728.0,4,263,218,671.0,2.5513307984790874,0.0,18.0,2011-03-20 13:28:00,2011-10-24 14:36:00,UNITED KINGDOM,218
16729.0,21,654,238,5717.0,8.741590214067278,0.0,18.0,2011-04-12 14:22:00,2011-11-01 14:29:00,UNITED KINGDOM,203
16730.0,3,82,75,994.0,12.121951219512194,0.0,18.0,2011-01-24 14:01:00,2011-10-18 14:11:00,UNITED KINGDOM,267
16732.0,1,28,28,317.0,11.321428571428571,0.0,18.0,2011-11-08 09:54:00,2011-11-08 09:54:00,UNITED KINGDOM,0
16734.0,3,52,44,345.0,6.634615384615385,0.0,18.0,2011-08-17 15:00:00,2011-10-18 13:44:00,UNITED KINGDOM,61
16735.0,5,116,90,1532.0,13.206896551724139,0.0,18.0,2011-01-09 12:53:00,2011-09-22 11:49:00,UNITED KINGDOM,255
16737.0,1,1,1,288.0,288.0,0.0,18.0,2011-10-17 13:03:00,2011-10-17 13:03:00,UNITED KINGDOM,0
16738.0,1,1,1,3.0,3.0,0.0,18.0,2011-02-15 09:46:00,2011-02-15 09:46:00,UNITED KINGDOM,0
16739.0,1,13,13,172.0,13.23076923076923,0.0,18.0,2011-06-16 09:17:00,2011-06-16 09:17:00,UNITED KINGDOM,0
16742.0,1,1,1,1.0,1.0,0.0,18.0,2011-10-24 12:02:00,2011-10-24 12:02:00,UNITED KINGDOM,0
16743.0,7,190,90,2035.0,10.710526315789474,0.0,18.0,2010-12-16 12:15:00,2011-11-10 13:13:00,UNITED KINGDOM,329
16744.0,7,236,198,798.0,3.3813559322033897,0.0,18.0,2011-06-19 15:13:00,2011-11-28 13:06:00,UNITED KINGDOM,161
16745.0,17,355,149,6719.0,18.92676056338028,0.0,18.0,2011-02-01 11:31:00,2011-09-14 11:58:00,UNITED KINGDOM,225
16746.0,18,444,238,4660.0,10.495495495495495,0.0,18.0,2010-12-16 11:43:00,2011-12-05 12:33:00,UNITED KINGDOM,354
16747.0,2,42,35,583.0,13.880952380952381,0.0,18.0,2011-10-03 10:18:00,2011-11-02 11:37:00,UNITED KINGDOM,30
16748.0,5,69,44,880.0,12.753623188405797,0.0,18.0,2011-01-09 13:50:00,2011-11-22 10:17:00,UNITED KINGDOM,316
16750.0,5,95,74,214.0,2.2526315789473683,0.0,18.0,2011-04-21 16:53:00,2011-10-26 12:48:00,UNITED KINGDOM,187
16751.0,1,25,24,1031.0,41.24,0.0,18.0,2011-11-09 10:48:00,2011-11-09 10:48:00,UNITED KINGDOM,0
16752.0,1,9,9,54.0,6.0,0.0,18.0,2010-12-02 12:18:00,2010-12-02 12:18:00,UNITED KINGDOM,0
16753.0,1,34,34,189.0,5.5588235294117645,0.0,18.0,2011-10-12 13:14:00,2011-10-12 13:14:00,UNITED KINGDOM,0
16754.0,1,2,2,4280.0,2140.0,0.0,18.0,2010-12-02 17:38:00,2010-12-02 17:38:00,UNITED KINGDOM,0
16755.0,3,165,134,1058.0,6.412121212121212,0.0,18.0,2011-01-28 10:47:00,2011-08-17 13:21:00,UNITED KINGDOM,201
16756.0,1,13,13,106.0,8.153846153846153,0.0,18.0,2011-05-09 09:33:00,2011-05-09 09:33:00,UNITED KINGDOM,0
16757.0,1,7,7,81.0,11.571428571428571,0.0,18.0,2011-01-25 11:59:00,2011-01-25 11:59:00,UNITED KINGDOM,0
16758.0,1,22,22,203.0,9.227272727272727,0.0,18.0,2011-10-05 14:47:00,2011-10-05 14:47:00,UNITED KINGDOM,0
16759.0,3,42,40,609.0,14.5,0.0,18.0,2011-11-09 09:06:00,2011-12-02 12:42:00,UNITED KINGDOM,23
16761.0,1,13,13,341.0,26.23076923076923,0.0,18.0,2011-09-04 11:15:00,2011-09-04 11:15:00,UNITED KINGDOM,0
16762.0,3,63,51,480.0,7.619047619047619,0.0,18.0,2011-07-18 12:52:00,2011-11-20 11:43:00,UNITED KINGDOM,124
16763.0,1,23,23,319.0,13.869565217391305,0.0,18.0,2011-05-25 11:52:00,2011-05-25 11:52:00,UNITED KINGDOM,0
16764.0,13,700,210,1253.0,1.79,0.0,18.0,2011-07-19 17:17:00,2011-12-06 11:41:00,UNITED KINGDOM,139
16765.0,1,1,1,4.0,4.0,0.0,18.0,2011-02-18 15:41:00,2011-02-18 15:41:00,UNITED KINGDOM,0
16766.0,2,34,17,536.0,15.764705882352942,0.0,18.0,2011-03-11 13:34:00,2011-03-11 15:22:00,UNITED KINGDOM,0
16767.0,11,221,148,4423.0,20.013574660633484,0.0,18.0,2011-01-27 13:38:00,2011-11-09 09:42:00,UNITED KINGDOM,285
16768.0,3,54,47,196.0,3.6296296296296298,0.0,18.0,2011-03-13 10:25:00,2011-10-23 10:38:00,UNITED KINGDOM,224
16769.0,1,38,33,80.0,2.1052631578947367,0.0,18.0,2011-03-24 13:41:00,2011-03-24 13:41:00,UNITED KINGDOM,0
16770.0,5,140,116,456.0,3.257142857142857,0.0,18.0,2010-12-02 15:49:00,2011-10-13 12:21:00,UNITED KINGDOM,314
16771.0,5,254,200,1487.0,5.854330708661418,1.0,1.0,2011-01-05 13:57:00,2011-11-06 13:28:00,UNITED KINGDOM,304
16773.0,1,26,23,171.0,6.576923076923077,0.0,18.0,2011-10-13 14:37:00,2011-10-13 14:37:00,UNITED KINGDOM,0
16774.0,4,48,36,322.0,6.708333333333333,0.0,18.0,2011-06-14 12:45:00,2011-10-03 12:41:00,UNITED KINGDOM,110
16775.0,11,157,85,439.0,2.7961783439490446,0.0,18.0,2010-12-07 15:15:00,2011-11-29 15:22:00,UNITED KINGDOM,357
16776.0,1,71,61,254.0,3.5774647887323945,0.0,18.0,2011-10-10 13:04:00,2011-10-10 13:04:00,UNITED KINGDOM,0
16777.0,2,48,45,62.0,1.2916666666666667,0.0,18.0,2011-03-27 14:34:00,2011-09-20 13:41:00,UNITED KINGDOM,176
16778.0,2,16,16,194.0,12.125,0.0,18.0,2011-03-10 15:21:00,2011-09-26 13:48:00,UNITED KINGDOM,199
16779.0,22,331,165,5301.0,16.01510574018127,0.0,18.0,2010-12-08 09:56:00,2011-12-07 14:54:00,UNITED KINGDOM,364
16780.0,2,59,51,270.0,4.576271186440678,0.0,18.0,2011-03-25 17:34:00,2011-08-31 16:09:00,UNITED KINGDOM,158
16781.0,1,17,17,113.0,6.647058823529412,0.0,18.0,2010-12-02 14:26:00,2010-12-02 14:26:00,UNITED KINGDOM,0
16782.0,13,183,105,705.0,3.8524590163934427,0.0,18.0,2010-12-09 11:28:00,2011-11-29 13:20:00,UNITED KINGDOM,355
16784.0,1,3,3,24.0,8.0,0.0,18.0,2011-11-20 12:20:00,2011-11-20 12:20:00,UNITED KINGDOM,0
16788.0,2,148,138,304.0,2.054054054054054,0.0,18.0,2011-03-30 13:05:00,2011-08-08 14:53:00,UNITED KINGDOM,131
16789.0,1,5,5,32.0,6.4,0.0,18.0,2011-12-01 15:12:00,2011-12-01 15:12:00,UNITED KINGDOM,0
16790.0,6,93,88,898.0,9.655913978494624,0.0,18.0,2011-11-02 11:23:00,2011-12-06 11:53:00,UNITED KINGDOM,34
16791.0,7,314,219,757.0,2.410828025477707,0.0,18.0,2011-01-11 15:42:00,2011-11-10 19:12:00,UNITED KINGDOM,303
16792.0,2,12,11,44.0,3.6666666666666665,0.0,18.0,2011-03-02 14:39:00,2011-03-02 14:41:00,UNITED KINGDOM,0
16793.0,1,16,16,146.0,9.125,0.0,18.0,2011-10-13 15:08:00,2011-10-13 15:08:00,UNITED KINGDOM,0
16794.0,10,278,144,923.0,3.320143884892086,0.0,18.0,2011-06-12 14:15:00,2011-12-08 17:54:00,UNITED KINGDOM,179
16795.0,1,66,64,239.0,3.621212121212121,0.0,18.0,2010-12-09 14:08:00,2010-12-09 14:08:00,UNITED KINGDOM,0
16796.0,1,18,18,186.0,10.333333333333334,0.0,18.0,2011-09-11 14:01:00,2011-09-11 14:01:00,UNITED KINGDOM,0
16800.0,1,156,148,524.0,3.358974358974359,25.0,25.0,2011-11-28 14:06:00,2011-11-28 14:06:00,UNITED KINGDOM,0
16801.0,4,75,72,493.0,6.573333333333333,0.0,18.0,2011-03-11 13:56:00,2011-06-29 15:33:00,UNITED KINGDOM,110
16803.0,1,24,24,245.0,10.208333333333334,0.0,18.0,2011-10-05 14:28:00,2011-10-05 14:28:00,UNITED KINGDOM,0
16804.0,3,60,59,246.0,4.1,0.0,18.0,2011-03-14 15:48:00,2011-11-16 16:43:00,UNITED KINGDOM,247
16805.0,2,98,94,539.0,5.5,0.0,18.0,2010-12-14 13:35:00,2011-06-19 11:23:00,UNITED KINGDOM,186
16806.0,4,93,68,356.0,3.827956989247312,0.0,18.0,2011-04-14 19:59:00,2011-08-28 15:27:00,UNITED KINGDOM,135
16807.0,3,67,58,778.0,11.611940298507463,15.0,15.0,2011-03-14 09:46:00,2011-07-20 12:00:00,UNITED KINGDOM,128
16808.0,2,23,21,196.0,8.521739130434783,0.0,18.0,2011-03-10 19:05:00,2011-09-01 19:34:00,UNITED KINGDOM,175
16809.0,5,149,81,652.0,4.375838926174497,0.0,18.0,2011-03-22 15:20:00,2011-11-16 15:45:00,UNITED KINGDOM,239
16810.0,1,15,15,114.0,7.6,0.0,18.0,2011-05-31 15:32:00,2011-05-31 15:32:00,UNITED KINGDOM,0
16811.0,2,28,26,477.0,17.035714285714285,0.0,18.0,2011-11-22 17:19:00,2011-12-05 11:39:00,UNITED KINGDOM,12
16812.0,1,15,15,81.0,5.4,0.0,18.0,2010-12-14 12:35:00,2010-12-14 12:35:00,UNITED KINGDOM,0
16813.0,10,424,250,1499.0,3.535377358490566,0.0,18.0,2011-05-19 13:28:00,2011-12-01 14:03:00,UNITED KINGDOM,196
16814.0,21,319,122,2697.0,8.454545454545455,0.0,18.0,2010-12-05 11:45:00,2011-11-25 13:27:00,UNITED KINGDOM,355
16816.0,4,28,28,274.0,9.785714285714286,0.0,18.0,2010-12-16 17:01:00,2011-08-28 14:16:00,UNITED KINGDOM,254
16817.0,9,86,73,822.0,9.55813953488372,0.0,18.0,2010-12-06 14:19:00,2011-12-07 11:03:00,UNITED KINGDOM,365
16818.0,11,189,172,2165.0,11.455026455026456,0.0,0.0,2011-05-18 11:42:00,2011-11-29 10:41:00,UNITED KINGDOM,194
16820.0,1,26,26,307.0,11.807692307692308,0.0,18.0,2011-09-05 12:06:00,2011-09-05 12:06:00,UNITED KINGDOM,0
16823.0,1,38,34,136.0,3.5789473684210527,0.0,18.0,2011-04-26 15:00:00,2011-04-26 15:00:00,UNITED KINGDOM,0
16824.0,2,26,23,236.0,9.076923076923077,0.0,18.0,2011-06-28 13:36:00,2011-11-24 12:38:00,UNITED KINGDOM,148
16825.0,2,28,27,566.0,20.214285714285715,0.0,18.0,2011-06-07 09:44:00,2011-11-01 11:51:00,UNITED KINGDOM,147
16826.0,1,22,22,158.0,7.181818181818182,0.0,18.0,2011-10-19 14:05:00,2011-10-19 14:05:00,UNITED KINGDOM,0
16828.0,2,8,8,59.0,7.375,15.0,15.0,2011-08-19 13:24:00,2011-09-07 15:10:00,UNITED KINGDOM,19
16829.0,1,11,11,99.0,9.0,0.0,18.0,2011-07-06 10:48:00,2011-07-06 10:48:00,UNITED KINGDOM,0
16830.0,1,23,23,264.0,11.478260869565217,0.0,18.0,2011-11-01 11:35:00,2011-11-01 11:35:00,UNITED KINGDOM,0
16832.0,3,12,11,33.0,2.75,0.0,18.0,2011-05-06 14:12:00,2011-06-08 15:36:00,UNITED KINGDOM,33
16833.0,4,47,46,440.0,9.361702127659575,0.0,18.0,2011-01-09 13:02:00,2011-12-08 14:39:00,UNITED KINGDOM,333
16834.0,1,24,24,358.0,14.916666666666666,0.0,18.0,2011-04-26 09:37:00,2011-04-26 09:37:00,UNITED KINGDOM,0
16835.0,2,10,10,61.0,6.1,0.0,18.0,2010-12-01 17:15:00,2011-08-03 13:50:00,UNITED KINGDOM,244
16836.0,2,11,11,165.0,15.0,0.0,18.0,2011-08-15 12:38:00,2011-10-31 10:05:00,UNITED KINGDOM,76
16837.0,11,165,123,1563.0,9.472727272727273,0.0,18.0,2011-04-08 08:48:00,2011-11-08 14:27:00,UNITED KINGDOM,214
16838.0,2,25,24,185.0,7.4,165.0,165.0,2011-02-24 15:01:00,2011-05-26 13:13:00,UNITED KINGDOM,90
16839.0,34,266,118,8975.0,33.7406015037594,0.0,18.0,2010-12-05 11:15:00,2011-12-01 09:03:00,UNITED KINGDOM,360
16841.0,6,116,101,2250.0,19.396551724137932,0.0,18.0,2011-02-25 12:40:00,2011-11-03 11:51:00,UNITED KINGDOM,250
16842.0,3,63,47,693.0,11.0,0.0,18.0,2011-02-10 14:51:00,2011-08-31 10:42:00,UNITED KINGDOM,201
16843.0,16,378,229,10159.0,26.875661375661377,0.0,18.0,2011-01-16 16:10:00,2011-10-28 09:06:00,UNITED KINGDOM,284
16846.0,1,11,11,135.0,12.272727272727273,0.0,18.0,2011-10-20 13:55:00,2011-10-20 13:55:00,UNITED KINGDOM,0
16847.0,1,12,12,78.0,6.5,0.0,18.0,2011-10-27 13:29:00,2011-10-27 13:29:00,UNITED KINGDOM,0
16848.0,1,14,14,182.0,13.0,0.0,18.0,2011-10-18 08:42:00,2011-10-18 08:42:00,UNITED KINGDOM,0
16849.0,1,8,8,33.0,4.125,0.0,18.0,2011-06-06 09:16:00,2011-06-06 09:16:00,UNITED KINGDOM,0
16850.0,1,19,19,249.0,13.105263157894736,0.0,18.0,2011-01-10 11:09:00,2011-01-10 11:09:00,UNITED KINGDOM,0
16851.0,3,20,17,271.0,13.55,0.0,18.0,2011-10-19 09:48:00,2011-12-05 13:32:00,UNITED KINGDOM,47
16852.0,2,9,9,56.0,6.222222222222222,0.0,18.0,2011-06-16 15:49:00,2011-11-29 13:22:00,UNITED KINGDOM,165
16855.0,2,19,19,164.0,8.631578947368421,0.0,18.0,2011-10-27 16:31:00,2011-11-16 12:03:00,UNITED KINGDOM,19
16856.0,1,2,2,12.0,6.0,0.0,18.0,2011-11-25 08:59:00,2011-11-25 08:59:00,UNITED KINGDOM,0
16858.0,1,10,9,91.0,9.1,0.0,18.0,2010-12-06 09:52:00,2010-12-06 09:52:00,UNITED KINGDOM,0
16859.0,2,52,50,827.0,15.903846153846153,15.0,15.0,2011-03-23 13:39:00,2011-07-18 12:19:00,UNITED KINGDOM,116
16861.0,2,6,6,140.0,23.333333333333332,0.0,18.0,2011-07-04 15:38:00,2011-10-11 09:05:00,UNITED KINGDOM,98
16863.0,2,26,25,409.0,15.73076923076923,0.0,18.0,2010-12-08 08:58:00,2011-11-08 15:26:00,UNITED KINGDOM,335
16866.0,3,11,10,60.0,5.454545454545454,0.0,18.0,2011-07-01 12:34:00,2011-07-22 10:06:00,UNITED KINGDOM,20
16869.0,4,127,113,583.0,4.590551181102362,0.0,18.0,2011-06-17 13:01:00,2011-11-17 12:02:00,UNITED KINGDOM,152
16871.0,6,137,131,1253.0,9.145985401459853,0.0,18.0,2011-03-14 10:31:00,2011-11-17 19:27:00,UNITED KINGDOM,248
16872.0,3,7,5,600.0,85.71428571428571,0.0,18.0,2011-06-08 14:32:00,2011-09-23 16:05:00,UNITED KINGDOM,107
16873.0,6,279,180,3840.0,13.763440860215054,175.0,175.0,2010-12-10 15:45:00,2011-12-05 12:05:00,UNITED KINGDOM,359
16875.0,5,112,94,1069.0,9.544642857142858,0.0,18.0,2011-01-04 10:37:00,2011-10-03 13:39:00,UNITED KINGDOM,272
16877.0,6,156,111,458.0,2.9358974358974357,0.0,18.0,2011-05-15 16:13:00,2011-11-27 13:47:00,UNITED KINGDOM,195
16878.0,1,3,3,12.0,4.0,0.0,18.0,2011-09-16 17:39:00,2011-09-16 17:39:00,UNITED KINGDOM,0
16880.0,7,173,120,744.0,4.300578034682081,0.0,18.0,2011-06-03 16:45:00,2011-11-09 11:33:00,UNITED KINGDOM,158
16881.0,1,1,1,600.0,600.0,0.0,18.0,2011-10-04 10:33:00,2011-10-04 10:33:00,UNITED KINGDOM,0
16882.0,3,39,39,424.0,10.871794871794872,0.0,18.0,2011-01-26 17:43:00,2011-10-04 10:42:00,UNITED KINGDOM,250
16883.0,2,37,33,103.0,2.7837837837837838,0.0,18.0,2010-12-03 10:33:00,2011-06-05 12:51:00,UNITED KINGDOM,184
16884.0,2,26,26,320.0,12.307692307692308,0.0,18.0,2011-11-02 10:16:00,2011-11-02 11:52:00,UNITED KINGDOM,0
16885.0,3,96,82,178.0,1.8541666666666667,0.0,18.0,2010-12-17 17:23:00,2011-11-24 13:40:00,UNITED KINGDOM,341
16887.0,1,36,35,156.0,4.333333333333333,0.0,18.0,2011-11-04 14:07:00,2011-11-04 14:07:00,UNITED KINGDOM,0
16889.0,3,135,112,925.0,6.851851851851852,0.0,18.0,2011-01-07 10:47:00,2011-05-29 11:05:00,UNITED KINGDOM,142
16891.0,5,186,166,265.0,1.424731182795699,0.0,18.0,2010-12-03 11:35:00,2011-12-08 11:15:00,UNITED KINGDOM,369
16892.0,5,97,88,236.0,2.4329896907216493,50.0,25.0,2011-06-09 11:35:00,2011-12-08 13:18:00,UNITED KINGDOM,182
16893.0,1,45,44,62.0,1.3777777777777778,0.0,18.0,2010-12-08 12:06:00,2010-12-08 12:06:00,UNITED KINGDOM,0
16895.0,1,62,57,91.0,1.467741935483871,0.0,18.0,2011-10-06 12:15:00,2011-10-06 12:15:00,UNITED KINGDOM,0
16897.0,2,37,37,73.0,1.972972972972973,0.0,18.0,2011-01-30 11:52:00,2011-02-13 15:02:00,UNITED KINGDOM,14
16898.0,3,157,150,412.0,2.624203821656051,0.0,18.0,2010-12-06 12:23:00,2011-11-13 15:44:00,UNITED KINGDOM,342
16899.0,6,123,81,520.0,4.227642276422764,0.0,18.0,2010-12-14 13:11:00,2011-12-02 12:03:00,UNITED KINGDOM,352
16900.0,3,79,78,833.0,10.544303797468354,0.0,18.0,2011-10-07 13:17:00,2011-11-23 10:32:00,UNITED KINGDOM,46
16902.0,1,44,43,629.0,14.295454545454545,0.0,18.0,2011-08-15 14:17:00,2011-08-15 14:17:00,UNITED KINGDOM,0
16903.0,1,56,50,247.0,4.410714285714286,0.0,18.0,2011-11-10 15:32:00,2011-11-10 15:32:00,UNITED KINGDOM,0
16904.0,16,662,386,1981.0,2.9924471299093653,15.0,15.0,2010-12-07 13:29:00,2011-12-05 13:10:00,UNITED KINGDOM,362
16905.0,7,199,118,1381.0,6.939698492462312,0.0,18.0,2010-12-03 10:43:00,2011-12-04 14:01:00,UNITED KINGDOM,366
16906.0,4,86,74,263.0,3.058139534883721,0.0,18.0,2011-04-05 12:30:00,2011-09-19 11:49:00,UNITED KINGDOM,166
16907.0,5,140,89,286.0,2.0428571428571427,0.0,18.0,2010-12-09 16:52:00,2011-11-10 18:04:00,UNITED KINGDOM,336
16909.0,1,18,18,436.0,24.22222222222222,0.0,18.0,2011-09-28 16:45:00,2011-09-28 16:45:00,UNITED KINGDOM,0
16910.0,8,545,318,884.0,1.6220183486238533,0.0,18.0,2011-09-09 14:14:00,2011-12-05 12:51:00,UNITED KINGDOM,86
16912.0,11,100,88,1025.0,10.25,0.0,18.0,2011-01-20 15:42:00,2011-11-11 12:18:00,UNITED KINGDOM,294
16913.0,1,8,8,82.0,10.25,0.0,18.0,2011-02-22 12:56:00,2011-02-22 12:56:00,UNITED KINGDOM,0
16914.0,1,30,25,112.0,3.7333333333333334,0.0,18.0,2011-11-03 15:27:00,2011-11-03 15:27:00,UNITED KINGDOM,0
16915.0,6,57,46,132.0,2.3157894736842106,0.0,18.0,2011-03-01 09:52:00,2011-11-30 16:39:00,UNITED KINGDOM,274
16916.0,2,136,129,431.0,3.1691176470588234,0.0,18.0,2010-12-02 13:14:00,2011-11-16 12:08:00,UNITED KINGDOM,348
16917.0,1,9,9,232.0,25.77777777777778,0.0,18.0,2011-03-08 11:55:00,2011-03-08 11:55:00,UNITED KINGDOM,0
16918.0,6,128,97,721.0,5.6328125,0.0,18.0,2011-01-26 17:37:00,2011-10-21 12:50:00,UNITED KINGDOM,267
16919.0,11,326,141,1403.0,4.303680981595092,0.0,18.0,2010-12-06 12:52:00,2011-07-06 13:35:00,UNITED KINGDOM,212
16921.0,1,55,50,154.0,2.8,0.0,18.0,2011-10-09 16:22:00,2011-10-09 16:22:00,UNITED KINGDOM,0
16923.0,19,626,316,3344.0,5.34185303514377,0.0,18.0,2010-12-12 11:06:00,2011-11-27 13:00:00,UNITED KINGDOM,350
16924.0,3,81,69,467.0,5.765432098765432,0.0,18.0,2011-09-16 12:54:00,2011-11-18 12:53:00,UNITED KINGDOM,62
16926.0,1,14,14,35.0,2.5,0.0,18.0,2010-12-03 13:42:00,2010-12-03 13:42:00,UNITED KINGDOM,0
16927.0,3,6,5,993.0,165.5,0.0,18.0,2010-12-13 11:57:00,2011-08-16 11:10:00,UNITED KINGDOM,245
16928.0,17,204,67,2092.0,10.254901960784315,0.0,18.0,2010-12-01 15:21:00,2011-09-20 15:10:00,UNITED KINGDOM,292
16929.0,7,77,51,929.0,12.064935064935066,0.0,18.0,2011-07-07 12:39:00,2011-12-06 08:37:00,UNITED KINGDOM,151
16930.0,3,53,47,339.0,6.39622641509434,0.0,18.0,2011-10-02 14:25:00,2011-11-13 16:13:00,UNITED KINGDOM,42
16931.0,21,886,451,3134.0,3.5372460496613995,0.0,18.0,2010-12-05 11:40:00,2011-12-04 13:15:00,UNITED KINGDOM,364
16932.0,1,48,44,82.0,1.7083333333333333,0.0,18.0,2011-10-17 14:12:00,2011-10-17 14:12:00,UNITED KINGDOM,0
16933.0,2,44,42,288.0,6.545454545454546,0.0,18.0,2011-04-14 13:33:00,2011-12-08 12:54:00,UNITED KINGDOM,237
16934.0,2,61,59,397.0,6.508196721311475,0.0,18.0,2011-10-16 12:25:00,2011-10-16 12:40:00,UNITED KINGDOM,0
16936.0,1,56,56,171.0,3.0535714285714284,0.0,18.0,2011-11-14 11:04:00,2011-11-14 11:04:00,UNITED KINGDOM,0
16938.0,4,235,215,2533.0,10.778723404255318,0.0,18.0,2011-02-04 09:34:00,2011-12-01 10:20:00,UNITED KINGDOM,300
16940.0,3,305,227,2169.0,7.111475409836066,0.0,18.0,2011-02-23 12:27:00,2011-10-18 13:15:00,UNITED KINGDOM,237
16942.0,9,277,161,805.0,2.9061371841155235,0.0,18.0,2011-04-26 11:59:00,2011-11-27 12:40:00,UNITED KINGDOM,215
16943.0,3,33,23,145.0,4.393939393939394,0.0,18.0,2011-01-25 14:00:00,2011-05-12 11:57:00,UNITED KINGDOM,106
16945.0,19,249,139,2725.0,10.943775100401606,0.0,18.0,2010-12-16 17:49:00,2011-11-18 11:39:00,UNITED KINGDOM,336
16947.0,1,21,21,312.0,14.857142857142858,0.0,18.0,2011-04-18 09:38:00,2011-04-18 09:38:00,UNITED KINGDOM,0
16948.0,3,19,15,1614.0,84.94736842105263,0.0,18.0,2011-01-18 10:58:00,2011-07-24 12:46:00,UNITED KINGDOM,187
16949.0,6,60,57,791.0,13.183333333333334,275.0,91.66666666666667,2011-01-27 12:11:00,2011-12-06 11:07:00,UNITED KINGDOM,312
16950.0,3,42,39,644.0,15.333333333333334,0.0,18.0,2010-12-07 15:20:00,2011-10-14 09:06:00,UNITED KINGDOM,310
16951.0,3,86,73,1318.0,15.325581395348838,0.0,18.0,2011-02-08 14:58:00,2011-07-28 12:05:00,UNITED KINGDOM,169
16952.0,2,16,16,92.0,5.75,0.0,18.0,2011-08-22 12:58:00,2011-08-22 13:03:00,UNITED KINGDOM,0
16953.0,1,1,1,10.0,10.0,0.0,18.0,2011-11-09 15:54:00,2011-11-09 15:54:00,UNITED KINGDOM,0
16954.0,9,54,40,1054.0,19.51851851851852,0.0,18.0,2010-12-15 10:41:00,2011-12-09 09:46:00,UNITED KINGDOM,358
16955.0,4,25,18,266.0,10.64,0.0,18.0,2010-12-01 13:31:00,2011-06-08 10:36:00,UNITED KINGDOM,188
16956.0,1,16,16,114.0,7.125,0.0,18.0,2011-11-22 08:56:00,2011-11-22 08:56:00,UNITED KINGDOM,0
16957.0,2,16,15,172.0,10.75,0.0,18.0,2011-03-03 09:25:00,2011-04-14 13:56:00,UNITED KINGDOM,42
16959.0,1,7,7,49.0,7.0,0.0,18.0,2011-09-13 15:03:00,2011-09-13 15:03:00,UNITED KINGDOM,0
16960.0,3,101,93,304.0,3.00990099009901,0.0,18.0,2011-04-01 11:54:00,2011-11-01 11:35:00,UNITED KINGDOM,213
16961.0,1,14,14,125.0,8.928571428571429,0.0,18.0,2011-08-15 13:46:00,2011-08-15 13:46:00,UNITED KINGDOM,0
16963.0,1,7,7,35.0,5.0,0.0,18.0,2011-06-05 13:48:00,2011-06-05 13:48:00,UNITED KINGDOM,0
16965.0,1,26,26,291.0,11.192307692307692,0.0,18.0,2011-04-27 12:08:00,2011-04-27 12:08:00,UNITED KINGDOM,0
16966.0,7,28,8,1981.0,70.75,0.0,18.0,2011-04-13 14:17:00,2011-12-01 13:40:00,UNITED KINGDOM,231
16967.0,1,21,21,333.0,15.857142857142858,0.0,18.0,2011-06-03 14:24:00,2011-06-03 14:24:00,UNITED KINGDOM,0
16968.0,2,31,31,326.0,10.516129032258064,0.0,18.0,2011-08-24 10:51:00,2011-12-05 15:02:00,UNITED KINGDOM,103
16969.0,3,42,42,816.0,19.428571428571427,15.0,15.0,2011-06-01 12:10:00,2011-10-31 13:12:00,UNITED KINGDOM,152
16971.0,1,41,40,72.0,1.7560975609756098,150.0,75.0,2011-11-01 15:06:00,2011-11-01 15:06:00,UNITED KINGDOM,0
16976.0,1,2,2,88.0,44.0,0.0,18.0,2011-03-17 16:33:00,2011-03-17 16:33:00,UNITED KINGDOM,0
16978.0,1,39,39,166.0,4.256410256410256,0.0,18.0,2011-09-23 12:50:00,2011-09-23 12:50:00,UNITED KINGDOM,0
16979.0,6,89,64,865.0,9.719101123595506,0.0,18.0,2011-02-15 09:20:00,2011-12-06 12:21:00,UNITED KINGDOM,294
16980.0,2,81,71,739.0,9.123456790123457,0.0,18.0,2011-02-21 12:58:00,2011-03-29 16:36:00,UNITED KINGDOM,36
16982.0,1,22,22,182.0,8.272727272727273,0.0,18.0,2011-10-10 12:28:00,2011-10-10 12:28:00,UNITED KINGDOM,0
16983.0,7,143,113,1335.0,9.335664335664335,0.0,18.0,2010-12-05 12:34:00,2011-11-27 12:10:00,UNITED KINGDOM,356
16984.0,2,400,354,2380.0,5.95,0.0,18.0,2011-08-01 17:37:00,2011-09-12 13:43:00,UNITED KINGDOM,41
16985.0,10,120,63,1832.0,15.266666666666667,0.0,18.0,2010-12-16 10:38:00,2011-11-22 13:33:00,UNITED KINGDOM,341
16986.0,2,3,3,1040.0,346.6666666666667,0.0,18.0,2011-11-09 15:52:00,2011-11-10 11:55:00,UNITED KINGDOM,0
16987.0,7,128,75,401.0,3.1328125,0.0,18.0,2011-05-18 15:55:00,2011-12-06 17:26:00,UNITED KINGDOM,202
16988.0,1,7,7,43.0,6.142857142857143,0.0,18.0,2011-12-04 16:02:00,2011-12-04 16:02:00,UNITED KINGDOM,0
16989.0,6,12,8,1233.0,102.75,0.0,18.0,2011-07-12 09:11:00,2011-12-02 16:39:00,UNITED KINGDOM,143
16990.0,1,1,1,100.0,100.0,0.0,18.0,2011-05-05 08:30:00,2011-05-05 08:30:00,UNITED KINGDOM,0
16992.0,5,93,84,860.0,9.24731182795699,0.0,18.0,2011-02-28 10:37:00,2011-11-29 11:50:00,UNITED KINGDOM,274
16996.0,6,37,13,544.0,14.702702702702704,0.0,18.0,2010-12-21 13:22:00,2011-11-09 16:43:00,UNITED KINGDOM,323
16997.0,3,12,8,360.0,30.0,0.0,18.0,2011-01-18 11:51:00,2011-02-24 17:28:00,UNITED KINGDOM,37
16998.0,4,4,1,76.0,19.0,0.0,18.0,2011-02-08 15:42:00,2011-07-13 09:44:00,UNITED KINGDOM,154
16999.0,2,23,21,294.0,12.782608695652174,0.0,18.0,2011-09-26 15:43:00,2011-11-16 13:53:00,UNITED KINGDOM,50
17001.0,11,169,77,2164.0,12.804733727810651,0.0,18.0,2010-12-16 09:35:00,2011-12-09 09:38:00,UNITED KINGDOM,358
17002.0,3,49,42,679.0,13.857142857142858,0.0,18.0,2011-02-22 11:46:00,2011-09-15 12:40:00,UNITED KINGDOM,205
17004.0,2,43,38,771.0,17.930232558139537,0.0,18.0,2011-09-08 12:16:00,2011-10-24 14:25:00,UNITED KINGDOM,46
17006.0,4,44,37,272.0,6.181818181818182,15.0,15.0,2011-09-25 12:15:00,2011-12-05 12:09:00,UNITED KINGDOM,70
17007.0,6,52,50,597.0,11.48076923076923,0.0,18.0,2010-12-17 13:57:00,2011-10-20 10:47:00,UNITED KINGDOM,306
17010.0,1,11,11,118.0,10.727272727272727,0.0,18.0,2011-11-21 14:49:00,2011-11-21 14:49:00,UNITED KINGDOM,0
17011.0,1,15,15,186.0,12.4,0.0,18.0,2011-11-09 13:30:00,2011-11-09 13:30:00,UNITED KINGDOM,0
17014.0,3,72,63,243.0,3.375,0.0,18.0,2011-10-04 11:36:00,2011-12-01 14:09:00,UNITED KINGDOM,58
17015.0,3,214,182,1978.0,9.242990654205608,0.0,18.0,2011-06-07 13:19:00,2011-11-11 10:45:00,UNITED KINGDOM,156
17017.0,20,252,91,6673.0,26.48015873015873,0.0,18.0,2010-12-02 10:17:00,2011-12-07 09:32:00,UNITED KINGDOM,369
17018.0,2,16,15,176.0,11.0,0.0,18.0,2011-01-18 08:46:00,2011-10-30 11:42:00,UNITED KINGDOM,285
17019.0,4,228,172,820.0,3.5964912280701755,0.0,18.0,2010-12-06 12:55:00,2011-11-28 13:06:00,UNITED KINGDOM,357
17022.0,1,7,7,108.0,15.428571428571429,0.0,18.0,2011-11-08 17:09:00,2011-11-08 17:09:00,UNITED KINGDOM,0
17024.0,3,3,2,69.0,23.0,0.0,18.0,2011-07-05 09:31:00,2011-10-25 13:47:00,UNITED KINGDOM,112
17025.0,3,9,8,235.0,26.11111111111111,0.0,18.0,2010-12-01 15:45:00,2011-10-10 09:06:00,UNITED KINGDOM,312
17026.0,2,4,4,97.0,24.25,0.0,18.0,2010-12-05 12:47:00,2011-06-07 14:28:00,UNITED KINGDOM,184
17027.0,6,148,109,416.0,2.810810810810811,0.0,18.0,2011-01-26 14:19:00,2011-09-22 12:24:00,UNITED KINGDOM,238
17029.0,2,2,1,400.0,200.0,0.0,18.0,2011-04-17 10:57:00,2011-08-21 11:06:00,UNITED KINGDOM,126
17030.0,1,11,11,146.0,13.272727272727273,0.0,18.0,2011-10-07 08:49:00,2011-10-07 08:49:00,UNITED KINGDOM,0
17031.0,2,22,19,235.0,10.681818181818182,0.0,18.0,2011-07-08 09:38:00,2011-11-28 10:23:00,UNITED KINGDOM,143
17033.0,3,28,25,750.0,26.785714285714285,0.0,18.0,2010-12-15 13:21:00,2011-09-14 14:34:00,UNITED KINGDOM,273
17034.0,3,30,28,410.0,13.666666666666666,15.0,15.0,2011-02-25 10:10:00,2011-11-23 15:14:00,UNITED KINGDOM,271
17035.0,2,28,27,229.0,8.178571428571429,0.0,18.0,2011-02-01 12:27:00,2011-04-08 11:23:00,UNITED KINGDOM,65
17037.0,1,75,75,656.0,8.746666666666666,0.0,18.0,2011-09-13 12:49:00,2011-09-13 12:49:00,UNITED KINGDOM,0
17038.0,1,22,22,28.0,1.2727272727272727,0.0,18.0,2011-11-09 13:50:00,2011-11-09 13:50:00,UNITED KINGDOM,0
17040.0,1,15,15,181.0,12.066666666666666,0.0,18.0,2011-07-25 10:19:00,2011-07-25 10:19:00,UNITED KINGDOM,0
17041.0,3,69,59,927.0,13.434782608695652,0.0,18.0,2010-12-14 11:43:00,2011-11-13 11:21:00,UNITED KINGDOM,333
17042.0,5,97,74,990.0,10.206185567010309,0.0,18.0,2011-04-06 14:53:00,2011-12-07 12:26:00,UNITED KINGDOM,244
17043.0,4,102,100,998.0,9.784313725490197,0.0,18.0,2011-03-18 14:53:00,2011-11-07 15:33:00,UNITED KINGDOM,234
17044.0,1,6,6,504.0,84.0,0.0,18.0,2011-11-14 14:28:00,2011-11-14 14:28:00,UNITED KINGDOM,0
17045.0,3,22,20,106.0,4.818181818181818,0.0,18.0,2011-04-06 12:08:00,2011-08-18 17:09:00,UNITED KINGDOM,134
17046.0,1,22,22,510.0,23.181818181818183,0.0,18.0,2011-07-05 14:24:00,2011-07-05 14:24:00,UNITED KINGDOM,0
17047.0,3,65,59,533.0,8.2,0.0,18.0,2011-05-18 16:50:00,2011-09-15 13:27:00,UNITED KINGDOM,119
17048.0,3,43,41,485.0,11.279069767441861,0.0,18.0,2011-01-12 16:51:00,2011-08-14 11:49:00,UNITED KINGDOM,213
17049.0,9,317,202,2673.0,8.43217665615142,125.0,125.0,2011-03-09 08:33:00,2011-12-07 10:48:00,UNITED KINGDOM,273
17050.0,6,308,169,1595.0,5.178571428571429,0.0,18.0,2011-02-13 12:41:00,2011-09-04 13:48:00,UNITED KINGDOM,203
17051.0,1,42,40,179.0,4.261904761904762,0.0,18.0,2011-05-29 14:13:00,2011-05-29 14:13:00,UNITED KINGDOM,0
17052.0,1,83,72,251.0,3.0240963855421685,0.0,18.0,2011-11-11 14:50:00,2011-11-11 14:50:00,UNITED KINGDOM,0
17053.0,1,13,13,122.0,9.384615384615385,0.0,18.0,2011-08-01 10:23:00,2011-08-01 10:23:00,UNITED KINGDOM,0
17054.0,5,83,65,804.0,9.686746987951807,0.0,18.0,2011-04-08 13:14:00,2011-11-11 12:56:00,UNITED KINGDOM,216
17058.0,3,62,51,592.0,9.548387096774194,0.0,18.0,2011-04-14 09:18:00,2011-09-19 10:13:00,UNITED KINGDOM,158
17059.0,5,514,297,1850.0,3.5992217898832686,1.0,1.0,2010-12-05 12:35:00,2011-11-10 12:27:00,UNITED KINGDOM,339
17060.0,1,5,5,216.0,43.2,0.0,18.0,2011-03-18 13:27:00,2011-03-18 13:27:00,UNITED KINGDOM,0
17061.0,11,99,57,1526.0,15.414141414141413,0.0,18.0,2011-04-21 13:29:00,2011-09-27 11:24:00,UNITED KINGDOM,158
17062.0,4,69,52,418.0,6.057971014492754,0.0,18.0,2010-12-05 11:59:00,2011-01-30 11:01:00,UNITED KINGDOM,55
17063.0,7,78,67,770.0,9.871794871794872,0.0,18.0,2011-02-23 13:44:00,2011-11-18 16:19:00,UNITED KINGDOM,268
17064.0,3,61,53,316.0,5.180327868852459,0.0,18.0,2011-01-16 16:10:00,2011-10-12 10:18:00,UNITED KINGDOM,268
17068.0,21,296,118,2164.0,7.3108108108108105,0.0,18.0,2010-12-06 13:58:00,2011-11-27 13:14:00,UNITED KINGDOM,355
17069.0,9,143,113,1506.0,10.531468531468532,0.0,18.0,2010-12-01 16:49:00,2011-11-11 17:13:00,UNITED KINGDOM,345
17070.0,1,62,62,131.0,2.1129032258064515,0.0,18.0,2011-08-17 17:01:00,2011-08-17 17:01:00,UNITED KINGDOM,0
17071.0,9,140,103,1197.0,8.55,0.0,18.0,2011-02-03 08:18:00,2011-11-11 16:31:00,UNITED KINGDOM,281
17073.0,4,174,142,759.0,4.362068965517241,0.0,18.0,2011-08-22 14:37:00,2011-11-22 11:47:00,UNITED KINGDOM,91
17075.0,4,77,65,292.0,3.792207792207792,0.0,18.0,2011-01-26 13:20:00,2011-11-22 11:58:00,UNITED KINGDOM,299
17076.0,3,25,18,295.0,11.8,25.0,25.0,2010-12-10 10:08:00,2011-11-03 17:53:00,UNITED KINGDOM,328
17078.0,2,28,28,788.0,28.142857142857142,0.0,18.0,2011-11-03 18:49:00,2011-11-03 19:17:00,UNITED KINGDOM,0
17079.0,1,2,2,24.0,12.0,0.0,18.0,2011-09-22 15:34:00,2011-09-22 15:34:00,UNITED KINGDOM,0
17080.0,2,8,8,166.0,20.75,0.0,18.0,2011-03-15 12:05:00,2011-11-17 12:59:00,UNITED KINGDOM,247
17081.0,2,63,55,77.0,1.2222222222222223,0.0,18.0,2011-10-24 13:08:00,2011-11-14 12:56:00,UNITED KINGDOM,20
17082.0,2,81,76,1049.0,12.950617283950617,125.0,125.0,2011-01-25 14:36:00,2011-11-06 15:17:00,UNITED KINGDOM,285
17083.0,3,52,28,772.0,14.846153846153847,0.0,18.0,2011-02-09 11:38:00,2011-08-22 15:43:00,UNITED KINGDOM,194
17084.0,2,149,146,1702.0,11.422818791946309,0.0,18.0,2011-11-04 14:49:00,2011-11-04 14:54:00,UNITED KINGDOM,0
17085.0,5,186,115,785.0,4.220430107526882,0.0,18.0,2010-12-12 12:24:00,2011-08-08 14:15:00,UNITED KINGDOM,239
17086.0,6,96,76,1859.0,19.364583333333332,16.0,8.0,2011-10-07 11:22:00,2011-12-02 13:54:00,UNITED KINGDOM,56
17088.0,4,115,98,868.0,7.547826086956522,25.0,25.0,2011-03-31 09:48:00,2011-11-11 14:23:00,UNITED KINGDOM,225
17090.0,7,61,45,903.0,14.80327868852459,0.0,18.0,2010-12-20 13:52:00,2011-12-05 13:44:00,UNITED KINGDOM,349
17091.0,9,195,120,1746.0,8.953846153846154,0.0,18.0,2010-12-07 09:55:00,2011-12-07 10:43:00,UNITED KINGDOM,365
17092.0,4,124,99,1130.0,9.112903225806452,0.0,18.0,2011-03-07 14:51:00,2011-10-20 19:51:00,UNITED KINGDOM,227
17094.0,1,14,14,152.0,10.857142857142858,0.0,18.0,2011-01-21 13:09:00,2011-01-21 13:09:00,UNITED KINGDOM,0
17095.0,3,74,69,618.0,8.35135135135135,0.0,18.0,2011-01-09 11:05:00,2011-11-17 12:21:00,UNITED KINGDOM,312
17096.0,4,48,46,339.0,7.0625,0.0,18.0,2011-03-23 12:05:00,2011-11-24 15:01:00,UNITED KINGDOM,246
17097.0,8,211,153,459.0,2.175355450236967,0.0,18.0,2010-12-09 14:55:00,2011-12-07 17:05:00,SPAIN,363
17100.0,2,65,65,800.0,12.307692307692308,0.0,18.0,2011-11-21 16:36:00,2011-11-21 16:36:00,UNITED KINGDOM,0
17101.0,4,42,29,815.0,19.404761904761905,0.0,18.0,2011-06-14 14:49:00,2011-11-29 13:57:00,UNITED KINGDOM,167
17102.0,1,1,1,2.0,2.0,0.0,18.0,2011-03-23 10:08:00,2011-03-23 10:08:00,UNITED KINGDOM,0
17105.0,2,90,80,693.0,7.7,1.0,1.0,2011-02-06 14:46:00,2011-07-03 15:53:00,UNITED KINGDOM,147
17107.0,6,416,272,4826.0,11.600961538461538,0.0,18.0,2011-03-06 15:17:00,2011-11-06 14:14:00,UNITED KINGDOM,244
17109.0,6,116,107,588.0,5.068965517241379,0.0,18.0,2011-04-21 15:46:00,2011-11-10 16:59:00,UNITED KINGDOM,203
17110.0,1,12,12,50.0,4.166666666666667,0.0,18.0,2011-06-27 12:58:00,2011-06-27 12:58:00,UNITED KINGDOM,0
17111.0,1,29,29,282.0,9.724137931034482,0.0,18.0,2011-10-23 15:59:00,2011-10-23 15:59:00,UNITED KINGDOM,0
17114.0,8,123,86,215.0,1.7479674796747968,0.0,18.0,2011-01-09 11:39:00,2011-12-04 12:17:00,UNITED KINGDOM,329
17115.0,3,39,33,372.0,9.538461538461538,0.0,18.0,2011-04-20 14:46:00,2011-12-01 14:30:00,UNITED KINGDOM,224
17117.0,1,9,9,68.0,7.555555555555555,0.0,18.0,2011-02-24 13:54:00,2011-02-24 13:54:00,UNITED KINGDOM,0
17118.0,1,10,10,154.0,15.4,0.0,18.0,2011-01-26 12:19:00,2011-01-26 12:19:00,UNITED KINGDOM,0
17119.0,2,35,35,334.0,9.542857142857143,15.0,15.0,2011-10-11 11:03:00,2011-12-06 14:40:00,UNITED KINGDOM,56
17120.0,1,18,18,120.0,6.666666666666667,0.0,18.0,2011-04-20 15:21:00,2011-04-20 15:21:00,UNITED KINGDOM,0
17122.0,1,7,7,80.0,11.428571428571429,0.0,18.0,2011-08-12 14:33:00,2011-08-12 14:33:00,UNITED KINGDOM,0
17123.0,1,9,9,246.0,27.333333333333332,0.0,18.0,2011-07-01 10:47:00,2011-07-01 10:47:00,UNITED KINGDOM,0
17124.0,1,31,31,129.0,4.161290322580645,0.0,18.0,2011-06-07 14:02:00,2011-06-07 14:02:00,UNITED KINGDOM,0
17125.0,1,35,34,281.0,8.028571428571428,0.0,18.0,2011-10-20 14:41:00,2011-10-20 14:41:00,UNITED KINGDOM,0
17126.0,5,248,187,780.0,3.1451612903225805,0.0,18.0,2010-12-12 11:26:00,2011-07-10 13:52:00,UNITED KINGDOM,210
17128.0,1,14,14,76.0,5.428571428571429,0.0,18.0,2011-01-09 12:02:00,2011-01-09 12:02:00,UNITED KINGDOM,0
17131.0,5,134,78,983.0,7.335820895522388,0.0,18.0,2011-09-25 12:42:00,2011-12-04 12:52:00,UNITED KINGDOM,70
17133.0,7,27,13,2730.0,101.11111111111111,0.0,18.0,2011-03-18 13:47:00,2011-11-24 12:27:00,UNITED KINGDOM,250
17134.0,2,23,21,98.0,4.260869565217392,0.0,18.0,2011-03-20 11:56:00,2011-08-25 09:53:00,UNITED KINGDOM,157
17135.0,7,52,35,1224.0,23.53846153846154,170.0,85.0,2010-12-03 09:31:00,2011-11-23 16:48:00,UNITED KINGDOM,355
17138.0,1,24,24,126.0,5.25,0.0,18.0,2011-03-09 11:54:00,2011-03-09 11:54:00,UNITED KINGDOM,0
17139.0,12,477,313,5176.0,10.851153039832285,290.0,145.0,2011-02-24 09:32:00,2011-11-24 10:12:00,UNITED KINGDOM,273
17140.0,1,18,16,296.0,16.444444444444443,0.0,18.0,2011-04-06 13:33:00,2011-04-06 13:33:00,UNITED KINGDOM,0
17142.0,1,15,15,81.0,5.4,195.0,195.0,2011-04-14 18:22:00,2011-04-14 18:22:00,UNITED KINGDOM,0
17144.0,2,48,42,483.0,10.0625,0.0,18.0,2011-09-16 12:50:00,2011-12-08 17:57:00,UNITED KINGDOM,83
17146.0,3,35,33,212.0,6.057142857142857,85.0,85.0,2010-12-16 12:20:00,2011-08-26 12:44:00,UNITED KINGDOM,253
17147.0,4,81,68,882.0,10.88888888888889,0.0,18.0,2011-02-01 09:36:00,2011-11-17 12:32:00,UNITED KINGDOM,289
17148.0,1,9,9,82.0,9.11111111111111,0.0,18.0,2011-10-19 09:59:00,2011-10-19 09:59:00,UNITED KINGDOM,0
17152.0,3,14,9,517.0,36.92857142857143,0.0,18.0,2011-03-21 16:20:00,2011-05-29 12:19:00,UNITED KINGDOM,68
17153.0,1,14,14,104.0,7.428571428571429,0.0,18.0,2011-11-15 13:42:00,2011-11-15 13:42:00,UNITED KINGDOM,0
17154.0,1,23,23,490.0,21.304347826086957,0.0,18.0,2011-09-25 13:42:00,2011-09-25 13:42:00,UNITED KINGDOM,0
17155.0,2,20,19,242.0,12.1,0.0,18.0,2011-06-15 10:22:00,2011-11-22 12:38:00,UNITED KINGDOM,160
17157.0,2,13,11,172.0,13.23076923076923,0.0,18.0,2011-06-16 15:08:00,2011-12-02 09:10:00,UNITED KINGDOM,168
17158.0,3,67,53,778.0,11.611940298507463,0.0,18.0,2010-12-14 13:03:00,2011-11-07 15:15:00,UNITED KINGDOM,328
17159.0,3,101,97,1111.0,11.0,0.0,18.0,2011-06-21 09:49:00,2011-11-18 10:52:00,UNITED KINGDOM,150
17160.0,6,229,113,2856.0,12.471615720524017,30.0,15.0,2011-04-12 12:00:00,2011-11-08 14:05:00,UNITED KINGDOM,210
17162.0,10,104,82,1001.0,9.625,0.0,18.0,2011-02-07 12:27:00,2011-11-11 11:34:00,UNITED KINGDOM,276
17163.0,2,5,3,66.0,13.2,0.0,18.0,2011-09-22 15:54:00,2011-11-18 08:57:00,UNITED KINGDOM,56
17164.0,7,144,92,1501.0,10.42361111111111,0.0,18.0,2011-03-11 14:26:00,2011-11-07 09:14:00,UNITED KINGDOM,240
17165.0,1,10,10,100.0,10.0,0.0,18.0,2011-02-28 16:39:00,2011-02-28 16:39:00,UNITED KINGDOM,0
17166.0,2,12,11,78.0,6.5,0.0,18.0,2011-05-20 08:18:00,2011-11-01 09:46:00,UNITED KINGDOM,165
17169.0,2,54,51,526.0,9.74074074074074,0.0,18.0,2011-06-09 13:16:00,2011-10-13 10:25:00,UNITED KINGDOM,125
17171.0,1,16,16,185.0,11.5625,0.0,18.0,2011-02-23 16:37:00,2011-02-23 16:37:00,UNITED KINGDOM,0
17172.0,1,15,15,480.0,32.0,0.0,18.0,2011-09-22 09:36:00,2011-09-22 09:36:00,UNITED KINGDOM,0
17173.0,8,86,36,1122.0,13.046511627906977,0.0,18.0,2011-07-31 15:26:00,2011-12-04 14:40:00,UNITED KINGDOM,125
17174.0,1,4,4,41.0,10.25,0.0,18.0,2011-05-06 11:47:00,2011-05-06 11:47:00,UNITED KINGDOM,0
17175.0,4,63,42,866.0,13.746031746031745,0.0,18.0,2011-02-16 14:56:00,2011-10-26 15:31:00,UNITED KINGDOM,252
17176.0,1,15,15,170.0,11.333333333333334,0.0,18.0,2011-05-22 12:41:00,2011-05-22 12:41:00,UNITED KINGDOM,0
17179.0,3,80,61,290.0,3.625,0.0,18.0,2010-12-13 14:24:00,2011-06-14 16:48:00,UNITED KINGDOM,183
17180.0,4,125,91,670.0,5.36,0.0,18.0,2011-01-27 18:05:00,2011-10-14 15:46:00,UNITED KINGDOM,259
17181.0,2,23,23,241.0,10.478260869565217,0.0,18.0,2010-12-01 12:38:00,2011-10-13 14:48:00,UNITED KINGDOM,316
17183.0,6,73,42,1296.0,17.753424657534246,0.0,18.0,2011-08-26 15:25:00,2011-12-02 10:07:00,UNITED KINGDOM,97
17186.0,2,2,1,200.0,100.0,0.0,18.0,2011-10-10 12:52:00,2011-10-24 10:20:00,UNITED KINGDOM,13
17187.0,1,10,10,144.0,14.4,0.0,18.0,2011-04-27 12:39:00,2011-04-27 12:39:00,UNITED KINGDOM,0
17188.0,7,84,71,1328.0,15.80952380952381,0.0,18.0,2010-12-12 12:56:00,2011-11-28 13:53:00,UNITED KINGDOM,351
17189.0,2,60,52,226.0,3.7666666666666666,0.0,18.0,2010-12-15 17:28:00,2011-08-25 19:39:00,UNITED KINGDOM,253
17190.0,2,19,19,161.0,8.473684210526315,195.0,195.0,2011-05-16 15:29:00,2011-10-12 11:33:00,UNITED KINGDOM,148
17191.0,7,236,163,1166.0,4.940677966101695,0.0,18.0,2010-12-06 14:36:00,2011-11-11 16:58:00,UNITED KINGDOM,340
17193.0,7,32,18,1254.0,39.1875,0.0,18.0,2011-06-16 10:04:00,2011-11-04 12:47:00,UNITED KINGDOM,141
17194.0,2,29,26,119.0,4.103448275862069,35.0,11.666666666666666,2010-12-14 12:06:00,2011-03-11 12:05:00,UNITED KINGDOM,86
17197.0,1,29,29,191.0,6.586206896551724,0.0,18.0,2011-11-10 10:32:00,2011-11-10 10:32:00,UNITED KINGDOM,0
17198.0,3,96,88,357.0,3.71875,0.0,18.0,2010-12-03 14:54:00,2011-11-16 10:39:00,UNITED KINGDOM,347
17201.0,1,38,38,231.0,6.078947368421052,0.0,18.0,2011-10-17 11:55:00,2011-10-17 11:55:00,UNITED KINGDOM,0
17203.0,6,148,116,2846.0,19.22972972972973,0.0,18.0,2011-10-10 14:37:00,2011-11-04 12:27:00,UNITED KINGDOM,24
17204.0,4,57,44,646.0,11.333333333333334,0.0,18.0,2011-03-21 12:42:00,2011-06-17 14:46:00,UNITED KINGDOM,88
17205.0,1,13,13,884.0,68.0,0.0,18.0,2011-10-17 12:46:00,2011-10-17 12:46:00,UNITED KINGDOM,0
17206.0,1,7,7,76.0,10.857142857142858,0.0,18.0,2011-10-17 13:25:00,2011-10-17 13:25:00,UNITED KINGDOM,0
17211.0,8,211,153,1323.0,6.270142180094787,50.0,50.0,2010-12-05 12:44:00,2011-11-13 12:03:00,UNITED KINGDOM,342
17212.0,1,4,4,147.0,36.75,0.0,18.0,2011-03-31 19:42:00,2011-03-31 19:42:00,UNITED KINGDOM,0
17213.0,7,157,86,1176.0,7.490445859872612,0.0,18.0,2010-12-08 13:03:00,2011-10-30 14:53:00,UNITED KINGDOM,326
17214.0,6,101,79,272.0,2.6930693069306932,85.0,85.0,2010-12-15 15:14:00,2011-10-10 13:17:00,UNITED KINGDOM,298
17217.0,1,9,9,24.0,2.6666666666666665,0.0,18.0,2011-04-19 17:19:00,2011-04-19 17:19:00,UNITED KINGDOM,0
17218.0,10,271,146,955.0,3.5239852398523985,0.0,18.0,2010-12-06 15:25:00,2011-12-05 13:52:00,UNITED KINGDOM,363
17219.0,1,25,24,89.0,3.56,0.0,18.0,2011-11-08 11:25:00,2011-11-08 11:25:00,UNITED KINGDOM,0
17220.0,14,467,307,1897.0,4.062098501070664,0.0,18.0,2010-12-10 14:54:00,2011-11-15 13:47:00,UNITED KINGDOM,339
17221.0,2,62,59,287.0,4.629032258064516,0.0,18.0,2011-11-03 17:39:00,2011-12-02 13:35:00,UNITED KINGDOM,28
17222.0,1,27,27,122.0,4.518518518518518,0.0,18.0,2011-10-05 13:58:00,2011-10-05 13:58:00,UNITED KINGDOM,0
17223.0,2,48,43,110.0,2.2916666666666665,35.0,35.0,2010-12-06 14:08:00,2011-02-02 15:57:00,UNITED KINGDOM,58
17226.0,1,21,21,406.0,19.333333333333332,0.0,18.0,2011-02-04 11:52:00,2011-02-04 11:52:00,UNITED KINGDOM,0
17227.0,6,47,28,741.0,15.76595744680851,0.0,18.0,2010-12-06 11:16:00,2011-11-21 10:51:00,UNITED KINGDOM,349
17228.0,8,208,145,1532.0,7.365384615384615,0.0,18.0,2010-12-02 16:00:00,2011-11-24 10:24:00,UNITED KINGDOM,356
17229.0,2,47,39,185.0,3.9361702127659575,0.0,18.0,2011-07-20 12:38:00,2011-09-04 13:56:00,UNITED KINGDOM,46
17230.0,8,69,51,1651.0,23.92753623188406,0.0,18.0,2010-12-15 11:22:00,2011-03-20 16:12:00,UNITED KINGDOM,95
17231.0,10,531,295,1724.0,3.2467043314500943,0.0,18.0,2010-12-13 14:16:00,2011-11-27 15:18:00,UNITED KINGDOM,349
17232.0,2,35,30,202.0,5.771428571428571,0.0,18.0,2011-11-25 12:24:00,2011-12-07 12:21:00,UNITED KINGDOM,11
17233.0,1,25,25,131.0,5.24,0.0,18.0,2011-11-04 14:06:00,2011-11-04 14:06:00,UNITED KINGDOM,0
17234.0,1,14,14,55.0,3.9285714285714284,0.0,18.0,2011-06-10 11:20:00,2011-06-10 11:20:00,UNITED KINGDOM,0
17235.0,2,29,24,224.0,7.724137931034483,0.0,18.0,2010-12-02 13:38:00,2011-11-14 15:51:00,UNITED KINGDOM,347
17236.0,6,105,88,474.0,4.514285714285714,0.0,18.0,2010-12-12 11:49:00,2011-11-27 12:00:00,UNITED KINGDOM,350
17237.0,2,19,18,105.0,5.526315789473684,0.0,18.0,2011-11-17 12:55:00,2011-11-28 15:02:00,UNITED KINGDOM,11
17238.0,17,555,304,1807.0,3.255855855855856,0.0,18.0,2010-12-03 15:05:00,2011-12-07 11:35:00,UNITED KINGDOM,368
17239.0,1,15,15,150.0,10.0,0.0,18.0,2011-01-31 09:41:00,2011-01-31 09:41:00,UNITED KINGDOM,0
17242.0,2,40,30,611.0,15.275,0.0,18.0,2011-06-12 13:04:00,2011-08-23 14:55:00,UNITED KINGDOM,72
17243.0,26,387,183,3320.0,8.578811369509044,0.0,18.0,2010-12-05 10:03:00,2011-12-08 13:26:00,UNITED KINGDOM,368
17244.0,1,31,31,616.0,19.870967741935484,0.0,18.0,2011-10-17 15:19:00,2011-10-17 15:19:00,UNITED KINGDOM,0
17245.0,1,9,9,75.0,8.333333333333334,0.0,18.0,2011-05-19 10:43:00,2011-05-19 10:43:00,UNITED KINGDOM,0
17247.0,1,54,53,105.0,1.9444444444444444,0.0,18.0,2011-11-24 15:21:00,2011-11-24 15:21:00,UNITED KINGDOM,0
17248.0,1,69,68,213.0,3.0869565217391304,0.0,18.0,2011-08-11 13:34:00,2011-08-11 13:34:00,UNITED KINGDOM,0
17250.0,2,56,55,167.0,2.982142857142857,0.0,18.0,2011-03-23 16:45:00,2011-12-06 12:15:00,UNITED KINGDOM,257
17251.0,1,37,37,108.0,2.918918918918919,0.0,18.0,2010-12-12 11:06:00,2010-12-12 11:06:00,UNITED KINGDOM,0
17252.0,2,86,86,192.0,2.2325581395348837,0.0,18.0,2011-06-06 16:41:00,2011-08-15 09:45:00,UNITED KINGDOM,69
17253.0,1,18,18,43.0,2.388888888888889,0.0,18.0,2011-11-21 12:59:00,2011-11-21 12:59:00,UNITED KINGDOM,0
17254.0,2,111,100,251.0,2.2612612612612613,0.0,18.0,2011-11-24 14:09:00,2011-12-05 12:46:00,UNITED KINGDOM,10
17255.0,2,74,69,227.0,3.0675675675675675,0.0,18.0,2011-02-13 15:18:00,2011-10-30 12:18:00,UNITED KINGDOM,258
17256.0,2,16,12,141.0,8.8125,0.0,18.0,2011-01-31 14:53:00,2011-08-24 13:30:00,UNITED KINGDOM,204
17259.0,2,116,104,388.0,3.3448275862068964,0.0,18.0,2010-12-06 12:55:00,2011-07-14 15:01:00,UNITED KINGDOM,220
17262.0,5,12,9,367.0,30.583333333333332,0.0,18.0,2010-12-08 13:30:00,2011-10-18 12:56:00,UNITED KINGDOM,313
17263.0,1,23,23,36.0,1.565217391304348,0.0,18.0,2011-05-15 14:32:00,2011-05-15 14:32:00,UNITED KINGDOM,0
17265.0,2,122,106,389.0,3.1885245901639343,0.0,18.0,2011-06-12 12:00:00,2011-07-24 10:49:00,UNITED KINGDOM,41
17266.0,3,73,60,153.0,2.095890410958904,0.0,18.0,2011-07-15 11:57:00,2011-12-07 14:12:00,UNITED KINGDOM,145
17267.0,2,37,37,158.0,4.27027027027027,0.0,18.0,2011-08-04 17:19:00,2011-08-04 17:22:00,UNITED KINGDOM,0
17268.0,4,6,3,844.0,140.66666666666666,0.0,18.0,2011-04-08 13:20:00,2011-08-24 10:06:00,UNITED KINGDOM,137
17272.0,4,114,71,1778.0,15.596491228070175,0.0,18.0,2011-03-22 12:05:00,2011-10-28 16:37:00,UNITED KINGDOM,220
17274.0,1,25,24,77.0,3.08,0.0,18.0,2011-11-04 13:16:00,2011-11-04 13:16:00,UNITED KINGDOM,0
17277.0,2,69,67,430.0,6.231884057971015,0.0,18.0,2011-01-21 12:37:00,2011-04-26 12:47:00,UNITED KINGDOM,95
17278.0,1,15,15,179.0,11.933333333333334,0.0,18.0,2011-04-12 13:10:00,2011-04-12 13:10:00,UNITED KINGDOM,0
17279.0,1,9,8,48.0,5.333333333333333,0.0,18.0,2011-10-13 11:58:00,2011-10-13 11:58:00,UNITED KINGDOM,0
17282.0,3,89,79,1866.0,20.96629213483146,0.0,18.0,2011-02-13 11:36:00,2011-08-01 14:29:00,UNITED KINGDOM,169
17284.0,6,291,229,1362.0,4.680412371134021,0.0,18.0,2011-01-07 14:31:00,2011-10-10 14:38:00,UNITED KINGDOM,276
17286.0,1,44,44,117.0,2.659090909090909,0.0,18.0,2011-11-18 12:47:00,2011-11-18 12:47:00,UNITED KINGDOM,0
17287.0,7,122,88,556.0,4.557377049180328,0.0,18.0,2010-12-02 12:22:00,2011-11-13 13:27:00,UNITED KINGDOM,346
17288.0,7,140,118,1201.0,8.57857142857143,0.0,18.0,2010-12-16 13:33:00,2011-11-30 16:09:00,UNITED KINGDOM,349
17289.0,3,104,86,513.0,4.9326923076923075,0.0,18.0,2011-06-12 13:51:00,2011-11-08 12:01:00,UNITED KINGDOM,148
17290.0,2,96,92,397.0,4.135416666666667,0.0,18.0,2011-11-23 15:53:00,2011-12-06 12:38:00,UNITED KINGDOM,12
17291.0,1,1,1,72.0,72.0,0.0,18.0,2011-02-04 13:04:00,2011-02-04 13:04:00,UNITED KINGDOM,0
17293.0,9,132,93,1135.0,8.598484848484848,65.0,65.0,2010-12-13 14:55:00,2011-12-01 14:37:00,UNITED KINGDOM,352
17295.0,3,68,53,293.0,4.3088235294117645,0.0,18.0,2011-10-06 12:22:00,2011-11-11 10:49:00,UNITED KINGDOM,35
17297.0,1,49,49,65.0,1.3265306122448979,0.0,18.0,2011-11-22 14:43:00,2011-11-22 14:43:00,UNITED KINGDOM,0
17298.0,2,30,30,387.0,12.9,0.0,18.0,2011-08-07 12:21:00,2011-08-30 16:43:00,UNITED KINGDOM,23
17299.0,4,55,50,668.0,12.145454545454545,0.0,18.0,2011-06-19 16:04:00,2011-11-28 12:01:00,UNITED KINGDOM,161
17301.0,1,59,59,137.0,2.3220338983050848,0.0,18.0,2011-11-18 13:43:00,2011-11-18 13:43:00,UNITED KINGDOM,0
17302.0,5,79,68,575.0,7.2784810126582276,0.0,18.0,2011-02-07 10:14:00,2011-11-25 09:36:00,UNITED KINGDOM,290
17303.0,1,53,53,144.0,2.7169811320754715,0.0,18.0,2010-12-13 13:32:00,2010-12-13 13:32:00,UNITED KINGDOM,0
17306.0,19,66,13,11491.0,174.1060606060606,0.0,18.0,2010-12-21 13:34:00,2011-11-29 12:14:00,UNITED KINGDOM,342
17309.0,1,12,11,41.0,3.4166666666666665,0.0,18.0,2011-09-05 15:20:00,2011-09-05 15:20:00,UNITED KINGDOM,0
17311.0,2,55,55,1005.0,18.272727272727273,0.0,18.0,2011-01-27 10:56:00,2011-09-22 14:11:00,UNITED KINGDOM,238
17312.0,3,14,11,372.0,26.571428571428573,0.0,18.0,2011-07-03 13:12:00,2011-07-24 11:52:00,UNITED KINGDOM,20
17313.0,1,24,24,1402.0,58.416666666666664,0.0,18.0,2011-11-08 15:45:00,2011-11-08 15:45:00,UNITED KINGDOM,0
17314.0,8,131,120,1896.0,14.473282442748092,0.0,18.0,2011-01-31 11:25:00,2011-11-15 09:41:00,UNITED KINGDOM,287
17315.0,38,471,257,3863.0,8.201698513800425,30.0,15.0,2010-12-17 12:24:00,2011-12-08 12:15:00,UNITED KINGDOM,355
17317.0,3,9,8,1146.0,127.33333333333333,0.0,18.0,2011-09-11 12:45:00,2011-10-24 17:19:00,UNITED KINGDOM,43
17320.0,3,73,58,634.0,8.684931506849315,0.0,18.0,2010-12-06 15:38:00,2011-08-31 13:31:00,UNITED KINGDOM,267
17321.0,2,99,94,364.0,3.676767676767677,0.0,18.0,2011-10-03 11:34:00,2011-12-01 13:41:00,UNITED KINGDOM,59
17323.0,7,195,127,760.0,3.8974358974358974,0.0,18.0,2011-02-20 14:38:00,2011-11-24 17:29:00,UNITED KINGDOM,277
17324.0,4,49,43,843.0,17.20408163265306,25.0,25.0,2010-12-08 12:45:00,2011-11-22 10:34:00,UNITED KINGDOM,348
17325.0,1,6,6,60.0,10.0,0.0,18.0,2011-03-04 13:09:00,2011-03-04 13:09:00,UNITED KINGDOM,0
17329.0,2,33,30,142.0,4.303030303030303,0.0,18.0,2011-01-28 15:29:00,2011-11-25 14:24:00,UNITED KINGDOM,300
17330.0,2,6,5,120.0,20.0,0.0,18.0,2011-10-03 11:26:00,2011-11-17 08:56:00,UNITED KINGDOM,44
17331.0,1,1,1,16.0,16.0,0.0,18.0,2011-08-08 11:55:00,2011-08-08 11:55:00,UNITED KINGDOM,0
17333.0,1,28,28,375.0,13.392857142857142,0.0,18.0,2011-09-15 10:11:00,2011-09-15 10:11:00,UNITED KINGDOM,0
17334.0,2,11,11,315.0,28.636363636363637,0.0,18.0,2011-02-04 09:03:00,2011-02-10 14:59:00,UNITED KINGDOM,6
17337.0,4,521,418,1247.0,2.3934740882917467,0.0,18.0,2011-02-02 17:06:00,2011-07-11 14:55:00,UNITED KINGDOM,158
17338.0,8,721,389,3059.0,4.242718446601942,0.0,18.0,2010-12-13 12:57:00,2011-11-22 14:23:00,UNITED KINGDOM,344
17339.0,2,9,9,152.0,16.88888888888889,0.0,18.0,2010-12-09 14:44:00,2011-09-06 13:29:00,UNITED KINGDOM,270
17340.0,11,407,235,5967.0,14.660933660933662,0.0,18.0,2010-12-08 15:56:00,2011-11-10 10:45:00,UNITED KINGDOM,336
17341.0,3,157,147,443.0,2.821656050955414,0.0,18.0,2010-12-08 12:46:00,2011-07-06 12:33:00,UNITED KINGDOM,209
17343.0,1,17,17,56.0,3.2941176470588234,0.0,18.0,2010-12-19 15:07:00,2010-12-19 15:07:00,UNITED KINGDOM,0
17344.0,1,31,31,65.0,2.096774193548387,0.0,18.0,2011-10-24 12:56:00,2011-10-24 12:56:00,UNITED KINGDOM,0
17345.0,4,83,70,341.0,4.108433734939759,0.0,18.0,2011-05-27 12:26:00,2011-11-24 15:03:00,UNITED KINGDOM,181
17346.0,15,483,302,1617.0,3.347826086956522,0.0,18.0,2010-12-01 14:34:00,2011-12-06 12:18:00,UNITED KINGDOM,369
17347.0,1,1,1,216.0,216.0,0.0,18.0,2011-09-14 13:12:00,2011-09-14 13:12:00,UNITED KINGDOM,0
17348.0,5,213,180,1398.0,6.563380281690141,0.0,18.0,2011-02-15 10:49:00,2011-11-25 11:25:00,UNITED KINGDOM,283
17349.0,1,8,8,102.0,12.75,0.0,18.0,2011-06-13 14:29:00,2011-06-13 14:29:00,UNITED KINGDOM,0
17350.0,4,70,66,770.0,11.0,0.0,18.0,2011-10-19 16:05:00,2011-12-01 15:47:00,UNITED KINGDOM,42
17351.0,3,27,22,113.0,4.185185185185185,0.0,18.0,2011-03-11 16:05:00,2011-11-03 18:45:00,UNITED KINGDOM,237
17353.0,2,8,5,1200.0,150.0,0.0,18.0,2011-07-08 16:17:00,2011-08-02 17:19:00,UNITED KINGDOM,25
17354.0,1,16,15,1006.0,62.875,0.0,18.0,2011-10-20 10:34:00,2011-10-20 10:34:00,UNITED KINGDOM,0
17356.0,1,19,19,166.0,8.736842105263158,0.0,18.0,2011-02-01 11:07:00,2011-02-01 11:07:00,UNITED KINGDOM,0
17357.0,2,44,41,152.0,3.4545454545454546,0.0,18.0,2011-11-15 16:29:00,2011-11-15 16:30:00,UNITED KINGDOM,0
17358.0,2,58,54,190.0,3.2758620689655173,0.0,18.0,2010-12-19 14:16:00,2011-02-09 16:57:00,UNITED KINGDOM,52
17359.0,1,15,13,161.0,10.733333333333333,0.0,18.0,2011-11-28 14:37:00,2011-11-28 14:37:00,UNITED KINGDOM,0
17360.0,3,125,113,328.0,2.624,0.0,18.0,2011-06-08 17:09:00,2011-11-22 13:11:00,UNITED KINGDOM,166
17361.0,3,29,26,157.0,5.413793103448276,0.0,18.0,2011-02-21 09:55:00,2011-10-21 15:43:00,UNITED KINGDOM,242
17362.0,2,35,30,191.0,5.457142857142857,0.0,18.0,2011-02-03 10:26:00,2011-04-14 14:43:00,UNITED KINGDOM,70
17364.0,11,406,288,2692.0,6.630541871921182,0.0,18.0,2011-01-12 16:57:00,2011-12-09 09:00:00,UNITED KINGDOM,330
17365.0,8,465,278,4749.0,10.212903225806452,0.0,18.0,2011-01-11 12:11:00,2011-11-27 12:13:00,UNITED KINGDOM,320
17367.0,1,33,33,149.0,4.515151515151516,0.0,18.0,2011-04-15 14:21:00,2011-04-15 14:21:00,UNITED KINGDOM,0
17368.0,8,107,93,1377.0,12.869158878504672,0.0,18.0,2011-01-06 11:57:00,2011-11-16 15:26:00,UNITED KINGDOM,314
17370.0,4,33,31,540.0,16.363636363636363,0.0,18.0,2011-06-23 11:50:00,2011-09-28 10:14:00,UNITED KINGDOM,96
17371.0,3,86,83,151.0,1.755813953488372,0.0,18.0,2010-12-13 15:20:00,2011-11-22 13:30:00,UNITED KINGDOM,343
17372.0,8,251,215,747.0,2.9760956175298805,0.0,18.0,2010-12-12 12:00:00,2011-10-30 11:37:00,UNITED KINGDOM,321
17373.0,4,57,47,408.0,7.157894736842105,0.0,18.0,2011-01-31 11:46:00,2011-10-30 15:28:00,UNITED KINGDOM,272
17374.0,2,28,24,85.0,3.0357142857142856,0.0,18.0,2011-03-03 12:53:00,2011-05-05 09:05:00,UNITED KINGDOM,62
17375.0,3,69,63,367.0,5.318840579710145,0.0,18.0,2010-12-13 15:16:00,2011-05-24 15:45:00,UNITED KINGDOM,162
17376.0,2,24,23,86.0,3.5833333333333335,0.0,18.0,2011-02-01 14:12:00,2011-09-30 12:36:00,UNITED KINGDOM,240
17377.0,20,404,190,2038.0,5.044554455445544,0.0,18.0,2010-12-01 12:35:00,2011-11-16 11:17:00,UNITED KINGDOM,349
17379.0,1,78,71,623.0,7.987179487179487,0.0,18.0,2011-11-28 13:56:00,2011-11-28 13:56:00,UNITED KINGDOM,0
17381.0,29,109,40,25649.0,235.3119266055046,0.0,18.0,2010-12-02 12:58:00,2011-12-01 11:59:00,UNITED KINGDOM,363
17382.0,1,2,2,25.0,12.5,15.0,15.0,2011-10-05 13:05:00,2011-10-05 13:05:00,UNITED KINGDOM,0
17383.0,1,49,49,148.0,3.020408163265306,0.0,18.0,2011-12-05 17:36:00,2011-12-05 17:36:00,UNITED KINGDOM,0
17384.0,2,15,12,88.0,5.866666666666666,0.0,18.0,2011-05-04 16:07:00,2011-11-20 15:48:00,UNITED KINGDOM,199
17385.0,1,45,42,197.0,4.377777777777778,0.0,18.0,2011-11-25 11:02:00,2011-11-25 11:02:00,UNITED KINGDOM,0
17386.0,6,28,23,1902.0,67.92857142857143,0.0,18.0,2011-06-27 12:11:00,2011-12-02 11:28:00,UNITED KINGDOM,157
17387.0,2,76,71,522.0,6.868421052631579,0.0,18.0,2011-11-06 11:25:00,2011-11-20 11:00:00,UNITED KINGDOM,13
17388.0,4,15,13,1068.0,71.2,0.0,18.0,2011-02-25 12:28:00,2011-09-23 10:31:00,UNITED KINGDOM,209
17389.0,34,213,45,7612.0,35.737089201877936,0.0,18.0,2011-01-12 15:48:00,2011-12-09 09:38:00,UNITED KINGDOM,330
17391.0,2,3,2,480.0,160.0,0.0,18.0,2011-06-28 12:21:00,2011-06-29 09:58:00,UNITED KINGDOM,0
17392.0,2,56,53,277.0,4.946428571428571,3.0,3.0,2010-12-16 19:04:00,2011-02-06 12:48:00,UNITED KINGDOM,51
17394.0,1,4,4,241.0,60.25,0.0,18.0,2011-05-04 13:22:00,2011-05-04 13:22:00,UNITED KINGDOM,0
17396.0,8,27,24,2005.0,74.25925925925925,18.0,18.0,2010-12-03 09:45:00,2011-10-31 14:12:00,UNITED KINGDOM,332
17397.0,2,89,88,250.0,2.808988764044944,0.0,18.0,2011-11-17 13:58:00,2011-11-17 14:08:00,UNITED KINGDOM,0
17398.0,3,38,30,310.0,8.157894736842104,0.0,18.0,2011-03-29 13:04:00,2011-08-17 09:48:00,UNITED KINGDOM,140
17400.0,5,206,175,1088.0,5.281553398058253,0.0,18.0,2010-12-21 17:16:00,2011-08-05 15:38:00,UNITED KINGDOM,226
17402.0,13,59,33,701.0,11.88135593220339,35.0,35.0,2010-12-05 13:53:00,2011-12-05 10:15:00,UNITED KINGDOM,364
17403.0,1,32,32,111.0,3.46875,0.0,18.0,2011-11-03 15:18:00,2011-11-03 15:18:00,UNITED KINGDOM,0
17404.0,15,198,111,32748.0,165.3939393939394,85.0,28.333333333333332,2010-12-14 13:28:00,2011-12-05 16:26:00,SWEDEN,356
17405.0,3,82,77,726.0,8.853658536585366,0.0,18.0,2011-07-12 14:17:00,2011-12-08 17:12:00,UNITED KINGDOM,149
17406.0,3,111,99,780.0,7.027027027027027,420.0,210.0,2010-12-08 10:35:00,2011-01-10 15:07:00,UNITED KINGDOM,33
17408.0,1,2,2,3.0,1.5,0.0,18.0,2011-06-29 12:53:00,2011-06-29 12:53:00,UNITED KINGDOM,0
17409.0,2,13,13,105.0,8.076923076923077,0.0,18.0,2011-04-05 16:42:00,2011-06-08 10:36:00,UNITED KINGDOM,63
17410.0,5,64,58,616.0,9.625,0.0,18.0,2011-05-08 15:21:00,2011-11-23 15:46:00,UNITED KINGDOM,199
17411.0,3,41,39,306.0,7.463414634146342,0.0,18.0,2011-03-23 13:44:00,2011-11-27 14:25:00,UNITED KINGDOM,249
17412.0,7,66,50,738.0,11.181818181818182,0.0,18.0,2010-12-02 16:29:00,2011-12-07 11:36:00,UNITED KINGDOM,369
17414.0,2,6,5,2100.0,350.0,0.0,18.0,2011-06-08 11:43:00,2011-10-27 12:13:00,UNITED KINGDOM,141
17415.0,1,14,14,114.0,8.142857142857142,85.0,85.0,2011-09-21 12:50:00,2011-09-21 12:50:00,UNITED KINGDOM,0
17416.0,7,269,187,4302.0,15.992565055762082,0.0,18.0,2011-03-03 13:45:00,2011-11-10 12:47:00,UNITED KINGDOM,251
17418.0,2,30,29,289.0,9.633333333333333,0.0,18.0,2011-01-20 11:39:00,2011-10-28 13:00:00,UNITED KINGDOM,281
17419.0,12,206,155,1876.0,9.106796116504855,85.0,85.0,2010-12-07 15:03:00,2011-11-28 13:47:00,UNITED KINGDOM,355
17420.0,3,30,28,265.0,8.833333333333334,0.0,18.0,2010-12-01 09:56:00,2011-10-20 14:52:00,UNITED KINGDOM,323
17422.0,6,117,93,2253.0,19.256410256410255,0.0,18.0,2011-02-16 14:44:00,2011-11-23 13:27:00,UNITED KINGDOM,279
17423.0,2,26,26,459.0,17.653846153846153,0.0,18.0,2011-05-06 09:14:00,2011-10-24 13:36:00,UNITED KINGDOM,171
17425.0,2,43,42,407.0,9.465116279069768,0.0,18.0,2011-10-10 11:37:00,2011-11-20 15:30:00,UNITED KINGDOM,41
17426.0,6,271,181,3094.0,11.416974169741698,0.0,18.0,2011-03-02 16:34:00,2011-12-01 18:07:00,UNITED KINGDOM,274
17427.0,1,2,2,34.0,17.0,0.0,18.0,2011-09-29 11:29:00,2011-09-29 11:29:00,UNITED KINGDOM,0
17428.0,28,328,258,9474.0,28.884146341463413,25.0,25.0,2010-12-06 09:37:00,2011-12-09 09:45:00,UNITED KINGDOM,368
17429.0,3,39,36,624.0,16.0,0.0,18.0,2011-05-05 09:53:00,2011-08-03 13:22:00,UNITED KINGDOM,90
17430.0,2,14,14,190.0,13.571428571428571,0.0,18.0,2010-12-09 13:05:00,2011-11-07 09:24:00,UNITED KINGDOM,332
17431.0,1,43,41,292.0,6.790697674418604,0.0,18.0,2011-01-30 14:36:00,2011-01-30 14:36:00,UNITED KINGDOM,0
17432.0,2,48,45,207.0,4.3125,0.0,18.0,2011-11-02 17:30:00,2011-11-21 17:33:00,UNITED KINGDOM,19
17433.0,1,54,53,185.0,3.425925925925926,0.0,18.0,2011-09-12 14:24:00,2011-09-12 14:24:00,UNITED KINGDOM,0
17434.0,7,134,100,1693.0,12.634328358208956,0.0,18.0,2011-09-15 13:54:00,2011-12-07 13:16:00,UNITED KINGDOM,82
17436.0,2,9,7,90.0,10.0,0.0,18.0,2011-04-27 11:33:00,2011-12-08 12:30:00,UNITED KINGDOM,225
17438.0,1,17,17,103.0,6.0588235294117645,0.0,18.0,2011-03-31 10:26:00,2011-03-31 10:26:00,UNITED KINGDOM,0
17440.0,3,5,3,246.0,49.2,0.0,18.0,2011-04-06 12:05:00,2011-07-06 11:54:00,UNITED KINGDOM,90
17442.0,6,135,98,1496.0,11.08148148148148,0.0,18.0,2011-02-22 13:02:00,2011-11-03 09:17:00,UNITED KINGDOM,253
17446.0,2,9,6,198.0,22.0,0.0,18.0,2011-02-02 14:40:00,2011-06-16 10:42:00,UNITED KINGDOM,133
17447.0,2,36,33,443.0,12.305555555555555,0.0,18.0,2011-09-29 10:10:00,2011-10-30 14:18:00,UNITED KINGDOM,31
17449.0,7,276,178,1121.0,4.061594202898551,3.0,3.0,2010-12-15 10:57:00,2011-12-07 16:56:00,UNITED KINGDOM,357
17450.0,46,336,125,69973.0,208.2529761904762,284.0,7.888888888888889,2010-12-07 09:23:00,2011-12-01 13:29:00,UNITED KINGDOM,359
17451.0,7,100,84,1203.0,12.03,0.0,18.0,2011-08-26 11:54:00,2011-12-08 15:02:00,UNITED KINGDOM,104
17453.0,2,19,19,219.0,11.526315789473685,0.0,18.0,2011-10-06 17:02:00,2011-11-22 09:42:00,UNITED KINGDOM,46
17454.0,4,61,57,243.0,3.9836065573770494,0.0,18.0,2010-12-15 10:54:00,2011-05-31 13:58:00,UNITED KINGDOM,167
17455.0,1,8,8,66.0,8.25,0.0,18.0,2011-05-20 12:31:00,2011-05-20 12:31:00,UNITED KINGDOM,0
17456.0,1,17,17,222.0,13.058823529411764,0.0,18.0,2010-12-09 15:23:00,2010-12-09 15:23:00,UNITED KINGDOM,0
17457.0,5,19,14,826.0,43.473684210526315,0.0,18.0,2011-01-04 14:33:00,2011-08-05 12:48:00,UNITED KINGDOM,212
17458.0,1,54,52,170.0,3.1481481481481484,0.0,18.0,2011-11-24 13:01:00,2011-11-24 13:01:00,UNITED KINGDOM,0
17459.0,2,111,88,537.0,4.837837837837838,0.0,18.0,2011-10-10 17:00:00,2011-10-27 13:25:00,UNITED KINGDOM,16
17460.0,6,29,18,236.0,8.137931034482758,0.0,18.0,2010-12-01 16:24:00,2011-09-06 15:04:00,UNITED KINGDOM,278
17461.0,3,106,104,770.0,7.264150943396227,0.0,18.0,2011-11-10 12:01:00,2011-11-17 10:21:00,UNITED KINGDOM,6
17462.0,2,27,25,227.0,8.407407407407407,0.0,18.0,2011-02-28 17:01:00,2011-10-10 13:56:00,UNITED KINGDOM,223
17463.0,5,208,165,1086.0,5.221153846153846,0.0,18.0,2011-01-30 15:48:00,2011-11-23 13:40:00,UNITED KINGDOM,296
17464.0,1,9,9,220.0,24.444444444444443,0.0,18.0,2011-07-04 13:19:00,2011-07-04 13:19:00,UNITED KINGDOM,0
17466.0,2,41,41,306.0,7.463414634146342,0.0,18.0,2011-09-22 09:16:00,2011-11-29 13:15:00,UNITED KINGDOM,68
17468.0,2,5,5,116.0,23.2,0.0,18.0,2011-11-25 12:52:00,2011-11-29 15:33:00,UNITED KINGDOM,4
17469.0,5,88,63,787.0,8.943181818181818,0.0,18.0,2011-05-19 08:55:00,2011-11-23 13:15:00,UNITED KINGDOM,188
17470.0,5,78,67,1675.0,21.474358974358974,0.0,18.0,2010-12-07 09:57:00,2011-10-26 12:42:00,UNITED KINGDOM,323
17472.0,3,174,142,455.0,2.6149425287356323,0.0,18.0,2011-02-13 14:40:00,2011-06-01 14:57:00,UNITED KINGDOM,108
17475.0,1,14,14,178.0,12.714285714285714,0.0,18.0,2011-09-21 14:55:00,2011-09-21 14:55:00,UNITED KINGDOM,0
17480.0,1,29,29,338.0,11.655172413793103,0.0,18.0,2011-09-23 11:39:00,2011-09-23 11:39:00,UNITED KINGDOM,0
17481.0,4,82,69,1061.0,12.939024390243903,0.0,18.0,2011-09-07 09:57:00,2011-12-06 12:28:00,UNITED KINGDOM,90
17483.0,3,21,18,191.0,9.095238095238095,0.0,18.0,2011-06-09 19:40:00,2011-10-05 13:10:00,UNITED KINGDOM,117
17486.0,1,24,24,191.0,7.958333333333333,0.0,18.0,2011-03-23 14:00:00,2011-03-23 14:00:00,UNITED KINGDOM,0
17489.0,2,29,28,428.0,14.758620689655173,0.0,18.0,2011-05-11 11:34:00,2011-10-12 08:56:00,UNITED KINGDOM,153
17490.0,7,76,63,1134.0,14.921052631578947,0.0,18.0,2011-06-16 09:15:00,2011-12-09 09:08:00,UNITED KINGDOM,175
17491.0,10,109,76,2013.0,18.46788990825688,0.0,18.0,2010-12-07 12:18:00,2011-12-08 16:18:00,UNITED KINGDOM,366
17492.0,1,12,12,155.0,12.916666666666666,0.0,18.0,2011-04-05 15:21:00,2011-04-05 15:21:00,UNITED KINGDOM,0
17495.0,2,27,21,229.0,8.481481481481481,0.0,18.0,2011-11-01 12:06:00,2011-12-02 12:08:00,UNITED KINGDOM,31
17496.0,1,10,10,79.0,7.9,0.0,18.0,2010-12-16 08:39:00,2010-12-16 08:39:00,UNITED KINGDOM,0
17498.0,1,17,17,394.0,23.176470588235293,0.0,18.0,2011-09-25 12:25:00,2011-09-25 12:25:00,UNITED KINGDOM,0
17499.0,1,40,40,711.0,17.775,0.0,18.0,2011-02-23 09:14:00,2011-02-23 09:14:00,UNITED KINGDOM,0
17500.0,3,5,3,17.0,3.4,255.0,85.0,2011-11-10 09:08:00,2011-11-22 14:25:00,UNITED KINGDOM,12
17501.0,2,18,18,160.0,8.88888888888889,0.0,18.0,2011-05-03 09:46:00,2011-05-03 09:47:00,UNITED KINGDOM,0
17502.0,4,28,25,376.0,13.428571428571429,0.0,18.0,2011-11-10 16:39:00,2011-11-30 13:13:00,UNITED KINGDOM,19
17503.0,2,38,36,486.0,12.789473684210526,0.0,18.0,2011-11-01 11:12:00,2011-12-07 09:18:00,UNITED KINGDOM,35
17504.0,9,127,112,1664.0,13.10236220472441,0.0,18.0,2011-01-21 11:09:00,2011-05-17 12:59:00,UNITED KINGDOM,116
17505.0,2,52,48,556.0,10.692307692307692,0.0,18.0,2011-05-18 09:01:00,2011-07-01 12:50:00,UNITED KINGDOM,44
17506.0,1,14,14,139.0,9.928571428571429,0.0,18.0,2011-09-25 11:39:00,2011-09-25 11:39:00,UNITED KINGDOM,0
17507.0,2,88,78,359.0,4.079545454545454,0.0,18.0,2011-02-03 18:08:00,2011-03-23 11:48:00,UNITED KINGDOM,47
17508.0,1,22,22,289.0,13.136363636363637,0.0,18.0,2011-03-04 08:10:00,2011-03-04 08:10:00,GREECE,0
17509.0,8,364,75,3512.0,9.648351648351648,0.0,18.0,2011-10-07 13:14:00,2011-10-13 10:26:00,UNITED KINGDOM,5
17510.0,1,20,20,214.0,10.7,0.0,18.0,2011-11-15 10:00:00,2011-11-15 10:00:00,UNITED KINGDOM,0
17511.0,31,963,465,64549.0,67.02907580477674,0.0,18.0,2010-12-01 10:19:00,2011-12-07 10:12:00,UNITED KINGDOM,370
17512.0,10,105,61,2753.0,26.21904761904762,0.0,18.0,2011-02-11 12:22:00,2011-11-11 12:11:00,UNITED KINGDOM,272
17513.0,1,6,6,254.0,42.333333333333336,0.0,18.0,2011-09-28 16:42:00,2011-09-28 16:42:00,UNITED KINGDOM,0
17514.0,1,40,40,135.0,3.375,0.0,18.0,2011-08-03 15:45:00,2011-08-03 15:45:00,UNITED KINGDOM,0
17515.0,4,87,49,243.0,2.793103448275862,0.0,18.0,2011-01-25 14:33:00,2011-11-08 14:04:00,UNITED KINGDOM,286
17516.0,5,135,113,414.0,3.066666666666667,0.0,18.0,2011-02-27 12:41:00,2011-11-24 16:51:00,UNITED KINGDOM,270
17517.0,1,11,11,102.0,9.272727272727273,0.0,18.0,2011-02-04 11:48:00,2011-02-04 11:48:00,UNITED KINGDOM,0
17519.0,6,82,60,1236.0,15.073170731707316,0.0,18.0,2010-12-06 15:18:00,2011-11-22 16:43:00,UNITED KINGDOM,351
17520.0,1,30,30,365.0,12.166666666666666,0.0,18.0,2011-10-17 12:04:00,2011-10-17 12:04:00,UNITED KINGDOM,0
17521.0,3,45,38,519.0,11.533333333333333,0.0,18.0,2011-05-24 15:14:00,2011-11-10 11:22:00,UNITED KINGDOM,169
17522.0,5,73,59,1034.0,14.164383561643836,0.0,18.0,2011-05-05 16:31:00,2011-12-08 12:31:00,UNITED KINGDOM,216
17523.0,4,33,25,872.0,26.424242424242426,0.0,18.0,2011-11-20 13:40:00,2011-11-28 13:20:00,UNITED KINGDOM,7
17524.0,1,6,6,90.0,15.0,0.0,18.0,2010-12-13 14:32:00,2010-12-13 14:32:00,UNITED KINGDOM,0
17525.0,1,9,9,82.0,9.11111111111111,0.0,18.0,2010-12-15 12:05:00,2010-12-15 12:05:00,UNITED KINGDOM,0
17526.0,4,19,17,310.0,16.31578947368421,0.0,18.0,2010-12-09 12:20:00,2011-12-05 11:05:00,UNITED KINGDOM,360
17527.0,4,47,45,488.0,10.382978723404255,0.0,18.0,2011-05-05 13:43:00,2011-10-17 12:32:00,UNITED KINGDOM,164
17528.0,8,253,183,2138.0,8.450592885375494,0.0,18.0,2011-09-29 13:04:00,2011-12-08 13:27:00,UNITED KINGDOM,70
17530.0,10,390,308,1514.0,3.882051282051282,0.0,18.0,2010-12-09 20:01:00,2011-12-08 18:42:00,UNITED KINGDOM,363
17531.0,1,14,14,136.0,9.714285714285714,0.0,18.0,2011-06-02 19:17:00,2011-06-02 19:17:00,UNITED KINGDOM,0
17534.0,1,9,9,103.0,11.444444444444445,0.0,18.0,2011-10-17 12:47:00,2011-10-17 12:47:00,UNITED KINGDOM,0
17535.0,1,13,13,136.0,10.461538461538462,0.0,18.0,2011-03-04 15:20:00,2011-03-04 15:20:00,UNITED KINGDOM,0
17536.0,1,3,3,6.0,2.0,0.0,18.0,2011-06-15 13:23:00,2011-06-15 13:23:00,UNITED KINGDOM,0
17537.0,2,74,74,699.0,9.445945945945946,0.0,18.0,2011-02-09 13:37:00,2011-11-10 10:56:00,UNITED KINGDOM,273
17538.0,1,9,9,134.0,14.88888888888889,0.0,18.0,2011-11-14 12:12:00,2011-11-14 12:12:00,UNITED KINGDOM,0
17540.0,2,25,20,194.0,7.76,0.0,18.0,2011-01-27 14:35:00,2011-11-15 11:56:00,UNITED KINGDOM,291
17542.0,1,25,24,134.0,5.36,0.0,18.0,2011-03-15 11:45:00,2011-03-15 11:45:00,UNITED KINGDOM,0
17545.0,3,141,122,337.0,2.3900709219858154,0.0,18.0,2011-10-27 13:48:00,2011-10-27 14:04:00,UNITED KINGDOM,0
17548.0,1,5,5,58.0,11.6,0.0,18.0,2011-04-20 12:01:00,2011-04-20 12:01:00,UNITED KINGDOM,0
17549.0,2,6,5,210.0,35.0,0.0,18.0,2011-10-19 10:05:00,2011-11-16 09:59:00,UNITED KINGDOM,27
17550.0,3,42,42,86.0,2.0476190476190474,0.0,18.0,2011-04-10 15:19:00,2011-05-26 14:09:00,UNITED KINGDOM,45
17551.0,1,39,39,142.0,3.641025641025641,0.0,18.0,2010-12-15 14:12:00,2010-12-15 14:12:00,UNITED KINGDOM,0
17552.0,4,49,43,719.0,14.673469387755102,0.0,18.0,2010-12-02 18:45:00,2011-10-10 17:00:00,UNITED KINGDOM,311
17553.0,1,2,2,1048.0,524.0,0.0,18.0,2011-08-02 10:00:00,2011-08-02 10:00:00,UNITED KINGDOM,0
17554.0,5,88,58,1763.0,20.03409090909091,0.0,18.0,2011-07-14 20:01:00,2011-12-08 14:15:00,UNITED KINGDOM,146
17555.0,2,105,101,348.0,3.3142857142857145,0.0,18.0,2011-01-09 12:31:00,2011-11-20 12:22:00,UNITED KINGDOM,314
17556.0,1,6,6,101.0,16.833333333333332,0.0,18.0,2011-05-18 10:48:00,2011-05-18 10:48:00,UNITED KINGDOM,0
17557.0,3,34,27,306.0,9.0,0.0,18.0,2011-09-19 14:23:00,2011-11-25 12:57:00,UNITED KINGDOM,66
17560.0,5,27,22,651.0,24.11111111111111,0.0,0.0,2011-02-02 11:14:00,2011-09-06 09:18:00,UNITED KINGDOM,215
17561.0,1,45,44,144.0,3.2,0.0,18.0,2011-11-20 12:53:00,2011-11-20 12:53:00,UNITED KINGDOM,0
17562.0,7,63,49,817.0,12.968253968253968,0.0,18.0,2011-06-19 13:06:00,2011-11-25 14:21:00,UNITED KINGDOM,159
17564.0,3,49,38,146.0,2.979591836734694,0.0,18.0,2011-09-20 14:00:00,2011-11-15 13:27:00,UNITED KINGDOM,55
17566.0,2,142,113,497.0,3.5,0.0,18.0,2011-11-14 13:42:00,2011-12-01 19:54:00,UNITED KINGDOM,17
17567.0,8,165,110,2632.0,15.951515151515151,0.0,18.0,2010-12-02 15:18:00,2011-12-02 15:48:00,UNITED KINGDOM,365
17569.0,1,29,29,159.0,5.482758620689655,0.0,18.0,2011-01-11 14:15:00,2011-01-11 14:15:00,UNITED KINGDOM,0
17571.0,4,271,247,876.0,3.2324723247232474,0.0,18.0,2011-02-14 15:15:00,2011-10-20 15:57:00,UNITED KINGDOM,248
17572.0,4,12,7,95.0,7.916666666666667,0.0,18.0,2010-12-01 12:51:00,2011-09-29 17:53:00,UNITED KINGDOM,302
17573.0,3,25,24,308.0,12.32,0.0,18.0,2011-09-07 10:36:00,2011-11-10 13:01:00,UNITED KINGDOM,64
17574.0,1,8,8,77.0,9.625,0.0,18.0,2011-04-11 09:47:00,2011-04-11 09:47:00,UNITED KINGDOM,0
17576.0,19,402,244,1967.0,4.893034825870647,0.0,18.0,2010-12-09 16:57:00,2011-12-01 17:56:00,UNITED KINGDOM,357
17578.0,1,5,5,138.0,27.6,0.0,18.0,2011-05-05 18:38:00,2011-05-05 18:38:00,UNITED KINGDOM,0
17579.0,3,50,46,258.0,5.16,0.0,18.0,2011-06-13 14:12:00,2011-12-05 12:28:00,UNITED KINGDOM,174
17580.0,3,45,43,88.0,1.9555555555555555,0.0,18.0,2010-12-16 15:27:00,2011-04-01 12:41:00,UNITED KINGDOM,105
17581.0,25,439,236,5915.0,13.47380410022779,390.0,195.0,2010-12-02 14:47:00,2011-12-09 12:21:00,UNITED KINGDOM,371
17582.0,1,29,28,123.0,4.241379310344827,0.0,18.0,2011-04-17 13:18:00,2011-04-17 13:18:00,UNITED KINGDOM,0
17584.0,2,35,30,458.0,13.085714285714285,0.0,18.0,2011-08-04 14:12:00,2011-12-02 17:12:00,UNITED KINGDOM,120
17585.0,4,208,176,1650.0,7.9326923076923075,0.0,18.0,2011-01-05 15:09:00,2011-08-22 13:30:00,UNITED KINGDOM,228
17588.0,3,23,20,676.0,29.391304347826086,0.0,18.0,2011-04-21 10:31:00,2011-08-31 13:37:00,UNITED KINGDOM,132
17589.0,4,253,173,1631.0,6.446640316205533,0.0,18.0,2011-04-13 13:47:00,2011-10-10 16:58:00,UNITED KINGDOM,180
17590.0,3,196,162,822.0,4.1938775510204085,15.0,15.0,2011-10-30 14:05:00,2011-12-07 12:55:00,UNITED KINGDOM,37
17591.0,7,157,81,1000.0,6.369426751592357,0.0,18.0,2010-12-07 15:39:00,2011-09-27 13:42:00,UNITED KINGDOM,293
17593.0,5,212,191,3089.0,14.570754716981131,0.0,18.0,2010-12-22 10:29:00,2011-12-06 10:30:00,UNITED KINGDOM,349
17594.0,2,50,42,550.0,11.0,0.0,18.0,2011-03-30 10:32:00,2011-09-15 16:34:00,UNITED KINGDOM,169
17595.0,2,82,68,228.0,2.7804878048780486,0.0,18.0,2011-11-02 16:19:00,2011-11-27 16:08:00,UNITED KINGDOM,24
17596.0,7,265,168,4376.0,16.513207547169813,0.0,18.0,2010-12-06 12:34:00,2011-11-16 14:11:00,UNITED KINGDOM,345
17597.0,1,55,55,1176.0,21.381818181818183,0.0,18.0,2011-05-10 11:54:00,2011-05-10 11:54:00,UNITED KINGDOM,0
17600.0,1,13,13,144.0,11.076923076923077,0.0,18.0,2011-11-22 09:43:00,2011-11-22 09:43:00,UNITED KINGDOM,0
17601.0,1,9,9,103.0,11.444444444444445,0.0,18.0,2011-04-14 18:02:00,2011-04-14 18:02:00,UNITED KINGDOM,0
17602.0,6,551,335,4116.0,7.47005444646098,0.0,18.0,2011-01-19 16:18:00,2011-12-07 13:53:00,UNITED KINGDOM,321
17603.0,1,11,11,74.0,6.7272727272727275,125.0,125.0,2011-09-22 14:18:00,2011-09-22 14:18:00,UNITED KINGDOM,0
17604.0,2,63,57,169.0,2.6825396825396823,0.0,18.0,2011-01-31 15:09:00,2011-05-06 13:43:00,UNITED KINGDOM,94
17608.0,2,56,54,229.0,4.089285714285714,0.0,18.0,2011-11-06 13:00:00,2011-11-06 13:06:00,UNITED KINGDOM,0
17609.0,5,233,200,719.0,3.0858369098712446,0.0,18.0,2011-01-16 16:23:00,2011-10-30 12:28:00,UNITED KINGDOM,286
17611.0,15,567,441,2550.0,4.497354497354498,0.0,18.0,2010-12-13 13:52:00,2011-12-02 13:29:00,UNITED KINGDOM,353
17612.0,6,135,118,1808.0,13.392592592592592,0.0,18.0,2011-02-15 10:40:00,2011-10-17 14:59:00,UNITED KINGDOM,244
17613.0,14,306,211,2490.0,8.137254901960784,0.0,18.0,2011-02-07 11:20:00,2011-11-17 10:51:00,UNITED KINGDOM,282
17614.0,1,98,97,235.0,2.3979591836734695,0.0,18.0,2011-10-13 16:01:00,2011-10-13 16:01:00,UNITED KINGDOM,0
17615.0,3,14,13,140.0,10.0,0.0,18.0,2011-05-01 15:33:00,2011-08-01 14:06:00,UNITED KINGDOM,91
17616.0,3,3,1,224.0,74.66666666666667,0.0,18.0,2010-12-07 10:04:00,2011-06-19 10:11:00,UNITED KINGDOM,194
17618.0,3,67,56,319.0,4.7611940298507465,0.0,18.0,2010-12-12 16:05:00,2011-12-04 11:50:00,UNITED KINGDOM,356
17619.0,1,74,71,124.0,1.6756756756756757,0.0,18.0,2011-01-31 14:18:00,2011-01-31 14:18:00,UNITED KINGDOM,0
17620.0,1,4,4,60.0,15.0,0.0,18.0,2011-10-11 12:08:00,2011-10-11 12:08:00,UNITED KINGDOM,0
17621.0,3,26,24,514.0,19.76923076923077,0.0,18.0,2010-12-20 13:31:00,2011-11-18 17:11:00,UNITED KINGDOM,333
17623.0,1,33,33,265.0,8.030303030303031,0.0,18.0,2011-11-07 11:32:00,2011-11-07 11:32:00,UNITED KINGDOM,0
17624.0,2,50,49,554.0,11.08,0.0,18.0,2011-05-05 17:59:00,2011-11-25 10:52:00,UNITED KINGDOM,203
17625.0,4,306,223,1180.0,3.8562091503267975,0.0,18.0,2011-03-27 12:21:00,2011-11-21 13:36:00,UNITED KINGDOM,239
17628.0,1,5,5,79.0,15.8,0.0,18.0,2011-09-19 15:21:00,2011-09-19 15:21:00,UNITED KINGDOM,0
17629.0,8,123,106,1629.0,13.24390243902439,15.0,15.0,2010-12-15 09:58:00,2011-12-04 10:56:00,UNITED KINGDOM,354
17630.0,2,26,24,158.0,6.076923076923077,0.0,18.0,2011-04-21 14:03:00,2011-06-23 11:58:00,UNITED KINGDOM,62
17631.0,3,39,39,334.0,8.564102564102564,0.0,18.0,2011-04-21 13:22:00,2011-12-08 09:47:00,UNITED KINGDOM,230
17633.0,4,70,59,644.0,9.2,0.0,18.0,2011-08-11 15:43:00,2011-11-08 13:25:00,UNITED KINGDOM,88
17634.0,9,296,209,838.0,2.831081081081081,0.0,18.0,2011-01-06 12:45:00,2011-11-03 13:09:00,UNITED KINGDOM,301
17636.0,1,20,20,182.0,9.1,0.0,18.0,2011-11-20 14:40:00,2011-11-20 14:40:00,UNITED KINGDOM,0
17637.0,2,35,35,280.0,8.0,0.0,18.0,2011-08-16 13:25:00,2011-11-08 12:51:00,UNITED KINGDOM,83
17639.0,1,7,7,49.0,7.0,0.0,18.0,2011-03-08 15:22:00,2011-03-08 15:22:00,UNITED KINGDOM,0
17640.0,1,5,5,250.0,50.0,0.0,18.0,2011-09-14 09:13:00,2011-09-14 09:13:00,UNITED KINGDOM,0
17642.0,2,40,35,474.0,11.85,0.0,18.0,2011-06-16 12:55:00,2011-08-12 09:11:00,UNITED KINGDOM,56
17643.0,1,8,8,71.0,8.875,0.0,18.0,2010-12-01 14:38:00,2010-12-01 14:38:00,UNITED KINGDOM,0
17644.0,11,157,105,1793.0,11.420382165605096,0.0,18.0,2011-03-24 09:44:00,2011-12-08 13:43:00,UNITED KINGDOM,259
17646.0,3,51,46,323.0,6.333333333333333,0.0,18.0,2010-12-09 14:28:00,2011-05-04 13:17:00,UNITED KINGDOM,145
17647.0,1,7,7,30.0,4.285714285714286,0.0,18.0,2011-10-05 15:38:00,2011-10-05 15:38:00,UNITED KINGDOM,0
17648.0,4,91,81,487.0,5.351648351648351,0.0,18.0,2011-04-04 10:29:00,2011-10-10 09:41:00,UNITED KINGDOM,188
17649.0,1,52,52,399.0,7.673076923076923,0.0,18.0,2011-07-24 15:53:00,2011-07-24 15:53:00,UNITED KINGDOM,0
17650.0,1,8,8,150.0,18.75,0.0,18.0,2011-11-18 14:52:00,2011-11-18 14:52:00,UNITED KINGDOM,0
17651.0,10,232,151,3112.0,13.413793103448276,0.0,18.0,2011-06-15 15:57:00,2011-11-28 10:29:00,UNITED KINGDOM,165
17652.0,12,259,121,2509.0,9.687258687258687,45.0,15.0,2011-03-03 14:05:00,2011-11-14 12:55:00,UNITED KINGDOM,255
17653.0,4,44,44,1409.0,32.02272727272727,15.0,15.0,2011-08-11 15:24:00,2011-11-03 12:46:00,UNITED KINGDOM,83
17654.0,1,22,22,41.0,1.8636363636363635,0.0,18.0,2011-03-07 13:17:00,2011-03-07 13:17:00,UNITED KINGDOM,0
17655.0,7,91,66,1116.0,12.263736263736265,0.0,18.0,2010-12-08 16:45:00,2011-11-29 11:34:00,UNITED KINGDOM,355
17656.0,5,82,68,1399.0,17.0609756097561,0.0,18.0,2011-08-03 10:45:00,2011-09-27 13:04:00,UNITED KINGDOM,55
17658.0,2,19,17,616.0,32.421052631578945,0.0,18.0,2011-05-12 15:23:00,2011-11-14 12:07:00,UNITED KINGDOM,185
17659.0,12,158,127,1525.0,9.651898734177216,0.0,18.0,2010-12-02 16:46:00,2011-11-22 13:29:00,UNITED KINGDOM,354
17660.0,1,38,37,121.0,3.1842105263157894,0.0,18.0,2011-07-21 13:37:00,2011-07-21 13:37:00,UNITED KINGDOM,0
17663.0,7,86,63,797.0,9.267441860465116,0.0,18.0,2011-02-25 14:11:00,2011-11-14 08:56:00,UNITED KINGDOM,261
17664.0,2,43,41,604.0,14.046511627906977,0.0,18.0,2011-05-11 14:17:00,2011-11-21 11:29:00,UNITED KINGDOM,193
17666.0,2,18,14,596.0,33.111111111111114,0.0,18.0,2011-10-05 11:06:00,2011-12-06 09:06:00,UNITED KINGDOM,61
17667.0,5,117,86,1037.0,8.863247863247864,0.0,0.0,2011-02-14 09:24:00,2011-10-04 14:32:00,UNITED KINGDOM,232
17668.0,2,15,14,93.0,6.2,0.0,18.0,2011-11-01 14:45:00,2011-12-08 13:25:00,UNITED KINGDOM,36
17669.0,7,68,47,1916.0,28.176470588235293,0.0,18.0,2011-04-04 10:11:00,2011-10-28 08:53:00,UNITED KINGDOM,206
17670.0,1,11,11,110.0,10.0,0.0,18.0,2011-04-26 09:12:00,2011-04-26 09:12:00,UNITED KINGDOM,0
17671.0,4,53,40,772.0,14.566037735849056,0.0,18.0,2010-12-09 14:27:00,2011-11-24 12:21:00,UNITED KINGDOM,349
17672.0,2,110,105,1690.0,15.363636363636363,0.0,18.0,2011-02-03 13:29:00,2011-10-20 14:18:00,UNITED KINGDOM,259
17673.0,6,218,117,1462.0,6.706422018348624,0.0,18.0,2011-01-23 15:16:00,2011-12-08 12:50:00,UNITED KINGDOM,318
17674.0,2,27,19,672.0,24.88888888888889,0.0,18.0,2010-12-06 10:20:00,2011-09-26 13:35:00,UNITED KINGDOM,294
17675.0,31,705,244,8360.0,11.858156028368795,15.0,15.0,2010-12-07 13:22:00,2011-12-08 18:03:00,UNITED KINGDOM,366
17676.0,6,77,49,922.0,11.974025974025974,0.0,18.0,2010-12-08 13:49:00,2011-12-05 15:16:00,UNITED KINGDOM,362
17677.0,30,303,184,9772.0,32.25082508250825,0.0,18.0,2010-12-06 08:42:00,2011-12-08 09:56:00,UNITED KINGDOM,367
17678.0,1,16,16,207.0,12.9375,0.0,18.0,2011-03-21 11:52:00,2011-03-21 11:52:00,UNITED KINGDOM,0
17679.0,2,30,29,729.0,24.3,0.0,18.0,2011-09-15 10:35:00,2011-10-18 07:43:00,UNITED KINGDOM,32
17680.0,1,11,11,96.0,8.727272727272727,0.0,18.0,2011-11-16 12:42:00,2011-11-16 12:42:00,UNITED KINGDOM,0
17682.0,6,118,49,1367.0,11.584745762711865,0.0,18.0,2010-12-06 13:35:00,2011-11-29 15:59:00,UNITED KINGDOM,358
17684.0,1,15,15,145.0,9.666666666666666,0.0,18.0,2011-10-27 11:10:00,2011-10-27 11:10:00,UNITED KINGDOM,0
17685.0,7,127,89,1907.0,15.015748031496063,0.0,18.0,2010-12-02 14:42:00,2011-11-23 11:36:00,UNITED KINGDOM,355
17686.0,7,286,209,2478.0,8.664335664335665,0.0,18.0,2011-02-10 10:18:00,2011-12-02 15:39:00,UNITED KINGDOM,295
17690.0,15,252,186,1769.0,7.01984126984127,375.0,125.0,2010-12-01 16:15:00,2011-11-09 15:17:00,UNITED KINGDOM,342
17691.0,2,19,18,134.0,7.052631578947368,0.0,18.0,2010-12-06 11:10:00,2010-12-16 17:20:00,UNITED KINGDOM,10
17692.0,4,46,34,672.0,14.608695652173912,0.0,18.0,2010-12-15 13:37:00,2011-08-04 14:01:00,UNITED KINGDOM,232
17693.0,1,16,16,231.0,14.4375,0.0,18.0,2011-07-25 15:48:00,2011-07-25 15:48:00,UNITED KINGDOM,0
17694.0,1,15,15,184.0,12.266666666666667,0.0,18.0,2011-07-21 12:00:00,2011-07-21 12:00:00,UNITED KINGDOM,0
17695.0,2,35,29,779.0,22.257142857142856,0.0,18.0,2011-06-21 12:35:00,2011-07-31 10:40:00,UNITED KINGDOM,39
17696.0,8,115,78,1756.0,15.269565217391305,0.0,18.0,2010-12-10 09:51:00,2011-11-01 13:43:00,UNITED KINGDOM,326
17697.0,1,19,19,93.0,4.894736842105263,0.0,18.0,2011-04-17 15:40:00,2011-04-17 15:40:00,UNITED KINGDOM,0
17698.0,1,8,8,93.0,11.625,0.0,18.0,2011-03-24 11:34:00,2011-03-24 11:34:00,UNITED KINGDOM,0
17700.0,4,142,116,1266.0,8.915492957746478,0.0,18.0,2011-03-03 16:34:00,2011-11-23 11:51:00,UNITED KINGDOM,264
17701.0,1,24,24,109.0,4.541666666666667,0.0,18.0,2011-04-01 12:25:00,2011-04-01 12:25:00,UNITED KINGDOM,0
17702.0,4,74,59,1353.0,18.283783783783782,0.0,18.0,2011-05-17 16:23:00,2011-11-09 16:03:00,UNITED KINGDOM,175
17703.0,3,55,48,590.0,10.727272727272727,0.0,18.0,2011-07-24 13:30:00,2011-11-04 15:51:00,UNITED KINGDOM,103
17704.0,2,31,27,343.0,11.064516129032258,0.0,18.0,2011-04-14 09:28:00,2011-06-24 09:40:00,UNITED KINGDOM,71
17705.0,9,103,64,963.0,9.349514563106796,0.0,18.0,2011-02-11 10:57:00,2011-12-06 13:45:00,UNITED KINGDOM,298
17706.0,17,382,273,3899.0,10.206806282722512,25.0,25.0,2010-12-08 11:02:00,2011-12-05 13:34:00,UNITED KINGDOM,362
17707.0,2,5,3,144.0,28.8,0.0,18.0,2011-01-07 13:30:00,2011-06-07 15:03:00,UNITED KINGDOM,151
17708.0,2,34,28,90.0,2.6470588235294117,0.0,18.0,2011-01-19 10:09:00,2011-06-05 10:12:00,UNITED KINGDOM,137
17709.0,1,7,7,17.0,2.4285714285714284,0.0,18.0,2011-06-23 11:55:00,2011-06-23 11:55:00,UNITED KINGDOM,0
17711.0,2,23,22,246.0,10.695652173913043,0.0,18.0,2011-02-23 11:32:00,2011-11-29 11:40:00,UNITED KINGDOM,279
17712.0,1,29,29,215.0,7.413793103448276,0.0,18.0,2011-10-26 12:28:00,2011-10-26 12:28:00,UNITED KINGDOM,0
17714.0,1,10,10,92.0,9.2,0.0,18.0,2011-01-23 10:32:00,2011-01-23 10:32:00,UNITED KINGDOM,0
17715.0,1,1,1,384.0,384.0,0.0,18.0,2011-05-23 12:32:00,2011-05-23 12:32:00,UNITED KINGDOM,0
17716.0,11,245,172,3072.0,12.538775510204081,0.0,18.0,2011-03-17 10:38:00,2011-11-17 12:00:00,UNITED KINGDOM,245
17718.0,1,6,6,83.0,13.833333333333334,0.0,18.0,2011-04-21 13:39:00,2011-04-21 13:39:00,UNITED KINGDOM,0
17719.0,15,274,111,2466.0,9.0,0.0,18.0,2011-03-29 11:29:00,2011-11-02 10:36:00,UNITED KINGDOM,217
17720.0,4,50,39,576.0,11.52,0.0,18.0,2010-12-07 10:43:00,2011-11-13 15:04:00,UNITED KINGDOM,341
17722.0,4,115,111,1595.0,13.869565217391305,0.0,18.0,2010-12-08 12:41:00,2011-09-04 15:22:00,UNITED KINGDOM,270
17723.0,6,10,4,792.0,79.2,0.0,18.0,2011-05-09 14:44:00,2011-08-04 18:37:00,UNITED KINGDOM,87
17724.0,3,40,38,300.0,7.5,0.0,18.0,2011-07-24 13:26:00,2011-09-29 15:26:00,UNITED KINGDOM,67
17725.0,11,192,115,2162.0,11.260416666666666,0.0,18.0,2011-03-17 19:47:00,2011-11-23 16:34:00,UNITED KINGDOM,250
17727.0,1,66,66,645.0,9.772727272727273,0.0,18.0,2011-11-24 17:06:00,2011-11-24 17:06:00,UNITED KINGDOM,0
17728.0,3,165,154,1469.0,8.903030303030302,0.0,18.0,2011-09-14 11:39:00,2011-12-06 08:52:00,UNITED KINGDOM,82
17730.0,13,218,130,3576.0,16.40366972477064,0.0,18.0,2011-01-17 14:49:00,2011-12-06 15:43:00,UNITED KINGDOM,323
17731.0,4,67,54,493.0,7.358208955223881,0.0,18.0,2011-06-09 14:18:00,2011-09-21 15:02:00,UNITED KINGDOM,104
17732.0,1,18,18,93.0,5.166666666666667,0.0,18.0,2010-12-02 09:29:00,2010-12-02 09:29:00,UNITED KINGDOM,0
17733.0,2,35,33,463.0,13.228571428571428,0.0,18.0,2011-03-23 09:54:00,2011-11-01 08:16:00,UNITED KINGDOM,222
17734.0,3,43,40,422.0,9.813953488372093,0.0,18.0,2011-04-20 10:04:00,2011-10-17 12:33:00,UNITED KINGDOM,180
17735.0,19,690,323,8439.0,12.230434782608695,0.0,18.0,2010-12-07 10:32:00,2011-12-07 16:47:00,UNITED KINGDOM,365
17736.0,3,25,24,238.0,9.52,0.0,18.0,2011-08-18 14:33:00,2011-11-30 15:36:00,UNITED KINGDOM,104
17737.0,2,10,8,108.0,10.8,0.0,18.0,2011-10-12 14:42:00,2011-11-30 15:16:00,UNITED KINGDOM,49
17738.0,4,97,89,1029.0,10.608247422680412,0.0,18.0,2011-03-02 16:26:00,2011-11-20 15:05:00,UNITED KINGDOM,262
17739.0,7,47,30,861.0,18.319148936170212,0.0,18.0,2010-12-14 14:26:00,2011-11-28 09:12:00,UNITED KINGDOM,348
17742.0,2,15,13,89.0,5.933333333333334,0.0,18.0,2011-01-11 10:04:00,2011-08-18 15:28:00,UNITED KINGDOM,219
17744.0,6,136,109,3412.0,25.08823529411765,0.0,18.0,2010-12-16 14:17:00,2011-12-06 12:11:00,UNITED KINGDOM,354
17746.0,1,6,6,29.0,4.833333333333333,0.0,18.0,2011-04-13 14:31:00,2011-04-13 14:31:00,UNITED KINGDOM,0
17747.0,1,1,1,12.0,12.0,0.0,18.0,2011-08-19 08:13:00,2011-08-19 08:13:00,UNITED KINGDOM,0
17749.0,2,35,33,320.0,9.142857142857142,0.0,18.0,2011-03-28 13:39:00,2011-06-14 15:45:00,UNITED KINGDOM,78
17750.0,9,184,101,3747.0,20.36413043478261,0.0,18.0,2011-06-28 15:44:00,2011-12-04 14:09:00,UNITED KINGDOM,158
17752.0,1,1,1,192.0,192.0,0.0,18.0,2010-12-15 16:19:00,2010-12-15 16:19:00,UNITED KINGDOM,0
17754.0,5,89,82,1816.0,20.40449438202247,0.0,18.0,2011-03-24 13:54:00,2011-12-09 11:20:00,UNITED KINGDOM,259
17757.0,30,740,278,3318.0,4.4837837837837835,0.0,18.0,2010-12-02 17:17:00,2011-12-08 15:31:00,UNITED KINGDOM,370
17758.0,8,404,312,2054.0,5.084158415841584,0.0,18.0,2011-04-03 15:22:00,2011-11-20 14:45:00,UNITED KINGDOM,230
17759.0,3,90,82,697.0,7.7444444444444445,0.0,18.0,2011-06-23 13:35:00,2011-11-22 16:02:00,UNITED KINGDOM,152
17760.0,2,25,25,239.0,9.56,0.0,18.0,2010-12-01 15:08:00,2011-11-18 10:56:00,UNITED KINGDOM,351
17761.0,1,19,19,398.0,20.94736842105263,0.0,18.0,2011-11-07 10:23:00,2011-11-07 10:23:00,UNITED KINGDOM,0
17763.0,1,1,1,12.0,12.0,0.0,18.0,2011-03-21 14:25:00,2011-03-21 14:25:00,UNITED KINGDOM,0
17764.0,2,71,71,351.0,4.943661971830986,0.0,18.0,2011-05-12 16:11:00,2011-10-20 11:03:00,UNITED KINGDOM,160
17765.0,3,56,51,143.0,2.5535714285714284,0.0,18.0,2011-03-28 11:58:00,2011-07-04 12:41:00,UNITED KINGDOM,98
17767.0,1,21,21,128.0,6.095238095238095,0.0,18.0,2011-11-24 14:42:00,2011-11-24 14:42:00,UNITED KINGDOM,0
17768.0,3,98,77,1122.0,11.448979591836734,0.0,18.0,2011-06-26 13:46:00,2011-12-01 13:22:00,UNITED KINGDOM,157
17769.0,10,304,200,1850.0,6.0855263157894735,0.0,18.0,2011-01-23 11:15:00,2011-11-27 11:18:00,UNITED KINGDOM,308
17770.0,5,38,33,365.0,9.605263157894736,0.0,18.0,2011-03-02 13:35:00,2011-05-25 12:34:00,UNITED KINGDOM,83
17771.0,2,54,51,287.0,5.314814814814815,0.0,18.0,2011-01-20 14:13:00,2011-10-14 11:43:00,UNITED KINGDOM,266
17772.0,2,50,50,55.0,1.1,0.0,18.0,2011-11-29 10:57:00,2011-11-29 11:05:00,UNITED KINGDOM,0
17774.0,4,153,123,508.0,3.320261437908497,0.0,18.0,2011-02-07 13:13:00,2011-09-04 12:49:00,UNITED KINGDOM,208
17775.0,1,3,3,72.0,24.0,0.0,18.0,2011-03-30 10:50:00,2011-03-30 10:50:00,UNITED KINGDOM,0
17777.0,3,190,141,501.0,2.636842105263158,0.0,18.0,2011-08-31 14:35:00,2011-11-15 12:02:00,UNITED KINGDOM,75
17779.0,3,81,73,396.0,4.888888888888889,0.0,18.0,2011-07-19 12:19:00,2011-11-18 14:15:00,UNITED KINGDOM,122
17781.0,2,12,12,34.0,2.8333333333333335,0.0,18.0,2011-03-31 19:54:00,2011-07-03 16:00:00,UNITED KINGDOM,93
17783.0,2,67,67,354.0,5.2835820895522385,0.0,18.0,2011-04-06 10:07:00,2011-09-28 16:07:00,UNITED KINGDOM,175
17785.0,1,13,13,67.0,5.153846153846154,0.0,18.0,2011-10-17 13:43:00,2011-10-17 13:43:00,UNITED KINGDOM,0
17786.0,2,68,57,195.0,2.8676470588235294,0.0,18.0,2011-01-26 14:35:00,2011-09-15 12:51:00,UNITED KINGDOM,231
17787.0,4,128,94,896.0,7.0,0.0,18.0,2010-12-03 13:43:00,2011-07-10 11:24:00,UNITED KINGDOM,218
17788.0,2,5,3,211.0,42.2,0.0,18.0,2011-08-02 10:38:00,2011-09-27 10:09:00,UNITED KINGDOM,55
17789.0,1,14,14,74.0,5.285714285714286,0.0,18.0,2011-03-03 13:14:00,2011-03-03 13:14:00,UNITED KINGDOM,0
17790.0,14,189,121,835.0,4.417989417989418,0.0,18.0,2010-12-10 10:47:00,2011-11-13 11:30:00,UNITED KINGDOM,338
17791.0,1,10,10,46.0,4.6,0.0,18.0,2011-11-10 12:09:00,2011-11-10 12:09:00,UNITED KINGDOM,0
17793.0,1,52,49,226.0,4.346153846153846,0.0,18.0,2011-11-14 14:24:00,2011-11-14 14:24:00,UNITED KINGDOM,0
17795.0,2,45,43,305.0,6.777777777777778,0.0,18.0,2011-03-20 12:02:00,2011-06-13 12:36:00,UNITED KINGDOM,85
17796.0,4,81,63,176.0,2.1728395061728394,0.0,18.0,2010-12-05 12:23:00,2011-10-30 15:38:00,UNITED KINGDOM,329
17797.0,3,111,102,498.0,4.486486486486487,0.0,18.0,2011-06-10 11:29:00,2011-11-17 13:21:00,UNITED KINGDOM,160
17799.0,10,404,280,1753.0,4.339108910891089,0.0,18.0,2010-12-13 13:10:00,2011-11-17 15:16:00,UNITED KINGDOM,339
17800.0,9,103,51,732.0,7.106796116504855,1.0,1.0,2011-01-09 13:50:00,2011-11-02 12:57:00,UNITED KINGDOM,296
17802.0,3,140,103,752.0,5.371428571428571,0.0,18.0,2010-12-02 13:44:00,2011-09-18 14:56:00,UNITED KINGDOM,290
17805.0,1,10,10,478.0,47.8,0.0,18.0,2011-09-27 11:49:00,2011-09-27 11:49:00,UNITED KINGDOM,0
17806.0,1,43,43,727.0,16.906976744186046,0.0,18.0,2011-11-28 14:12:00,2011-11-28 14:12:00,UNITED KINGDOM,0
17809.0,12,61,48,2057.0,33.721311475409834,0.0,18.0,2010-12-01 09:41:00,2011-11-23 12:59:00,UNITED KINGDOM,357
17811.0,39,828,362,4146.0,5.007246376811594,0.0,18.0,2011-01-10 10:58:00,2011-12-05 13:46:00,UNITED KINGDOM,329
17812.0,4,133,113,329.0,2.473684210526316,0.0,18.0,2010-12-06 15:27:00,2011-11-27 11:47:00,UNITED KINGDOM,355
17813.0,5,348,297,752.0,2.160919540229885,12.0,12.0,2011-09-29 15:57:00,2011-11-25 16:13:00,UNITED KINGDOM,57
17816.0,4,17,16,30.0,1.7647058823529411,0.0,18.0,2010-12-09 14:10:00,2011-11-03 11:34:00,UNITED KINGDOM,328
17817.0,3,33,32,67.0,2.0303030303030303,195.0,195.0,2011-03-07 17:30:00,2011-12-05 14:39:00,UNITED KINGDOM,272
17819.0,7,48,36,1031.0,21.479166666666668,0.0,18.0,2010-12-03 14:26:00,2011-09-29 10:52:00,UNITED KINGDOM,299
17824.0,1,13,13,408.0,31.384615384615383,0.0,18.0,2011-10-19 14:14:00,2011-10-19 14:14:00,UNITED KINGDOM,0
17827.0,5,215,190,1240.0,5.767441860465116,0.0,18.0,2010-12-10 10:18:00,2011-12-04 15:00:00,UNITED KINGDOM,359
17828.0,4,67,54,667.0,9.955223880597014,145.0,48.333333333333336,2011-06-08 08:31:00,2011-11-17 08:41:00,MALTA,162
17829.0,1,30,30,496.0,16.533333333333335,0.0,18.0,2011-02-14 12:46:00,2011-02-14 12:46:00,UNITED ARAB EMIRATES,0
17830.0,3,23,18,92.0,4.0,0.0,18.0,2011-02-24 10:15:00,2011-12-08 12:28:00,UNITED KINGDOM,287
17831.0,1,2,2,12.0,6.0,0.0,18.0,2011-11-06 15:09:00,2011-11-06 15:09:00,UNITED KINGDOM,0
17832.0,1,61,61,208.0,3.4098360655737703,0.0,18.0,2011-10-21 11:43:00,2011-10-21 11:43:00,UNITED KINGDOM,0
17835.0,3,59,45,344.0,5.830508474576271,0.0,18.0,2011-11-16 16:30:00,2011-12-07 11:48:00,UNITED KINGDOM,20
17836.0,1,24,23,88.0,3.6666666666666665,0.0,18.0,2011-10-23 16:13:00,2011-10-23 16:13:00,UNITED KINGDOM,0
17837.0,8,162,111,510.0,3.1481481481481484,0.0,18.0,2011-06-29 16:44:00,2011-10-28 16:13:00,UNITED KINGDOM,120
17838.0,5,117,96,1831.0,15.649572649572649,125.0,125.0,2010-12-02 15:55:00,2011-11-13 11:20:00,UNITED KINGDOM,345
17839.0,1,52,50,257.0,4.9423076923076925,0.0,18.0,2011-10-28 17:27:00,2011-10-28 17:27:00,UNITED KINGDOM,0
17841.0,124,7673,1343,22830.0,2.9753681741170337,8.0,8.0,2010-12-01 14:41:00,2011-12-08 12:07:00,UNITED KINGDOM,371
17843.0,1,37,36,113.0,3.054054054054054,0.0,18.0,2011-02-09 15:33:00,2011-02-09 15:33:00,UNITED KINGDOM,0
17846.0,1,1,1,1.0,1.0,0.0,18.0,2011-09-15 15:20:00,2011-09-15 15:20:00,UNITED KINGDOM,0
17848.0,9,51,41,398.0,7.803921568627451,0.0,18.0,2010-12-16 18:38:00,2011-09-19 16:49:00,UNITED KINGDOM,276
17849.0,4,26,15,114.0,4.384615384615385,0.0,18.0,2011-01-10 11:59:00,2011-05-05 13:46:00,UNITED KINGDOM,115
17850.0,34,297,21,1733.0,5.835016835016835,0.0,18.0,2010-12-01 08:26:00,2010-12-02 15:27:00,UNITED KINGDOM,1
17852.0,2,24,21,53.0,2.2083333333333335,0.0,18.0,2011-11-28 12:31:00,2011-11-28 12:36:00,UNITED KINGDOM,0
17854.0,2,15,15,84.0,5.6,0.0,18.0,2011-04-26 16:53:00,2011-06-07 16:21:00,UNITED KINGDOM,41
17855.0,1,17,17,197.0,11.588235294117647,0.0,18.0,2010-12-02 09:44:00,2010-12-02 09:44:00,UNITED KINGDOM,0
17856.0,4,15,12,842.0,56.13333333333333,15.0,15.0,2011-03-03 11:40:00,2011-12-08 09:40:00,UNITED KINGDOM,279
17857.0,23,54,19,19256.0,356.5925925925926,250.0,250.0,2010-12-09 11:35:00,2011-12-05 13:13:00,UNITED KINGDOM,361
17858.0,12,197,102,2694.0,13.6751269035533,27.0,13.5,2010-12-05 13:08:00,2011-12-04 11:56:00,UNITED KINGDOM,363
17859.0,1,23,23,102.0,4.434782608695652,0.0,18.0,2011-02-08 10:32:00,2011-02-08 10:32:00,UNITED KINGDOM,0
17860.0,1,52,49,93.0,1.7884615384615385,0.0,18.0,2010-12-06 12:41:00,2010-12-06 12:41:00,UNITED KINGDOM,0
17861.0,8,219,173,1985.0,9.06392694063927,0.0,18.0,2011-01-24 11:34:00,2011-12-06 16:21:00,UNITED KINGDOM,316
17862.0,1,11,11,100.0,9.090909090909092,0.0,18.0,2011-01-20 12:23:00,2011-01-20 12:23:00,UNITED KINGDOM,0
17863.0,6,148,111,2638.0,17.824324324324323,0.0,18.0,2010-12-05 13:21:00,2011-10-11 13:45:00,UNITED KINGDOM,310
17864.0,3,90,70,706.0,7.844444444444444,0.0,18.0,2011-03-09 11:44:00,2011-11-27 11:15:00,UNITED KINGDOM,262
17865.0,20,370,191,5757.0,15.55945945945946,0.0,18.0,2010-12-10 14:53:00,2011-11-09 12:08:00,UNITED KINGDOM,333
17866.0,1,9,9,174.0,19.333333333333332,0.0,18.0,2011-07-20 11:07:00,2011-07-20 11:07:00,UNITED KINGDOM,0
17867.0,6,68,62,508.0,7.470588235294118,0.0,18.0,2011-02-24 12:25:00,2011-11-09 14:15:00,UNITED KINGDOM,258
17869.0,5,40,37,111.0,2.775,0.0,18.0,2010-12-06 17:16:00,2011-08-24 16:16:00,UNITED KINGDOM,260
17870.0,12,270,213,1351.0,5.003703703703704,0.0,18.0,2010-12-08 08:12:00,2011-12-07 15:07:00,UNITED KINGDOM,364
17871.0,1,10,10,182.0,18.2,0.0,18.0,2011-05-19 11:32:00,2011-05-19 11:32:00,UNITED KINGDOM,0
17873.0,5,43,24,1035.0,24.069767441860463,0.0,18.0,2010-12-01 14:54:00,2011-09-20 16:41:00,UNITED KINGDOM,293
17874.0,6,46,37,221.0,4.804347826086956,0.0,18.0,2011-03-29 11:25:00,2011-06-07 12:54:00,UNITED KINGDOM,70
17877.0,1,12,12,98.0,8.166666666666666,0.0,18.0,2011-06-22 13:00:00,2011-06-22 13:00:00,UNITED KINGDOM,0
17878.0,1,26,26,401.0,15.423076923076923,0.0,18.0,2011-10-27 11:24:00,2011-10-27 11:24:00,UNITED KINGDOM,0
17879.0,1,6,6,45.0,7.5,0.0,18.0,2011-06-19 12:36:00,2011-06-19 12:36:00,UNITED KINGDOM,0
17880.0,1,26,26,314.0,12.076923076923077,0.0,18.0,2010-12-10 10:21:00,2010-12-10 10:21:00,UNITED KINGDOM,0
17881.0,1,8,8,32.0,4.0,0.0,18.0,2011-02-08 17:16:00,2011-02-08 17:16:00,UNITED KINGDOM,0
17883.0,4,142,133,374.0,2.6338028169014085,0.0,18.0,2011-04-07 19:16:00,2011-12-06 17:49:00,UNITED KINGDOM,242
17884.0,4,113,107,817.0,7.230088495575221,0.0,18.0,2010-12-03 12:11:00,2011-12-06 11:33:00,UNITED KINGDOM,367
17885.0,1,53,50,110.0,2.0754716981132075,0.0,18.0,2011-11-27 14:40:00,2011-11-27 14:40:00,UNITED KINGDOM,0
17886.0,3,102,93,469.0,4.598039215686274,0.0,18.0,2011-04-04 12:34:00,2011-11-08 10:09:00,UNITED KINGDOM,217
17887.0,1,10,10,30.0,3.0,0.0,18.0,2011-08-02 17:29:00,2011-08-02 17:29:00,UNITED KINGDOM,0
17888.0,8,65,59,973.0,14.96923076923077,0.0,18.0,2010-12-17 13:56:00,2011-11-18 13:45:00,UNITED KINGDOM,335
17889.0,2,20,20,77.0,3.85,0.0,18.0,2011-01-21 17:14:00,2011-05-11 16:26:00,UNITED KINGDOM,109
17890.0,2,91,88,402.0,4.417582417582418,0.0,18.0,2010-12-13 15:12:00,2011-01-21 11:19:00,UNITED KINGDOM,38
17891.0,1,34,34,393.0,11.558823529411764,0.0,18.0,2011-06-30 20:08:00,2011-06-30 20:08:00,UNITED KINGDOM,0
17892.0,3,28,27,109.0,3.892857142857143,0.0,18.0,2011-07-07 12:56:00,2011-10-14 16:49:00,UNITED KINGDOM,99
17893.0,1,15,15,149.0,9.933333333333334,0.0,18.0,2011-04-28 13:50:00,2011-04-28 13:50:00,UNITED KINGDOM,0
17894.0,8,192,127,404.0,2.1041666666666665,0.0,18.0,2010-12-08 14:50:00,2011-09-29 09:23:00,UNITED KINGDOM,294
17895.0,1,15,15,127.0,8.466666666666667,0.0,18.0,2011-10-26 17:00:00,2011-10-26 17:00:00,UNITED KINGDOM,0
17896.0,1,2,2,288.0,144.0,0.0,18.0,2011-11-16 13:59:00,2011-11-16 13:59:00,UNITED KINGDOM,0
17897.0,3,108,100,222.0,2.0555555555555554,0.0,18.0,2010-12-01 12:31:00,2011-06-20 11:23:00,UNITED KINGDOM,200
17898.0,2,28,27,190.0,6.785714285714286,0.0,18.0,2011-05-16 17:13:00,2011-09-15 14:56:00,UNITED KINGDOM,121
17899.0,1,31,29,170.0,5.483870967741935,0.0,18.0,2011-07-03 14:58:00,2011-07-03 14:58:00,UNITED KINGDOM,0
17900.0,2,6,4,73.0,12.166666666666666,15.0,15.0,2011-06-02 14:28:00,2011-06-02 14:38:00,UNITED KINGDOM,0
17901.0,1,19,19,24.0,1.263157894736842,0.0,18.0,2011-11-10 17:29:00,2011-11-10 17:29:00,UNITED KINGDOM,0
17904.0,1,34,33,59.0,1.7352941176470589,0.0,18.0,2011-11-18 12:57:00,2011-11-18 12:57:00,UNITED KINGDOM,0
17905.0,4,33,33,406.0,12.303030303030303,0.0,18.0,2010-12-01 13:21:00,2011-09-29 17:33:00,UNITED KINGDOM,302
17906.0,1,12,12,26.0,2.1666666666666665,0.0,18.0,2011-04-06 17:25:00,2011-04-06 17:25:00,UNITED KINGDOM,0
17908.0,1,54,51,169.0,3.1296296296296298,0.0,18.0,2010-12-01 11:45:00,2010-12-01 11:45:00,UNITED KINGDOM,0
17911.0,1,39,39,223.0,5.717948717948718,0.0,18.0,2011-11-30 14:52:00,2011-11-30 14:52:00,UNITED KINGDOM,0
17912.0,5,37,35,184.0,4.972972972972973,0.0,18.0,2010-12-10 11:11:00,2011-02-02 14:25:00,UNITED KINGDOM,54
17913.0,2,58,55,288.0,4.9655172413793105,0.0,18.0,2010-12-19 11:35:00,2011-10-12 10:45:00,UNITED KINGDOM,296
17914.0,1,75,72,457.0,6.093333333333334,0.0,18.0,2011-12-06 11:58:00,2011-12-06 11:58:00,UNITED KINGDOM,0
17917.0,3,92,77,184.0,2.0,0.0,18.0,2010-12-12 12:08:00,2011-10-25 13:20:00,UNITED KINGDOM,317
17919.0,1,23,23,756.0,32.869565217391305,0.0,18.0,2011-09-12 13:41:00,2011-09-12 13:41:00,UNITED KINGDOM,0
17920.0,17,665,410,2473.0,3.718796992481203,0.0,18.0,2010-12-01 11:49:00,2011-12-05 14:29:00,UNITED KINGDOM,369
17921.0,4,142,114,425.0,2.992957746478873,0.0,18.0,2011-03-18 13:19:00,2011-10-06 18:56:00,UNITED KINGDOM,202
17923.0,1,1,1,50.0,50.0,0.0,18.0,2011-03-02 15:15:00,2011-03-02 15:15:00,UNITED KINGDOM,0
17924.0,7,31,26,1160.0,37.41935483870968,0.0,18.0,2010-12-01 10:51:00,2011-11-28 09:11:00,UNITED KINGDOM,361
17925.0,1,1,1,72.0,72.0,0.0,18.0,2010-12-02 10:10:00,2010-12-02 10:10:00,UNITED KINGDOM,0
17926.0,2,21,17,306.0,14.571428571428571,0.0,18.0,2011-05-20 09:24:00,2011-07-29 14:39:00,UNITED KINGDOM,70
17928.0,2,23,23,140.0,6.086956521739131,0.0,18.0,2011-04-07 18:03:00,2011-10-25 13:52:00,UNITED KINGDOM,200
17929.0,4,5,4,108.0,21.6,0.0,18.0,2011-02-04 11:40:00,2011-11-28 16:01:00,UNITED KINGDOM,297
17930.0,5,39,26,1594.0,40.87179487179487,0.0,18.0,2011-04-14 15:46:00,2011-11-04 10:23:00,UNITED KINGDOM,203
17931.0,2,65,63,249.0,3.830769230769231,0.0,18.0,2011-03-29 12:31:00,2011-07-28 18:33:00,UNITED KINGDOM,121
17932.0,3,90,84,789.0,8.766666666666667,0.0,18.0,2011-05-12 13:58:00,2011-11-10 19:49:00,UNITED KINGDOM,182
17934.0,2,21,21,478.0,22.761904761904763,0.0,18.0,2011-10-12 10:50:00,2011-10-19 11:16:00,UNITED KINGDOM,7
17935.0,2,29,28,82.0,2.8275862068965516,0.0,18.0,2011-07-21 11:23:00,2011-07-24 13:18:00,UNITED KINGDOM,3
17936.0,1,72,68,257.0,3.5694444444444446,0.0,18.0,2011-12-04 13:32:00,2011-12-04 13:32:00,UNITED KINGDOM,0
17937.0,7,43,19,1754.0,40.7906976744186,0.0,18.0,2010-12-12 14:43:00,2011-12-01 11:45:00,UNITED KINGDOM,353
17939.0,1,12,12,40.0,3.3333333333333335,0.0,18.0,2011-07-03 12:27:00,2011-07-03 12:27:00,UNITED KINGDOM,0
17940.0,10,18,6,9323.0,517.9444444444445,0.0,18.0,2011-02-10 09:29:00,2011-10-21 13:27:00,UNITED KINGDOM,253
17941.0,1,2,2,252.0,126.0,0.0,18.0,2011-08-01 08:30:00,2011-08-01 08:30:00,UNITED KINGDOM,0
17942.0,1,2,2,38.0,19.0,0.0,18.0,2011-12-02 10:45:00,2011-12-02 10:45:00,UNITED KINGDOM,0
17946.0,2,20,18,75.0,3.75,0.0,18.0,2011-03-25 14:34:00,2011-04-20 17:00:00,UNITED KINGDOM,26
17947.0,1,9,9,168.0,18.666666666666668,0.0,18.0,2011-11-02 13:05:00,2011-11-02 13:05:00,UNITED KINGDOM,0
17948.0,1,1,1,144.0,144.0,0.0,18.0,2011-07-15 12:58:00,2011-07-15 12:58:00,UNITED KINGDOM,0
17949.0,45,70,30,30546.0,436.37142857142857,5.0,5.0,2010-12-03 13:12:00,2011-12-08 18:46:00,UNITED KINGDOM,370
17950.0,3,71,63,366.0,5.154929577464789,0.0,18.0,2010-12-09 15:16:00,2011-09-28 15:18:00,UNITED KINGDOM,293
17951.0,3,20,18,616.0,30.8,0.0,18.0,2010-12-01 12:40:00,2011-10-31 12:30:00,UNITED KINGDOM,333
17954.0,12,477,329,2221.0,4.656184486373165,0.0,18.0,2010-12-03 14:18:00,2011-12-04 14:15:00,UNITED KINGDOM,365
17955.0,4,19,14,273.0,14.368421052631579,2.0,2.0,2011-05-04 12:29:00,2011-05-25 12:00:00,UNITED KINGDOM,20
17956.0,1,1,1,1.0,1.0,0.0,18.0,2011-04-04 13:47:00,2011-04-04 13:47:00,UNITED KINGDOM,0
17957.0,1,31,31,287.0,9.258064516129032,0.0,18.0,2011-10-04 14:58:00,2011-10-04 14:58:00,UNITED KINGDOM,0
17958.0,1,7,7,84.0,12.0,0.0,18.0,2011-08-15 12:19:00,2011-08-15 12:19:00,UNITED KINGDOM,0
17960.0,1,26,26,41.0,1.5769230769230769,0.0,18.0,2011-06-21 14:15:00,2011-06-21 14:15:00,UNITED KINGDOM,0
17961.0,39,249,211,560.0,2.248995983935743,125.0,125.0,2010-12-02 19:18:00,2011-11-18 16:55:00,UNITED KINGDOM,350
17962.0,1,34,33,127.0,3.735294117647059,0.0,18.0,2011-07-20 14:16:00,2011-07-20 14:16:00,UNITED KINGDOM,0
17964.0,2,98,84,294.0,3.0,0.0,18.0,2010-12-02 13:32:00,2011-11-08 10:44:00,UNITED KINGDOM,340
17965.0,14,325,274,1532.0,4.713846153846154,25.0,25.0,2010-12-05 15:54:00,2011-11-02 09:31:00,UNITED KINGDOM,331
17966.0,5,68,55,2571.0,37.80882352941177,0.0,18.0,2011-03-23 17:25:00,2011-11-02 10:26:00,UNITED KINGDOM,223
17967.0,1,42,41,73.0,1.7380952380952381,0.0,18.0,2010-12-03 11:19:00,2010-12-03 11:19:00,UNITED KINGDOM,0
17968.0,1,81,74,151.0,1.8641975308641976,0.0,18.0,2010-12-01 12:23:00,2010-12-01 12:23:00,UNITED KINGDOM,0
17969.0,2,14,14,152.0,10.857142857142858,0.0,18.0,2010-12-13 15:34:00,2011-06-26 13:00:00,UNITED KINGDOM,194
17970.0,1,29,27,513.0,17.689655172413794,0.0,18.0,2011-05-12 20:03:00,2011-05-12 20:03:00,UNITED KINGDOM,0
17972.0,1,30,30,36.0,1.2,0.0,18.0,2011-04-12 12:16:00,2011-04-12 12:16:00,UNITED KINGDOM,0
17973.0,1,15,14,176.0,11.733333333333333,0.0,18.0,2011-10-19 10:34:00,2011-10-19 10:34:00,UNITED KINGDOM,0
17974.0,3,165,143,500.0,3.0303030303030303,0.0,18.0,2011-05-04 11:50:00,2011-11-15 11:37:00,UNITED KINGDOM,194
17975.0,13,293,189,1565.0,5.341296928327645,0.0,18.0,2010-12-08 11:38:00,2011-11-24 13:27:00,UNITED KINGDOM,351
17976.0,1,57,56,93.0,1.631578947368421,0.0,18.0,2010-12-02 13:49:00,2010-12-02 13:49:00,UNITED KINGDOM,0
17977.0,1,21,19,342.0,16.285714285714285,0.0,18.0,2011-11-10 13:28:00,2011-11-10 13:28:00,UNITED KINGDOM,0
17978.0,1,12,12,499.0,41.583333333333336,0.0,18.0,2010-12-09 14:05:00,2010-12-09 14:05:00,UNITED KINGDOM,0
17979.0,4,138,116,383.0,2.7753623188405796,0.0,18.0,2011-03-25 11:34:00,2011-11-04 12:05:00,UNITED KINGDOM,224
17980.0,3,30,23,682.0,22.733333333333334,0.0,18.0,2010-12-15 15:50:00,2011-06-27 12:01:00,UNITED KINGDOM,193
17984.0,1,48,48,98.0,2.0416666666666665,0.0,18.0,2011-07-17 15:59:00,2011-07-17 15:59:00,UNITED KINGDOM,0
17985.0,1,21,20,171.0,8.142857142857142,0.0,18.0,2011-11-17 14:24:00,2011-11-17 14:24:00,UNITED KINGDOM,0
17986.0,1,1,1,10.0,10.0,0.0,18.0,2011-10-14 14:22:00,2011-10-14 14:22:00,UNITED KINGDOM,0
17987.0,1,13,13,261.0,20.076923076923077,0.0,18.0,2011-06-07 14:22:00,2011-06-07 14:22:00,UNITED KINGDOM,0
17988.0,7,38,37,43.0,1.131578947368421,0.0,18.0,2011-01-17 11:59:00,2011-11-28 11:00:00,UNITED KINGDOM,314
17990.0,3,29,27,414.0,14.275862068965518,0.0,18.0,2010-12-13 12:10:00,2011-04-17 11:44:00,UNITED KINGDOM,124
17991.0,2,5,4,25.0,5.0,0.0,18.0,2011-04-27 16:39:00,2011-04-28 15:58:00,UNITED KINGDOM,0
17994.0,4,79,63,495.0,6.265822784810126,0.0,18.0,2011-02-22 11:02:00,2011-08-10 11:41:00,UNITED KINGDOM,169
17995.0,1,2,2,133.0,66.5,0.0,18.0,2011-03-03 12:30:00,2011-03-03 12:30:00,UNITED KINGDOM,0
17997.0,8,164,133,2273.0,13.859756097560975,0.0,18.0,2011-06-28 17:28:00,2011-09-26 16:13:00,UNITED KINGDOM,89
17999.0,2,91,87,219.0,2.4065934065934065,0.0,18.0,2010-12-08 15:17:00,2011-11-02 15:56:00,UNITED KINGDOM,329
18001.0,2,57,56,362.0,6.350877192982456,0.0,18.0,2011-09-14 11:21:00,2011-11-27 16:02:00,UNITED KINGDOM,74
18004.0,1,37,32,75.0,2.027027027027027,0.0,18.0,2010-12-12 13:47:00,2010-12-12 13:47:00,UNITED KINGDOM,0
18005.0,2,53,52,86.0,1.6226415094339623,0.0,18.0,2011-10-23 14:40:00,2011-12-06 11:51:00,UNITED KINGDOM,43
18006.0,1,22,21,220.0,10.0,0.0,18.0,2011-11-16 16:52:00,2011-11-16 16:52:00,UNITED KINGDOM,0
18008.0,9,30,25,1581.0,52.7,0.0,18.0,2011-01-25 12:26:00,2011-09-30 15:17:00,UNITED KINGDOM,248
18009.0,1,31,31,125.0,4.032258064516129,0.0,18.0,2011-04-18 13:36:00,2011-04-18 13:36:00,UNITED KINGDOM,0
18010.0,1,14,14,60.0,4.285714285714286,0.0,18.0,2011-03-28 12:27:00,2011-03-28 12:27:00,UNITED KINGDOM,0
18011.0,1,28,28,71.0,2.5357142857142856,0.0,18.0,2010-12-01 17:35:00,2010-12-01 17:35:00,UNITED KINGDOM,0
18013.0,2,31,31,285.0,9.193548387096774,0.0,18.0,2011-07-07 14:08:00,2011-07-07 14:11:00,UNITED KINGDOM,0
18014.0,1,30,29,66.0,2.2,0.0,18.0,2011-11-11 15:28:00,2011-11-11 15:28:00,UNITED KINGDOM,0
18015.0,1,46,46,157.0,3.4130434782608696,0.0,18.0,2011-12-05 14:49:00,2011-12-05 14:49:00,UNITED KINGDOM,0
18016.0,5,122,90,1027.0,8.418032786885245,0.0,18.0,2010-12-10 17:14:00,2011-11-07 13:25:00,UNITED KINGDOM,331
18017.0,3,3,1,300.0,100.0,0.0,18.0,2011-02-02 13:57:00,2011-09-19 16:15:00,UNITED KINGDOM,229
18018.0,2,29,29,55.0,1.896551724137931,0.0,18.0,2011-05-24 13:22:00,2011-08-23 17:37:00,UNITED KINGDOM,91
18019.0,1,5,5,7.0,1.4,0.0,18.0,2011-10-19 12:10:00,2011-10-19 12:10:00,UNITED KINGDOM,0
18022.0,1,164,141,703.0,4.286585365853658,0.0,18.0,2011-11-04 12:45:00,2011-11-04 12:45:00,UNITED KINGDOM,0
18024.0,2,21,21,184.0,8.761904761904763,0.0,18.0,2011-07-10 12:28:00,2011-07-10 12:40:00,UNITED KINGDOM,0
18027.0,1,21,21,78.0,3.7142857142857144,0.0,18.0,2011-09-02 10:38:00,2011-09-02 10:38:00,UNITED KINGDOM,0
18030.0,2,9,8,67.0,7.444444444444445,0.0,18.0,2011-10-28 13:55:00,2011-12-05 16:37:00,UNITED KINGDOM,38
18032.0,1,5,5,42.0,8.4,0.0,18.0,2011-01-09 15:32:00,2011-01-09 15:32:00,UNITED KINGDOM,0
18033.0,1,33,32,252.0,7.636363636363637,0.0,18.0,2011-10-05 17:28:00,2011-10-05 17:28:00,UNITED KINGDOM,0
18034.0,2,110,99,559.0,5.081818181818182,0.0,18.0,2011-11-18 12:08:00,2011-11-18 12:22:00,UNITED KINGDOM,0
18035.0,3,49,44,584.0,11.918367346938776,0.0,18.0,2011-10-27 17:48:00,2011-11-04 12:39:00,UNITED KINGDOM,7
18036.0,3,94,77,232.0,2.4680851063829787,0.0,18.0,2011-04-08 11:26:00,2011-11-07 14:40:00,UNITED KINGDOM,213
18037.0,6,19,19,20.0,1.0526315789473684,0.0,18.0,2010-12-12 16:20:00,2011-07-08 13:39:00,UNITED KINGDOM,207
18040.0,2,19,18,148.0,7.7894736842105265,0.0,18.0,2011-04-08 08:27:00,2011-11-20 14:20:00,UNITED KINGDOM,226
18041.0,21,458,288,3758.0,8.20524017467249,0.0,18.0,2010-12-02 11:21:00,2011-11-28 11:39:00,UNITED KINGDOM,361
18042.0,1,7,7,33.0,4.714285714285714,0.0,18.0,2011-10-17 11:49:00,2011-10-17 11:49:00,UNITED KINGDOM,0
18043.0,3,115,106,265.0,2.3043478260869565,0.0,18.0,2010-12-08 12:35:00,2011-11-15 12:48:00,UNITED KINGDOM,342
18044.0,10,127,88,1033.0,8.133858267716535,0.0,18.0,2010-12-14 12:25:00,2011-12-05 14:26:00,UNITED KINGDOM,356
18045.0,1,43,43,138.0,3.2093023255813953,0.0,18.0,2011-10-25 13:07:00,2011-10-25 13:07:00,UNITED KINGDOM,0
18048.0,2,7,6,127.0,18.142857142857142,0.0,18.0,2011-05-20 14:54:00,2011-05-20 14:58:00,UNITED KINGDOM,0
18050.0,1,5,5,40.0,8.0,0.0,18.0,2010-12-15 14:25:00,2010-12-15 14:25:00,UNITED KINGDOM,0
18053.0,1,20,20,302.0,15.1,0.0,18.0,2011-09-30 09:05:00,2011-09-30 09:05:00,UNITED KINGDOM,0
18055.0,10,358,226,2452.0,6.849162011173185,0.0,18.0,2010-12-05 10:52:00,2011-12-02 14:25:00,UNITED KINGDOM,362
18056.0,1,19,19,211.0,11.105263157894736,0.0,18.0,2011-02-24 14:27:00,2011-02-24 14:27:00,UNITED KINGDOM,0
18058.0,1,3,3,88.0,29.333333333333332,0.0,18.0,2011-11-30 08:38:00,2011-11-30 08:38:00,UNITED KINGDOM,0
18059.0,3,19,17,263.0,13.842105263157896,0.0,0.0,2011-10-03 09:30:00,2011-11-16 16:49:00,UNITED KINGDOM,44
18061.0,10,46,18,955.0,20.76086956521739,0.0,18.0,2010-12-08 13:03:00,2011-11-18 11:20:00,UNITED KINGDOM,344
18062.0,3,27,23,396.0,14.666666666666666,0.0,18.0,2011-01-06 10:03:00,2011-06-19 14:47:00,UNITED KINGDOM,164
18064.0,2,7,7,384.0,54.857142857142854,0.0,18.0,2011-04-18 15:08:00,2011-07-29 16:39:00,UNITED KINGDOM,102
18065.0,14,137,110,1027.0,7.4963503649635035,0.0,18.0,2010-12-10 12:44:00,2011-12-04 10:30:00,UNITED KINGDOM,358
18066.0,1,10,10,108.0,10.8,0.0,18.0,2011-09-25 15:30:00,2011-09-25 15:30:00,UNITED KINGDOM,0
18067.0,1,37,36,189.0,5.108108108108108,0.0,18.0,2011-10-30 15:58:00,2011-10-30 15:58:00,UNITED KINGDOM,0
18068.0,1,1,1,6.0,6.0,0.0,18.0,2011-02-23 14:50:00,2011-02-23 14:50:00,UNITED KINGDOM,0
18069.0,5,457,335,1296.0,2.835886214442013,0.0,18.0,2011-01-16 15:50:00,2011-11-13 16:03:00,UNITED KINGDOM,301
18071.0,2,25,23,260.0,10.4,0.0,18.0,2010-12-09 10:33:00,2011-03-27 11:59:00,UNITED KINGDOM,108
18072.0,1,18,18,288.0,16.0,0.0,18.0,2011-06-07 10:44:00,2011-06-07 10:44:00,UNITED KINGDOM,0
18073.0,12,72,23,3102.0,43.083333333333336,60.0,15.0,2011-05-26 19:38:00,2011-08-17 14:02:00,UNITED KINGDOM,82
18074.0,1,13,13,190.0,14.615384615384615,0.0,18.0,2010-12-01 09:53:00,2010-12-01 09:53:00,UNITED KINGDOM,0
18075.0,10,142,98,1464.0,10.309859154929578,0.0,18.0,2010-12-14 10:48:00,2011-11-16 15:21:00,UNITED KINGDOM,337
18077.0,11,223,103,1839.0,8.246636771300448,0.0,18.0,2010-12-08 10:21:00,2011-12-01 13:32:00,UNITED KINGDOM,358
18078.0,2,29,27,145.0,5.0,0.0,18.0,2011-03-25 15:08:00,2011-05-06 14:32:00,UNITED KINGDOM,41
18079.0,4,123,101,7347.0,59.73170731707317,0.0,18.0,2011-04-15 12:14:00,2011-10-25 15:27:00,UNITED KINGDOM,193
18080.0,2,2,2,642.0,321.0,0.0,18.0,2011-04-11 10:10:00,2011-11-21 08:02:00,UNITED KINGDOM,223
18081.0,3,17,14,195.0,11.470588235294118,0.0,18.0,2011-07-29 11:56:00,2011-11-03 16:30:00,UNITED KINGDOM,97
18082.0,1,70,62,608.0,8.685714285714285,0.0,18.0,2011-11-14 12:45:00,2011-11-14 12:45:00,UNITED KINGDOM,0
18084.0,1,1,1,312.0,312.0,0.0,18.0,2011-11-23 13:57:00,2011-11-23 13:57:00,UNITED KINGDOM,0
18085.0,2,29,25,265.0,9.137931034482758,0.0,18.0,2010-12-01 12:08:00,2011-01-13 15:17:00,UNITED KINGDOM,43
18086.0,1,7,7,106.0,15.142857142857142,0.0,18.0,2011-03-10 13:34:00,2011-03-10 13:34:00,UNITED KINGDOM,0
18087.0,2,2,2,3907.0,1953.5,0.0,18.0,2011-02-22 10:43:00,2011-09-02 15:12:00,UNITED KINGDOM,192
18088.0,1,37,35,107.0,2.891891891891892,0.0,18.0,2011-10-09 13:41:00,2011-10-09 13:41:00,UNITED KINGDOM,0
18092.0,11,89,28,4252.0,47.7752808988764,0.0,18.0,2010-12-09 10:00:00,2011-12-07 13:14:00,UNITED KINGDOM,363
18093.0,4,36,31,1392.0,38.666666666666664,0.0,18.0,2011-02-10 12:15:00,2011-09-07 15:43:00,UNITED KINGDOM,209
18094.0,7,70,39,2518.0,35.97142857142857,0.0,18.0,2011-02-21 08:50:00,2011-09-19 09:28:00,UNITED KINGDOM,210
18095.0,2,21,20,419.0,19.952380952380953,0.0,18.0,2011-01-11 12:37:00,2011-01-31 12:50:00,UNITED KINGDOM,20
18096.0,3,196,157,788.0,4.020408163265306,0.0,18.0,2011-10-07 11:55:00,2011-11-28 12:44:00,UNITED KINGDOM,52
18097.0,6,106,66,1662.0,15.679245283018869,0.0,18.0,2010-12-20 14:49:00,2011-12-02 11:16:00,UNITED KINGDOM,346
18099.0,1,19,19,149.0,7.842105263157895,0.0,18.0,2011-08-04 15:52:00,2011-08-04 15:52:00,UNITED KINGDOM,0
18101.0,2,40,37,87.0,2.175,0.0,18.0,2011-07-19 13:05:00,2011-11-28 13:37:00,UNITED KINGDOM,132
18102.0,60,431,162,64124.0,148.77958236658932,0.0,18.0,2010-12-07 16:42:00,2011-12-09 11:50:00,UNITED KINGDOM,366
18104.0,1,38,38,362.0,9.526315789473685,0.0,18.0,2011-11-02 14:07:00,2011-11-02 14:07:00,UNITED KINGDOM,0
18105.0,1,18,18,46.0,2.5555555555555554,0.0,18.0,2011-11-02 12:04:00,2011-11-02 12:04:00,UNITED KINGDOM,0
18106.0,1,37,33,126.0,3.4054054054054053,0.0,18.0,2011-01-14 12:23:00,2011-01-14 12:23:00,UNITED KINGDOM,0
18108.0,1,17,17,84.0,4.9411764705882355,0.0,18.0,2011-03-30 13:56:00,2011-03-30 13:56:00,UNITED KINGDOM,0
18109.0,26,441,122,4230.0,9.591836734693878,0.0,18.0,2010-12-05 10:58:00,2011-12-08 11:36:00,UNITED KINGDOM,368
18110.0,1,37,33,72.0,1.945945945945946,0.0,18.0,2011-11-20 12:34:00,2011-11-20 12:34:00,UNITED KINGDOM,0
18112.0,2,26,26,255.0,9.807692307692308,0.0,18.0,2011-06-26 13:56:00,2011-11-27 14:43:00,UNITED KINGDOM,154
18113.0,1,1,1,72.0,72.0,0.0,18.0,2010-12-06 12:31:00,2010-12-06 12:31:00,UNITED KINGDOM,0
18114.0,1,28,28,55.0,1.9642857142857142,0.0,18.0,2011-02-22 13:20:00,2011-02-22 13:20:00,UNITED KINGDOM,0
18116.0,8,369,227,835.0,2.2628726287262872,0.0,18.0,2010-12-10 12:14:00,2011-10-03 11:00:00,UNITED KINGDOM,296
18117.0,1,72,68,605.0,8.402777777777779,0.0,18.0,2011-11-14 12:47:00,2011-11-14 12:47:00,UNITED KINGDOM,0
18118.0,26,1263,428,2865.0,2.2684085510688834,0.0,18.0,2010-12-05 12:13:00,2011-11-29 11:32:00,UNITED KINGDOM,358
18119.0,1,29,29,124.0,4.275862068965517,0.0,18.0,2010-12-07 11:59:00,2010-12-07 11:59:00,UNITED KINGDOM,0
18120.0,1,17,17,31.0,1.8235294117647058,0.0,18.0,2011-05-09 13:45:00,2011-05-09 13:45:00,UNITED KINGDOM,0
18121.0,2,31,28,438.0,14.129032258064516,0.0,18.0,2011-07-08 12:14:00,2011-07-13 12:53:00,UNITED KINGDOM,5
18122.0,6,356,237,1224.0,3.438202247191011,0.0,18.0,2011-07-12 11:37:00,2011-12-01 13:08:00,UNITED KINGDOM,142
18123.0,2,34,31,582.0,17.11764705882353,0.0,18.0,2011-11-08 13:31:00,2011-11-15 14:23:00,UNITED KINGDOM,7
18125.0,4,191,164,799.0,4.183246073298429,0.0,18.0,2011-01-27 15:02:00,2011-11-10 12:29:00,UNITED KINGDOM,286
18126.0,1,52,52,135.0,2.5961538461538463,0.0,18.0,2011-10-10 12:19:00,2011-10-10 12:19:00,UNITED KINGDOM,0
18127.0,3,46,40,187.0,4.065217391304348,25.0,25.0,2011-07-29 10:06:00,2011-11-20 14:05:00,UNITED KINGDOM,114
18129.0,1,14,13,48.0,3.4285714285714284,0.0,18.0,2011-04-10 14:16:00,2011-04-10 14:16:00,UNITED KINGDOM,0
18130.0,3,70,58,824.0,11.771428571428572,0.0,18.0,2011-10-13 15:58:00,2011-11-24 14:40:00,UNITED KINGDOM,41
18133.0,1,1,1,1350.0,1350.0,0.0,18.0,2011-05-11 14:14:00,2011-05-11 14:14:00,UNITED KINGDOM,0
18135.0,5,20,11,349.0,17.45,0.0,18.0,2011-06-02 14:04:00,2011-11-10 19:32:00,UNITED KINGDOM,161
18136.0,3,38,34,379.0,9.973684210526315,0.0,18.0,2011-01-24 12:08:00,2011-10-07 15:40:00,UNITED KINGDOM,256
18138.0,1,8,8,38.0,4.75,0.0,18.0,2011-02-17 14:51:00,2011-02-17 14:51:00,UNITED KINGDOM,0
18139.0,6,159,35,5557.0,34.9496855345912,0.0,18.0,2011-11-21 14:06:00,2011-11-22 10:44:00,UNITED KINGDOM,0
18142.0,2,15,9,1276.0,85.06666666666666,0.0,18.0,2011-05-08 12:31:00,2011-07-05 13:19:00,UNITED KINGDOM,58
18143.0,2,61,59,570.0,9.344262295081966,0.0,18.0,2011-07-21 10:44:00,2011-08-15 12:07:00,UNITED KINGDOM,25
18144.0,12,43,27,1343.0,31.232558139534884,0.0,18.0,2010-12-01 13:45:00,2011-12-02 12:46:00,UNITED KINGDOM,365
18145.0,4,221,177,2625.0,11.877828054298643,0.0,18.0,2011-01-31 12:10:00,2011-11-27 11:22:00,UNITED KINGDOM,299
18146.0,2,10,10,153.0,15.3,0.0,18.0,2011-05-03 16:35:00,2011-07-22 12:08:00,UNITED KINGDOM,79
18147.0,2,7,7,203.0,29.0,0.0,18.0,2011-08-23 12:22:00,2011-10-25 11:46:00,UNITED KINGDOM,62
18149.0,3,16,11,310.0,19.375,0.0,18.0,2011-03-11 12:44:00,2011-10-20 12:04:00,UNITED KINGDOM,222
18150.0,3,37,29,332.0,8.972972972972974,0.0,18.0,2011-05-22 10:47:00,2011-11-07 16:49:00,UNITED KINGDOM,169
18151.0,2,38,38,355.0,9.342105263157896,0.0,18.0,2011-02-23 08:29:00,2011-07-28 11:35:00,UNITED KINGDOM,155
18154.0,2,21,15,255.0,12.142857142857142,0.0,18.0,2011-10-27 10:40:00,2011-12-06 16:41:00,UNITED KINGDOM,40
18155.0,3,25,19,266.0,10.64,0.0,18.0,2011-02-21 10:36:00,2011-09-25 13:32:00,UNITED KINGDOM,216
18156.0,2,122,100,283.0,2.319672131147541,0.0,18.0,2010-12-05 12:29:00,2011-11-27 12:24:00,UNITED KINGDOM,356
18158.0,2,34,24,354.0,10.411764705882353,0.0,18.0,2011-09-12 09:03:00,2011-11-30 16:19:00,UNITED KINGDOM,79
18159.0,1,23,23,139.0,6.043478260869565,0.0,18.0,2011-02-11 14:26:00,2011-02-11 14:26:00,UNITED KINGDOM,0
18160.0,2,39,37,294.0,7.538461538461538,0.0,18.0,2011-05-23 13:41:00,2011-10-13 15:50:00,UNITED KINGDOM,143
18161.0,5,80,49,812.0,10.15,0.0,18.0,2011-01-24 11:56:00,2011-11-24 16:40:00,UNITED KINGDOM,304
18164.0,1,24,24,184.0,7.666666666666667,0.0,18.0,2011-11-02 12:56:00,2011-11-02 12:56:00,UNITED KINGDOM,0
18165.0,1,10,10,254.0,25.4,0.0,18.0,2011-06-15 13:23:00,2011-06-15 13:23:00,UNITED KINGDOM,0
18167.0,3,37,24,382.0,10.324324324324325,0.0,18.0,2011-08-26 11:40:00,2011-11-16 15:56:00,UNITED KINGDOM,82
18168.0,6,130,97,592.0,4.553846153846154,0.0,18.0,2010-12-02 18:08:00,2011-06-16 19:21:00,UNITED KINGDOM,196
18169.0,1,9,9,61.0,6.777777777777778,0.0,18.0,2011-10-10 12:18:00,2011-10-10 12:18:00,UNITED KINGDOM,0
18170.0,3,38,30,409.0,10.763157894736842,0.0,18.0,2011-05-06 15:13:00,2011-11-06 14:35:00,UNITED KINGDOM,183
18171.0,5,54,43,481.0,8.907407407407407,0.0,18.0,2011-01-10 09:55:00,2011-10-12 09:13:00,UNITED KINGDOM,274
18172.0,20,189,102,3184.0,16.84656084656085,0.0,18.0,2011-02-23 10:44:00,2011-11-25 11:12:00,UNITED KINGDOM,275
18173.0,4,31,23,1220.0,39.354838709677416,0.0,18.0,2011-03-10 11:56:00,2011-09-14 11:26:00,UNITED KINGDOM,187
18174.0,1,1,1,50.0,50.0,0.0,18.0,2011-12-02 16:56:00,2011-12-02 16:56:00,UNITED KINGDOM,0
18176.0,1,30,30,283.0,9.433333333333334,0.0,18.0,2010-12-16 15:45:00,2010-12-16 15:45:00,UNITED KINGDOM,0
18177.0,6,73,53,709.0,9.712328767123287,0.0,18.0,2011-03-29 08:46:00,2011-11-08 14:44:00,UNITED KINGDOM,224
18178.0,4,97,81,983.0,10.1340206185567,0.0,18.0,2010-12-10 12:42:00,2011-08-03 09:30:00,UNITED KINGDOM,235
18179.0,6,90,86,1360.0,15.11111111111111,0.0,18.0,2011-01-07 14:22:00,2011-11-30 16:23:00,UNITED KINGDOM,327
18180.0,6,119,108,1721.0,14.46218487394958,0.0,18.0,2011-07-20 08:59:00,2011-12-05 08:39:00,UNITED KINGDOM,137
18181.0,1,41,40,133.0,3.2439024390243905,0.0,18.0,2011-11-15 15:08:00,2011-11-15 15:08:00,UNITED KINGDOM,0
18183.0,2,37,36,371.0,10.027027027027026,0.0,18.0,2011-03-10 10:08:00,2011-04-26 15:26:00,UNITED KINGDOM,47
18184.0,1,1,1,60.0,60.0,0.0,18.0,2011-11-24 15:28:00,2011-11-24 15:28:00,UNITED KINGDOM,0
18185.0,1,17,17,183.0,10.764705882352942,0.0,18.0,2011-04-04 13:42:00,2011-04-04 13:42:00,UNITED KINGDOM,0
18188.0,3,71,64,1168.0,16.450704225352112,0.0,18.0,2011-02-22 14:43:00,2011-11-24 16:46:00,UNITED KINGDOM,275
18189.0,2,68,65,566.0,8.323529411764707,0.0,18.0,2011-03-17 09:49:00,2011-09-23 12:40:00,UNITED KINGDOM,190
18190.0,2,15,14,140.0,9.333333333333334,0.0,18.0,2011-01-13 10:35:00,2011-05-31 14:48:00,UNITED KINGDOM,138
18191.0,1,7,7,140.0,20.0,0.0,18.0,2011-03-23 12:08:00,2011-03-23 12:08:00,UNITED KINGDOM,0
18192.0,1,45,45,339.0,7.533333333333333,0.0,18.0,2011-09-29 09:53:00,2011-09-29 09:53:00,UNITED KINGDOM,0
18193.0,1,16,16,124.0,7.75,0.0,18.0,2011-06-27 13:58:00,2011-06-27 13:58:00,UNITED KINGDOM,0
18194.0,1,7,7,632.0,90.28571428571429,0.0,18.0,2011-09-18 13:29:00,2011-09-18 13:29:00,UNITED KINGDOM,0
18196.0,2,139,131,431.0,3.1007194244604315,0.0,18.0,2011-02-22 16:13:00,2011-09-05 16:22:00,UNITED KINGDOM,195
18198.0,17,159,83,4074.0,25.62264150943396,0.0,18.0,2011-01-07 13:39:00,2011-12-05 14:49:00,UNITED KINGDOM,332
18200.0,1,30,29,104.0,3.466666666666667,0.0,18.0,2011-08-25 18:45:00,2011-08-25 18:45:00,UNITED KINGDOM,0
18202.0,3,68,56,581.0,8.544117647058824,0.0,18.0,2011-02-01 13:36:00,2011-05-24 12:12:00,UNITED KINGDOM,111
18203.0,1,19,19,43.0,2.263157894736842,0.0,18.0,2011-07-05 13:07:00,2011-07-05 13:07:00,UNITED KINGDOM,0
18204.0,3,192,160,1190.0,6.197916666666667,0.0,18.0,2011-05-31 15:26:00,2011-09-29 16:44:00,UNITED KINGDOM,121
18205.0,2,32,30,192.0,6.0,0.0,18.0,2011-09-26 12:02:00,2011-11-03 13:22:00,UNITED KINGDOM,38
18209.0,1,8,8,58.0,7.25,0.0,18.0,2011-11-11 12:07:00,2011-11-11 12:07:00,UNITED KINGDOM,0
18210.0,6,134,110,1398.0,10.432835820895523,0.0,18.0,2011-03-17 16:58:00,2011-12-08 11:02:00,UNITED KINGDOM,265
18211.0,5,42,37,359.0,8.547619047619047,0.0,18.0,2011-03-06 12:09:00,2011-11-14 08:10:00,UNITED KINGDOM,252
18212.0,1,34,30,92.0,2.7058823529411766,0.0,18.0,2011-01-17 16:14:00,2011-01-17 16:14:00,UNITED KINGDOM,0
18213.0,1,15,15,232.0,15.466666666666667,0.0,18.0,2011-04-17 10:21:00,2011-04-17 10:21:00,UNITED KINGDOM,0
18215.0,1,13,13,118.0,9.076923076923077,0.0,18.0,2011-09-11 16:05:00,2011-09-11 16:05:00,UNITED KINGDOM,0
18216.0,1,26,26,200.0,7.6923076923076925,25.0,25.0,2011-11-08 16:55:00,2011-11-08 16:55:00,UNITED KINGDOM,0
18217.0,2,31,27,491.0,15.838709677419354,0.0,18.0,2011-09-30 10:44:00,2011-11-10 13:18:00,UNITED KINGDOM,41
18218.0,2,20,17,536.0,26.8,0.0,18.0,2011-03-03 12:24:00,2011-05-12 12:53:00,UNITED KINGDOM,70
18219.0,10,114,59,885.0,7.7631578947368425,50.0,25.0,2010-12-06 10:05:00,2011-12-07 11:43:00,UNITED KINGDOM,366
18220.0,1,2,2,288.0,144.0,0.0,18.0,2011-04-27 09:03:00,2011-04-27 09:03:00,UNITED KINGDOM,0
18221.0,5,64,59,791.0,12.359375,0.0,18.0,2011-05-12 14:13:00,2011-11-17 14:40:00,UNITED KINGDOM,189
18222.0,1,19,19,335.0,17.63157894736842,0.0,18.0,2011-09-08 10:45:00,2011-09-08 10:45:00,UNITED KINGDOM,0
18223.0,14,272,119,2948.0,10.838235294117647,0.0,18.0,2010-12-16 16:42:00,2011-12-05 09:11:00,UNITED KINGDOM,353
18224.0,1,10,10,69.0,6.9,0.0,18.0,2011-03-21 10:30:00,2011-03-21 10:30:00,UNITED KINGDOM,0
18225.0,12,269,152,3242.0,12.052044609665428,0.0,18.0,2010-12-09 15:46:00,2011-12-06 13:27:00,UNITED KINGDOM,361
18226.0,11,242,141,3466.0,14.322314049586776,0.0,18.0,2011-01-06 09:00:00,2011-10-26 13:36:00,UNITED KINGDOM,293
18227.0,1,5,5,21.0,4.2,0.0,18.0,2011-05-06 12:23:00,2011-05-06 12:23:00,UNITED KINGDOM,0
18228.0,2,30,24,238.0,7.933333333333334,0.0,18.0,2011-09-21 10:48:00,2011-10-14 09:21:00,UNITED KINGDOM,22
18229.0,20,164,67,2488.0,15.170731707317072,0.0,18.0,2010-12-01 16:25:00,2011-11-28 09:48:00,UNITED KINGDOM,361
18230.0,7,86,33,1316.0,15.30232558139535,0.0,18.0,2011-02-10 13:06:00,2011-11-30 13:22:00,UNITED KINGDOM,293
18231.0,5,123,106,819.0,6.658536585365853,0.0,18.0,2011-02-24 09:08:00,2011-05-31 14:18:00,UNITED KINGDOM,96
18232.0,4,37,31,302.0,8.162162162162161,0.0,18.0,2011-05-26 16:30:00,2011-09-19 11:49:00,UNITED KINGDOM,115
18233.0,1,1,1,4.0,4.0,110.0,110.0,2011-01-18 08:44:00,2011-01-18 08:44:00,UNITED KINGDOM,0
18235.0,3,104,100,1578.0,15.173076923076923,0.0,18.0,2011-05-06 13:35:00,2011-09-29 08:27:00,UNITED KINGDOM,145
18236.0,6,49,43,403.0,8.224489795918368,0.0,18.0,2011-04-13 09:52:00,2011-11-10 08:06:00,UNITED KINGDOM,210
18237.0,5,61,40,622.0,10.19672131147541,0.0,18.0,2011-07-28 13:05:00,2011-12-07 12:49:00,UNITED KINGDOM,131
18239.0,5,88,80,795.0,9.034090909090908,0.0,18.0,2010-12-02 17:48:00,2011-05-05 12:38:00,UNITED KINGDOM,153
18240.0,1,6,6,126.0,21.0,0.0,18.0,2011-10-24 13:06:00,2011-10-24 13:06:00,UNITED KINGDOM,0
18241.0,17,103,59,1047.0,10.16504854368932,0.0,18.0,2011-05-06 09:22:00,2011-11-30 12:10:00,UNITED KINGDOM,208
18242.0,4,78,72,1017.0,13.038461538461538,0.0,18.0,2011-05-10 11:20:00,2011-09-28 13:43:00,UNITED KINGDOM,141
18245.0,7,175,153,1788.0,10.217142857142857,0.0,18.0,2010-12-19 14:58:00,2011-12-02 14:48:00,UNITED KINGDOM,347
18246.0,2,4,3,166.0,41.5,0.0,18.0,2011-04-20 13:55:00,2011-11-16 11:49:00,UNITED KINGDOM,209
18248.0,2,47,39,511.0,10.872340425531915,0.0,18.0,2011-06-06 13:18:00,2011-08-09 10:19:00,UNITED KINGDOM,63
18249.0,1,8,8,128.0,16.0,0.0,18.0,2011-11-22 15:07:00,2011-11-22 15:07:00,UNITED KINGDOM,0
18250.0,1,21,21,199.0,9.476190476190476,0.0,18.0,2011-02-02 13:16:00,2011-02-02 13:16:00,UNITED KINGDOM,0
18251.0,1,16,16,7824.0,489.0,0.0,18.0,2011-09-13 15:03:00,2011-09-13 15:03:00,UNITED KINGDOM,0
18252.0,2,94,90,234.0,2.4893617021276597,0.0,18.0,2011-06-21 11:47:00,2011-10-20 12:43:00,UNITED KINGDOM,121
18255.0,1,6,6,74.0,12.333333333333334,0.0,18.0,2011-09-11 13:16:00,2011-09-11 13:16:00,UNITED KINGDOM,0
18257.0,8,118,99,1041.0,8.822033898305085,0.0,18.0,2011-02-16 15:13:00,2011-10-31 14:48:00,UNITED KINGDOM,256
18259.0,3,42,27,714.0,17.0,0.0,18.0,2010-12-08 13:38:00,2011-11-15 12:34:00,UNITED KINGDOM,341
18260.0,6,133,86,1475.0,11.090225563909774,0.0,18.0,2010-12-16 18:23:00,2011-06-20 12:37:00,UNITED KINGDOM,185
18261.0,2,21,19,146.0,6.9523809523809526,0.0,18.0,2011-09-05 09:34:00,2011-10-27 15:36:00,UNITED KINGDOM,52
18262.0,1,13,13,182.0,14.0,0.0,18.0,2011-07-22 16:04:00,2011-07-22 16:04:00,UNITED KINGDOM,0
18263.0,3,61,58,1468.0,24.065573770491802,0.0,18.0,2011-04-01 11:48:00,2011-11-14 09:00:00,UNITED KINGDOM,226
18265.0,2,46,44,311.0,6.760869565217392,30.0,15.0,2011-07-04 15:26:00,2011-09-28 14:10:00,UNITED KINGDOM,85
18268.0,1,1,1,2.0,2.0,0.0,18.0,2011-07-28 19:13:00,2011-07-28 19:13:00,UNITED KINGDOM,0
18269.0,1,7,7,76.0,10.857142857142858,0.0,18.0,2010-12-08 13:53:00,2010-12-08 13:53:00,UNITED KINGDOM,0
18270.0,2,11,11,101.0,9.181818181818182,0.0,18.0,2011-03-18 12:41:00,2011-11-01 13:57:00,UNITED KINGDOM,228
18272.0,6,166,101,2050.0,12.349397590361447,0.0,18.0,2011-04-07 09:35:00,2011-12-07 12:43:00,UNITED KINGDOM,244
18273.0,3,3,1,80.0,26.666666666666668,0.0,18.0,2011-03-27 11:22:00,2011-12-07 13:16:00,UNITED KINGDOM,255
18274.0,1,11,11,88.0,8.0,0.0,18.0,2011-11-09 17:03:00,2011-11-09 17:03:00,UNITED KINGDOM,0
18276.0,1,14,14,186.0,13.285714285714286,0.0,18.0,2011-10-27 10:54:00,2011-10-27 10:54:00,UNITED KINGDOM,0
18277.0,1,8,8,68.0,8.5,0.0,18.0,2011-10-12 15:22:00,2011-10-12 15:22:00,UNITED KINGDOM,0
18278.0,1,9,9,66.0,7.333333333333333,0.0,18.0,2011-09-27 11:58:00,2011-09-27 11:58:00,UNITED KINGDOM,0
18280.0,1,10,10,45.0,4.5,0.0,18.0,2011-03-07 09:52:00,2011-03-07 09:52:00,UNITED KINGDOM,0
18281.0,1,7,7,54.0,7.714285714285714,0.0,18.0,2011-06-12 10:53:00,2011-06-12 10:53:00,UNITED KINGDOM,0
18282.0,2,12,12,103.0,8.583333333333334,0.0,18.0,2011-08-05 13:35:00,2011-12-02 11:43:00,UNITED KINGDOM,118
18283.0,16,721,272,1357.0,1.882108183079057,4.0,4.0,2011-01-06 14:14:00,2011-12-06 12:02:00,UNITED KINGDOM,333
18287.0,3,70,59,1586.0,22.65714285714286,0.0,18.0,2011-05-22 10:39:00,2011-10-28 09:29:00,UNITED KINGDOM,158
